date,facility,condition,case_count
2022-01-01,Nairobi County Hospital,Malaria,4
2022-01-02,Nairobi County Hospital,Malaria,4
2022-01-03,Nairobi County Hospital,Malaria,5
2022-01-04,Nairobi County Hospital,Malaria,3
2022-01-05,Nairobi County Hospital,Malaria,6
2022-01-06,Nairobi County Hospital,Malaria,1
2022-01-07,Nairobi County Hospital,Malaria,6
2022-01-08,Nairobi County Hospital,Malaria,2
2022-01-09,Nairobi County Hospital,Malaria,6
2022-01-10,Nairobi County Hospital,Malaria,3
2022-01-11,Nairobi County Hospital,Malaria,1
2022-01-12,Nairobi County Hospital,Malaria,6
2022-01-13,Nairobi County Hospital,Malaria,3
2022-01-14,Nairobi County Hospital,Malaria,5
2022-01-15,Nairobi County Hospital,Malaria,3
2022-01-16,Nairobi County Hospital,Malaria,1
2022-01-17,Nairobi County Hospital,Malaria,5
2022-01-18,Nairobi County Hospital,Malaria,3
2022-01-19,Nairobi County Hospital,Malaria,3
2022-01-20,Nairobi County Hospital,Malaria,4
2022-01-21,Nairobi County Hospital,Malaria,3
2022-01-22,Nairobi County Hospital,Malaria,4
2022-01-23,Nairobi County Hospital,Malaria,5
2022-01-24,Nairobi County Hospital,Malaria,5
2022-01-25,Nairobi County Hospital,Malaria,7
2022-01-26,Nairobi County Hospital,Malaria,2
2022-01-27,Nairobi County Hospital,Malaria,2
2022-01-28,Nairobi County Hospital,Malaria,5
2022-01-29,Nairobi County Hospital,Malaria,2
2022-01-30,Nairobi County Hospital,Malaria,3
2022-01-31,Nairobi County Hospital,Malaria,6
2022-02-01,Nairobi County Hospital,Malaria,3
2022-02-02,Nairobi County Hospital,Malaria,4
2022-02-03,Nairobi County Hospital,Malaria,5
2022-02-04,Nairobi County Hospital,Malaria,7
2022-02-05,Nairobi County Hospital,Malaria,3
2022-02-06,Nairobi County Hospital,Malaria,10
2022-02-07,Nairobi County Hospital,Malaria,4
2022-02-08,Nairobi County Hospital,Malaria,3
2022-02-09,Nairobi County Hospital,Malaria,7
2022-02-10,Nairobi County Hospital,Malaria,1
2022-02-11,Nairobi County Hospital,Malaria,3
2022-02-12,Nairobi County Hospital,Malaria,6
2022-02-13,Nairobi County Hospital,Malaria,4
2022-02-14,Nairobi County Hospital,Malaria,4
2022-02-15,Nairobi County Hospital,Malaria,4
2022-02-16,Nairobi County Hospital,Malaria,6
2022-02-17,Nairobi County Hospital,Malaria,7
2022-02-18,Nairobi County Hospital,Malaria,7
2022-02-19,Nairobi County Hospital,Malaria,3
2022-02-20,Nairobi County Hospital,Malaria,4
2022-02-21,Nairobi County Hospital,Malaria,4
2022-02-22,Nairobi County Hospital,Malaria,1
2022-02-23,Nairobi County Hospital,Malaria,4
2022-02-24,Nairobi County Hospital,Malaria,5
2022-02-25,Nairobi County Hospital,Malaria,4
2022-02-26,Nairobi County Hospital,Malaria,4
2022-02-27,Nairobi County Hospital,Malaria,9
2022-02-28,Nairobi County Hospital,Malaria,7
2022-03-01,Nairobi County Hospital,Malaria,5
2022-03-02,Nairobi County Hospital,Malaria,11
2022-03-03,Nairobi County Hospital,Malaria,7
2022-03-04,Nairobi County Hospital,Malaria,4
2022-03-05,Nairobi County Hospital,Malaria,8
2022-03-06,Nairobi County Hospital,Malaria,8
2022-03-07,Nairobi County Hospital,Malaria,4
2022-03-08,Nairobi County Hospital,Malaria,9
2022-03-09,Nairobi County Hospital,Malaria,6
2022-03-10,Nairobi County Hospital,Malaria,10
2022-03-11,Nairobi County Hospital,Malaria,5
2022-03-12,Nairobi County Hospital,Malaria,8
2022-03-13,Nairobi County Hospital,Malaria,6
2022-03-14,Nairobi County Hospital,Malaria,2
2022-03-15,Nairobi County Hospital,Malaria,5
2022-03-16,Nairobi County Hospital,Malaria,5
2022-03-17,Nairobi County Hospital,Malaria,7
2022-03-18,Nairobi County Hospital,Malaria,8
2022-03-19,Nairobi County Hospital,Malaria,4
2022-03-20,Nairobi County Hospital,Malaria,4
2022-03-21,Nairobi County Hospital,Malaria,12
2022-03-22,Nairobi County Hospital,Malaria,5
2022-03-23,Nairobi County Hospital,Malaria,8
2022-03-24,Nairobi County Hospital,Malaria,5
2022-03-25,Nairobi County Hospital,Malaria,13
2022-03-26,Nairobi County Hospital,Malaria,6
2022-03-27,Nairobi County Hospital,Malaria,4
2022-03-28,Nairobi County Hospital,Malaria,6
2022-03-29,Nairobi County Hospital,Malaria,11
2022-03-30,Nairobi County Hospital,Malaria,9
2022-03-31,Nairobi County Hospital,Malaria,6
2022-04-01,Nairobi County Hospital,Malaria,4
2022-04-02,Nairobi County Hospital,Malaria,7
2022-04-03,Nairobi County Hospital,Malaria,7
2022-04-04,Nairobi County Hospital,Malaria,12
2022-04-05,Nairobi County Hospital,Malaria,3
2022-04-06,Nairobi County Hospital,Malaria,5
2022-04-07,Nairobi County Hospital,Malaria,18
2022-04-08,Nairobi County Hospital,Malaria,6
2022-04-09,Nairobi County Hospital,Malaria,10
2022-04-10,Nairobi County Hospital,Malaria,4
2022-04-11,Nairobi County Hospital,Malaria,8
2022-04-12,Nairobi County Hospital,Malaria,8
2022-04-13,Nairobi County Hospital,Malaria,7
2022-04-14,Nairobi County Hospital,Malaria,12
2022-04-15,Nairobi County Hospital,Malaria,5
2022-04-16,Nairobi County Hospital,Malaria,10
2022-04-17,Nairobi County Hospital,Malaria,8
2022-04-18,Nairobi County Hospital,Malaria,14
2022-04-19,Nairobi County Hospital,Malaria,7
2022-04-20,Nairobi County Hospital,Malaria,5
2022-04-21,Nairobi County Hospital,Malaria,5
2022-04-22,Nairobi County Hospital,Malaria,3
2022-04-23,Nairobi County Hospital,Malaria,2
2022-04-24,Nairobi County Hospital,Malaria,8
2022-04-25,Nairobi County Hospital,Malaria,7
2022-04-26,Nairobi County Hospital,Malaria,3
2022-04-27,Nairobi County Hospital,Malaria,4
2022-04-28,Nairobi County Hospital,Malaria,6
2022-04-29,Nairobi County Hospital,Malaria,13
2022-04-30,Nairobi County Hospital,Malaria,3
2022-05-01,Nairobi County Hospital,Malaria,5
2022-05-02,Nairobi County Hospital,Malaria,8
2022-05-03,Nairobi County Hospital,Malaria,8
2022-05-04,Nairobi County Hospital,Malaria,5
2022-05-05,Nairobi County Hospital,Malaria,14
2022-05-06,Nairobi County Hospital,Malaria,9
2022-05-07,Nairobi County Hospital,Malaria,12
2022-05-08,Nairobi County Hospital,Malaria,7
2022-05-09,Nairobi County Hospital,Malaria,13
2022-05-10,Nairobi County Hospital,Malaria,7
2022-05-11,Nairobi County Hospital,Malaria,8
2022-05-12,Nairobi County Hospital,Malaria,13
2022-05-13,Nairobi County Hospital,Malaria,7
2022-05-14,Nairobi County Hospital,Malaria,8
2022-05-15,Nairobi County Hospital,Malaria,6
2022-05-16,Nairobi County Hospital,Malaria,11
2022-05-17,Nairobi County Hospital,Malaria,10
2022-05-18,Nairobi County Hospital,Malaria,7
2022-05-19,Nairobi County Hospital,Malaria,11
2022-05-20,Nairobi County Hospital,Malaria,9
2022-05-21,Nairobi County Hospital,Malaria,5
2022-05-22,Nairobi County Hospital,Malaria,4
2022-05-23,Nairobi County Hospital,Malaria,13
2022-05-24,Nairobi County Hospital,Malaria,17
2022-05-25,Nairobi County Hospital,Malaria,7
2022-05-26,Nairobi County Hospital,Malaria,8
2022-05-27,Nairobi County Hospital,Malaria,13
2022-05-28,Nairobi County Hospital,Malaria,8
2022-05-29,Nairobi County Hospital,Malaria,13
2022-05-30,Nairobi County Hospital,Malaria,9
2022-05-31,Nairobi County Hospital,Malaria,9
2022-06-01,Nairobi County Hospital,Malaria,10
2022-06-02,Nairobi County Hospital,Malaria,13
2022-06-03,Nairobi County Hospital,Malaria,11
2022-06-04,Nairobi County Hospital,Malaria,6
2022-06-05,Nairobi County Hospital,Malaria,2
2022-06-06,Nairobi County Hospital,Malaria,8
2022-06-07,Nairobi County Hospital,Malaria,11
2022-06-08,Nairobi County Hospital,Malaria,5
2022-06-09,Nairobi County Hospital,Malaria,12
2022-06-10,Nairobi County Hospital,Malaria,7
2022-06-11,Nairobi County Hospital,Malaria,10
2022-06-12,Nairobi County Hospital,Malaria,3
2022-06-13,Nairobi County Hospital,Malaria,9
2022-06-14,Nairobi County Hospital,Malaria,7
2022-06-15,Nairobi County Hospital,Malaria,6
2022-06-16,Nairobi County Hospital,Malaria,6
2022-06-17,Nairobi County Hospital,Malaria,9
2022-06-18,Nairobi County Hospital,Malaria,11
2022-06-19,Nairobi County Hospital,Malaria,6
2022-06-20,Nairobi County Hospital,Malaria,12
2022-06-21,Nairobi County Hospital,Malaria,8
2022-06-22,Nairobi County Hospital,Malaria,9
2022-06-23,Nairobi County Hospital,Malaria,6
2022-06-24,Nairobi County Hospital,Malaria,6
2022-06-25,Nairobi County Hospital,Malaria,11
2022-06-26,Nairobi County Hospital,Malaria,9
2022-06-27,Nairobi County Hospital,Malaria,9
2022-06-28,Nairobi County Hospital,Malaria,7
2022-06-29,Nairobi County Hospital,Malaria,7
2022-06-30,Nairobi County Hospital,Malaria,9
2022-07-01,Nairobi County Hospital,Malaria,7
2022-07-02,Nairobi County Hospital,Malaria,7
2022-07-03,Nairobi County Hospital,Malaria,10
2022-07-04,Nairobi County Hospital,Malaria,13
2022-07-05,Nairobi County Hospital,Malaria,6
2022-07-06,Nairobi County Hospital,Malaria,8
2022-07-07,Nairobi County Hospital,Malaria,8
2022-07-08,Nairobi County Hospital,Malaria,10
2022-07-09,Nairobi County Hospital,Malaria,8
2022-07-10,Nairobi County Hospital,Malaria,8
2022-07-11,Nairobi County Hospital,Malaria,6
2022-07-12,Nairobi County Hospital,Malaria,12
2022-07-13,Nairobi County Hospital,Malaria,10
2022-07-14,Nairobi County Hospital,Malaria,8
2022-07-15,Nairobi County Hospital,Malaria,9
2022-07-16,Nairobi County Hospital,Malaria,6
2022-07-17,Nairobi County Hospital,Malaria,7
2022-07-18,Nairobi County Hospital,Malaria,6
2022-07-19,Nairobi County Hospital,Malaria,13
2022-07-20,Nairobi County Hospital,Malaria,7
2022-07-21,Nairobi County Hospital,Malaria,13
2022-07-22,Nairobi County Hospital,Malaria,7
2022-07-23,Nairobi County Hospital,Malaria,7
2022-07-24,Nairobi County Hospital,Malaria,8
2022-07-25,Nairobi County Hospital,Malaria,3
2022-07-26,Nairobi County Hospital,Malaria,5
2022-07-27,Nairobi County Hospital,Malaria,8
2022-07-28,Nairobi County Hospital,Malaria,10
2022-07-29,Nairobi County Hospital,Malaria,8
2022-07-30,Nairobi County Hospital,Malaria,6
2022-07-31,Nairobi County Hospital,Malaria,8
2022-08-01,Nairobi County Hospital,Malaria,14
2022-08-02,Nairobi County Hospital,Malaria,8
2022-08-03,Nairobi County Hospital,Malaria,13
2022-08-04,Nairobi County Hospital,Malaria,12
2022-08-05,Nairobi County Hospital,Malaria,5
2022-08-06,Nairobi County Hospital,Malaria,5
2022-08-07,Nairobi County Hospital,Malaria,9
2022-08-08,Nairobi County Hospital,Malaria,8
2022-08-09,Nairobi County Hospital,Malaria,10
2022-08-10,Nairobi County Hospital,Malaria,3
2022-08-11,Nairobi County Hospital,Malaria,9
2022-08-12,Nairobi County Hospital,Malaria,7
2022-08-13,Nairobi County Hospital,Malaria,6
2022-08-14,Nairobi County Hospital,Malaria,6
2022-08-15,Nairobi County Hospital,Malaria,8
2022-08-16,Nairobi County Hospital,Malaria,5
2022-08-17,Nairobi County Hospital,Malaria,11
2022-08-18,Nairobi County Hospital,Malaria,8
2022-08-19,Nairobi County Hospital,Malaria,2
2022-08-20,Nairobi County Hospital,Malaria,5
2022-08-21,Nairobi County Hospital,Malaria,7
2022-08-22,Nairobi County Hospital,Malaria,8
2022-08-23,Nairobi County Hospital,Malaria,14
2022-08-24,Nairobi County Hospital,Malaria,9
2022-08-25,Nairobi County Hospital,Malaria,5
2022-08-26,Nairobi County Hospital,Malaria,4
2022-08-27,Nairobi County Hospital,Malaria,3
2022-08-28,Nairobi County Hospital,Malaria,3
2022-08-29,Nairobi County Hospital,Malaria,6
2022-08-30,Nairobi County Hospital,Malaria,5
2022-08-31,Nairobi County Hospital,Malaria,7
2022-09-01,Nairobi County Hospital,Malaria,3
2022-09-02,Nairobi County Hospital,Malaria,8
2022-09-03,Nairobi County Hospital,Malaria,2
2022-09-04,Nairobi County Hospital,Malaria,5
2022-09-05,Nairobi County Hospital,Malaria,4
2022-09-06,Nairobi County Hospital,Malaria,10
2022-09-07,Nairobi County Hospital,Malaria,5
2022-09-08,Nairobi County Hospital,Malaria,6
2022-09-09,Nairobi County Hospital,Malaria,8
2022-09-10,Nairobi County Hospital,Malaria,5
2022-09-11,Nairobi County Hospital,Malaria,3
2022-09-12,Nairobi County Hospital,Malaria,9
2022-09-13,Nairobi County Hospital,Malaria,5
2022-09-14,Nairobi County Hospital,Malaria,4
2022-09-15,Nairobi County Hospital,Malaria,2
2022-09-16,Nairobi County Hospital,Malaria,3
2022-09-17,Nairobi County Hospital,Malaria,5
2022-09-18,Nairobi County Hospital,Malaria,1
2022-09-19,Nairobi County Hospital,Malaria,4
2022-09-20,Nairobi County Hospital,Malaria,4
2022-09-21,Nairobi County Hospital,Malaria,6
2022-09-22,Nairobi County Hospital,Malaria,3
2022-09-23,Nairobi County Hospital,Malaria,6
2022-09-24,Nairobi County Hospital,Malaria,2
2022-09-25,Nairobi County Hospital,Malaria,3
2022-09-26,Nairobi County Hospital,Malaria,6
2022-09-27,Nairobi County Hospital,Malaria,5
2022-09-28,Nairobi County Hospital,Malaria,2
2022-09-29,Nairobi County Hospital,Malaria,4
2022-09-30,Nairobi County Hospital,Malaria,6
2022-10-01,Nairobi County Hospital,Malaria,2
2022-10-02,Nairobi County Hospital,Malaria,2
2022-10-03,Nairobi County Hospital,Malaria,8
2022-10-04,Nairobi County Hospital,Malaria,3
2022-10-05,Nairobi County Hospital,Malaria,1
2022-10-06,Nairobi County Hospital,Malaria,2
2022-10-07,Nairobi County Hospital,Malaria,2
2022-10-08,Nairobi County Hospital,Malaria,1
2022-10-09,Nairobi County Hospital,Malaria,2
2022-10-10,Nairobi County Hospital,Malaria,2
2022-10-11,Nairobi County Hospital,Malaria,1
2022-10-12,Nairobi County Hospital,Malaria,10
2022-10-13,Nairobi County Hospital,Malaria,4
2022-10-14,Nairobi County Hospital,Malaria,4
2022-10-15,Nairobi County Hospital,Malaria,4
2022-10-16,Nairobi County Hospital,Malaria,2
2022-10-17,Nairobi County Hospital,Malaria,3
2022-10-18,Nairobi County Hospital,Malaria,5
2022-10-19,Nairobi County Hospital,Malaria,3
2022-10-20,Nairobi County Hospital,Malaria,4
2022-10-21,Nairobi County Hospital,Malaria,6
2022-10-22,Nairobi County Hospital,Malaria,4
2022-10-23,Nairobi County Hospital,Malaria,2
2022-10-24,Nairobi County Hospital,Malaria,3
2022-10-25,Nairobi County Hospital,Malaria,2
2022-10-26,Nairobi County Hospital,Malaria,4
2022-10-27,Nairobi County Hospital,Malaria,3
2022-10-28,Nairobi County Hospital,Malaria,5
2022-10-29,Nairobi County Hospital,Malaria,3
2022-10-30,Nairobi County Hospital,Malaria,3
2022-10-31,Nairobi County Hospital,Malaria,3
2022-11-01,Nairobi County Hospital,Malaria,1
2022-11-02,Nairobi County Hospital,Malaria,2
2022-11-03,Nairobi County Hospital,Malaria,4
2022-11-04,Nairobi County Hospital,Malaria,3
2022-11-05,Nairobi County Hospital,Malaria,2
2022-11-06,Nairobi County Hospital,Malaria,1
2022-11-07,Nairobi County Hospital,Malaria,4
2022-11-08,Nairobi County Hospital,Malaria,6
2022-11-09,Nairobi County Hospital,Malaria,4
2022-11-10,Nairobi County Hospital,Malaria,3
2022-11-11,Nairobi County Hospital,Malaria,7
2022-11-12,Nairobi County Hospital,Malaria,3
2022-11-13,Nairobi County Hospital,Malaria,2
2022-11-14,Nairobi County Hospital,Malaria,2
2022-11-15,Nairobi County Hospital,Malaria,3
2022-11-16,Nairobi County Hospital,Malaria,4
2022-11-17,Nairobi County Hospital,Malaria,0
2022-11-18,Nairobi County Hospital,Malaria,1
2022-11-19,Nairobi County Hospital,Malaria,0
2022-11-20,Nairobi County Hospital,Malaria,5
2022-11-21,Nairobi County Hospital,Malaria,3
2022-11-22,Nairobi County Hospital,Malaria,3
2022-11-23,Nairobi County Hospital,Malaria,2
2022-11-24,Nairobi County Hospital,Malaria,4
2022-11-25,Nairobi County Hospital,Malaria,1
2022-11-26,Nairobi County Hospital,Malaria,1
2022-11-27,Nairobi County Hospital,Malaria,2
2022-11-28,Nairobi County Hospital,Malaria,5
2022-11-29,Nairobi County Hospital,Malaria,5
2022-11-30,Nairobi County Hospital,Malaria,1
2022-12-01,Nairobi County Hospital,Malaria,3
2022-12-02,Nairobi County Hospital,Malaria,3
2022-12-03,Nairobi County Hospital,Malaria,0
2022-12-04,Nairobi County Hospital,Malaria,3
2022-12-05,Nairobi County Hospital,Malaria,4
2022-12-06,Nairobi County Hospital,Malaria,1
2022-12-07,Nairobi County Hospital,Malaria,5
2022-12-08,Nairobi County Hospital,Malaria,3
2022-12-09,Nairobi County Hospital,Malaria,2
2022-12-10,Nairobi County Hospital,Malaria,3
2022-12-11,Nairobi County Hospital,Malaria,3
2022-12-12,Nairobi County Hospital,Malaria,0
2022-12-13,Nairobi County Hospital,Malaria,1
2022-12-14,Nairobi County Hospital,Malaria,1
2022-12-15,Nairobi County Hospital,Malaria,2
2022-12-16,Nairobi County Hospital,Malaria,2
2022-12-17,Nairobi County Hospital,Malaria,3
2022-12-18,Nairobi County Hospital,Malaria,2
2022-12-19,Nairobi County Hospital,Malaria,6
2022-12-20,Nairobi County Hospital,Malaria,6
2022-12-21,Nairobi County Hospital,Malaria,1
2022-12-22,Nairobi County Hospital,Malaria,1
2022-12-23,Nairobi County Hospital,Malaria,2
2022-12-24,Nairobi County Hospital,Malaria,3
2022-12-25,Nairobi County Hospital,Malaria,1
2022-12-26,Nairobi County Hospital,Malaria,7
2022-12-27,Nairobi County Hospital,Malaria,5
2022-12-28,Nairobi County Hospital,Malaria,3
2022-12-29,Nairobi County Hospital,Malaria,1
2022-12-30,Nairobi County Hospital,Malaria,7
2022-12-31,Nairobi County Hospital,Malaria,2
2023-01-01,Nairobi County Hospital,Malaria,3
2023-01-02,Nairobi County Hospital,Malaria,6
2023-01-03,Nairobi County Hospital,Malaria,5
2023-01-04,Nairobi County Hospital,Malaria,2
2023-01-05,Nairobi County Hospital,Malaria,3
2023-01-06,Nairobi County Hospital,Malaria,5
2023-01-07,Nairobi County Hospital,Malaria,3
2023-01-08,Nairobi County Hospital,Malaria,6
2023-01-09,Nairobi County Hospital,Malaria,2
2023-01-10,Nairobi County Hospital,Malaria,2
2023-01-11,Nairobi County Hospital,Malaria,6
2023-01-12,Nairobi County Hospital,Malaria,2
2023-01-13,Nairobi County Hospital,Malaria,2
2023-01-14,Nairobi County Hospital,Malaria,2
2023-01-15,Nairobi County Hospital,Malaria,3
2023-01-16,Nairobi County Hospital,Malaria,7
2023-01-17,Nairobi County Hospital,Malaria,4
2023-01-18,Nairobi County Hospital,Malaria,4
2023-01-19,Nairobi County Hospital,Malaria,4
2023-01-20,Nairobi County Hospital,Malaria,5
2023-01-21,Nairobi County Hospital,Malaria,1
2023-01-22,Nairobi County Hospital,Malaria,2
2023-01-23,Nairobi County Hospital,Malaria,6
2023-01-24,Nairobi County Hospital,Malaria,3
2023-01-25,Nairobi County Hospital,Malaria,7
2023-01-26,Nairobi County Hospital,Malaria,3
2023-01-27,Nairobi County Hospital,Malaria,1
2023-01-28,Nairobi County Hospital,Malaria,3
2023-01-29,Nairobi County Hospital,Malaria,5
2023-01-30,Nairobi County Hospital,Malaria,6
2023-01-31,Nairobi County Hospital,Malaria,3
2023-02-01,Nairobi County Hospital,Malaria,8
2023-02-02,Nairobi County Hospital,Malaria,9
2023-02-03,Nairobi County Hospital,Malaria,4
2023-02-04,Nairobi County Hospital,Malaria,4
2023-02-05,Nairobi County Hospital,Malaria,4
2023-02-06,Nairobi County Hospital,Malaria,13
2023-02-07,Nairobi County Hospital,Malaria,5
2023-02-08,Nairobi County Hospital,Malaria,7
2023-02-09,Nairobi County Hospital,Malaria,7
2023-02-10,Nairobi County Hospital,Malaria,8
2023-02-11,Nairobi County Hospital,Malaria,6
2023-02-12,Nairobi County Hospital,Malaria,5
2023-02-13,Nairobi County Hospital,Malaria,9
2023-02-14,Nairobi County Hospital,Malaria,5
2023-02-15,Nairobi County Hospital,Malaria,4
2023-02-16,Nairobi County Hospital,Malaria,7
2023-02-17,Nairobi County Hospital,Malaria,3
2023-02-18,Nairobi County Hospital,Malaria,4
2023-02-19,Nairobi County Hospital,Malaria,4
2023-02-20,Nairobi County Hospital,Malaria,6
2023-02-21,Nairobi County Hospital,Malaria,3
2023-02-22,Nairobi County Hospital,Malaria,10
2023-02-23,Nairobi County Hospital,Malaria,7
2023-02-24,Nairobi County Hospital,Malaria,7
2023-02-25,Nairobi County Hospital,Malaria,2
2023-02-26,Nairobi County Hospital,Malaria,7
2023-02-27,Nairobi County Hospital,Malaria,11
2023-02-28,Nairobi County Hospital,Malaria,3
2023-03-01,Nairobi County Hospital,Malaria,4
2023-03-02,Nairobi County Hospital,Malaria,3
2023-03-03,Nairobi County Hospital,Malaria,7
2023-03-04,Nairobi County Hospital,Malaria,8
2023-03-05,Nairobi County Hospital,Malaria,7
2023-03-06,Nairobi County Hospital,Malaria,6
2023-03-07,Nairobi County Hospital,Malaria,6
2023-03-08,Nairobi County Hospital,Malaria,9
2023-03-09,Nairobi County Hospital,Malaria,5
2023-03-10,Nairobi County Hospital,Malaria,4
2023-03-11,Nairobi County Hospital,Malaria,4
2023-03-12,Nairobi County Hospital,Malaria,3
2023-03-13,Nairobi County Hospital,Malaria,4
2023-03-14,Nairobi County Hospital,Malaria,6
2023-03-15,Nairobi County Hospital,Malaria,9
2023-03-16,Nairobi County Hospital,Malaria,8
2023-03-17,Nairobi County Hospital,Malaria,4
2023-03-18,Nairobi County Hospital,Malaria,2
2023-03-19,Nairobi County Hospital,Malaria,7
2023-03-20,Nairobi County Hospital,Malaria,7
2023-03-21,Nairobi County Hospital,Malaria,4
2023-03-22,Nairobi County Hospital,Malaria,8
2023-03-23,Nairobi County Hospital,Malaria,4
2023-03-24,Nairobi County Hospital,Malaria,8
2023-03-25,Nairobi County Hospital,Malaria,5
2023-03-26,Nairobi County Hospital,Malaria,10
2023-03-27,Nairobi County Hospital,Malaria,3
2023-03-28,Nairobi County Hospital,Malaria,9
2023-03-29,Nairobi County Hospital,Malaria,8
2023-03-30,Nairobi County Hospital,Malaria,7
2023-03-31,Nairobi County Hospital,Malaria,8
2023-04-01,Nairobi County Hospital,Malaria,7
2023-04-02,Nairobi County Hospital,Malaria,5
2023-04-03,Nairobi County Hospital,Malaria,13
2023-04-04,Nairobi County Hospital,Malaria,9
2023-04-05,Nairobi County Hospital,Malaria,8
2023-04-06,Nairobi County Hospital,Malaria,11
2023-04-07,Nairobi County Hospital,Malaria,12
2023-04-08,Nairobi County Hospital,Malaria,5
2023-04-09,Nairobi County Hospital,Malaria,9
2023-04-10,Nairobi County Hospital,Malaria,8
2023-04-11,Nairobi County Hospital,Malaria,6
2023-04-12,Nairobi County Hospital,Malaria,9
2023-04-13,Nairobi County Hospital,Malaria,10
2023-04-14,Nairobi County Hospital,Malaria,1
2023-04-15,Nairobi County Hospital,Malaria,5
2023-04-16,Nairobi County Hospital,Malaria,8
2023-04-17,Nairobi County Hospital,Malaria,9
2023-04-18,Nairobi County Hospital,Malaria,5
2023-04-19,Nairobi County Hospital,Malaria,6
2023-04-20,Nairobi County Hospital,Malaria,6
2023-04-21,Nairobi County Hospital,Malaria,10
2023-04-22,Nairobi County Hospital,Malaria,2
2023-04-23,Nairobi County Hospital,Malaria,7
2023-04-24,Nairobi County Hospital,Malaria,9
2023-04-25,Nairobi County Hospital,Malaria,6
2023-04-26,Nairobi County Hospital,Malaria,9
2023-04-27,Nairobi County Hospital,Malaria,10
2023-04-28,Nairobi County Hospital,Malaria,4
2023-04-29,Nairobi County Hospital,Malaria,5
2023-04-30,Nairobi County Hospital,Malaria,12
2023-05-01,Nairobi County Hospital,Malaria,4
2023-05-02,Nairobi County Hospital,Malaria,12
2023-05-03,Nairobi County Hospital,Malaria,7
2023-05-04,Nairobi County Hospital,Malaria,3
2023-05-05,Nairobi County Hospital,Malaria,8
2023-05-06,Nairobi County Hospital,Malaria,6
2023-05-07,Nairobi County Hospital,Malaria,6
2023-05-08,Nairobi County Hospital,Malaria,9
2023-05-09,Nairobi County Hospital,Malaria,8
2023-05-10,Nairobi County Hospital,Malaria,8
2023-05-11,Nairobi County Hospital,Malaria,10
2023-05-12,Nairobi County Hospital,Malaria,8
2023-05-13,Nairobi County Hospital,Malaria,10
2023-05-14,Nairobi County Hospital,Malaria,5
2023-05-15,Nairobi County Hospital,Malaria,11
2023-05-16,Nairobi County Hospital,Malaria,6
2023-05-17,Nairobi County Hospital,Malaria,9
2023-05-18,Nairobi County Hospital,Malaria,11
2023-05-19,Nairobi County Hospital,Malaria,7
2023-05-20,Nairobi County Hospital,Malaria,5
2023-05-21,Nairobi County Hospital,Malaria,6
2023-05-22,Nairobi County Hospital,Malaria,7
2023-05-23,Nairobi County Hospital,Malaria,17
2023-05-24,Nairobi County Hospital,Malaria,5
2023-05-25,Nairobi County Hospital,Malaria,10
2023-05-26,Nairobi County Hospital,Malaria,19
2023-05-27,Nairobi County Hospital,Malaria,7
2023-05-28,Nairobi County Hospital,Malaria,5
2023-05-29,Nairobi County Hospital,Malaria,11
2023-05-30,Nairobi County Hospital,Malaria,17
2023-05-31,Nairobi County Hospital,Malaria,10
2023-06-01,Nairobi County Hospital,Malaria,13
2023-06-02,Nairobi County Hospital,Malaria,9
2023-06-03,Nairobi County Hospital,Malaria,4
2023-06-04,Nairobi County Hospital,Malaria,9
2023-06-05,Nairobi County Hospital,Malaria,12
2023-06-06,Nairobi County Hospital,Malaria,9
2023-06-07,Nairobi County Hospital,Malaria,4
2023-06-08,Nairobi County Hospital,Malaria,8
2023-06-09,Nairobi County Hospital,Malaria,5
2023-06-10,Nairobi County Hospital,Malaria,7
2023-06-11,Nairobi County Hospital,Malaria,10
2023-06-12,Nairobi County Hospital,Malaria,6
2023-06-13,Nairobi County Hospital,Malaria,7
2023-06-14,Nairobi County Hospital,Malaria,4
2023-06-15,Nairobi County Hospital,Malaria,7
2023-06-16,Nairobi County Hospital,Malaria,25
2023-06-17,Nairobi County Hospital,Malaria,8
2023-06-18,Nairobi County Hospital,Malaria,7
2023-06-19,Nairobi County Hospital,Malaria,9
2023-06-20,Nairobi County Hospital,Malaria,7
2023-06-21,Nairobi County Hospital,Malaria,15
2023-06-22,Nairobi County Hospital,Malaria,8
2023-06-23,Nairobi County Hospital,Malaria,7
2023-06-24,Nairobi County Hospital,Malaria,3
2023-06-25,Nairobi County Hospital,Malaria,8
2023-06-26,Nairobi County Hospital,Malaria,9
2023-06-27,Nairobi County Hospital,Malaria,12
2023-06-28,Nairobi County Hospital,Malaria,11
2023-06-29,Nairobi County Hospital,Malaria,10
2023-06-30,Nairobi County Hospital,Malaria,7
2023-07-01,Nairobi County Hospital,Malaria,5
2023-07-02,Nairobi County Hospital,Malaria,4
2023-07-03,Nairobi County Hospital,Malaria,11
2023-07-04,Nairobi County Hospital,Malaria,9
2023-07-05,Nairobi County Hospital,Malaria,15
2023-07-06,Nairobi County Hospital,Malaria,11
2023-07-07,Nairobi County Hospital,Malaria,8
2023-07-08,Nairobi County Hospital,Malaria,3
2023-07-09,Nairobi County Hospital,Malaria,5
2023-07-10,Nairobi County Hospital,Malaria,11
2023-07-11,Nairobi County Hospital,Malaria,6
2023-07-12,Nairobi County Hospital,Malaria,6
2023-07-13,Nairobi County Hospital,Malaria,3
2023-07-14,Nairobi County Hospital,Malaria,7
2023-07-15,Nairobi County Hospital,Malaria,8
2023-07-16,Nairobi County Hospital,Malaria,2
2023-07-17,Nairobi County Hospital,Malaria,8
2023-07-18,Nairobi County Hospital,Malaria,6
2023-07-19,Nairobi County Hospital,Malaria,7
2023-07-20,Nairobi County Hospital,Malaria,13
2023-07-21,Nairobi County Hospital,Malaria,10
2023-07-22,Nairobi County Hospital,Malaria,11
2023-07-23,Nairobi County Hospital,Malaria,8
2023-07-24,Nairobi County Hospital,Malaria,6
2023-07-25,Nairobi County Hospital,Malaria,8
2023-07-26,Nairobi County Hospital,Malaria,6
2023-07-27,Nairobi County Hospital,Malaria,10
2023-07-28,Nairobi County Hospital,Malaria,11
2023-07-29,Nairobi County Hospital,Malaria,11
2023-07-30,Nairobi County Hospital,Malaria,9
2023-07-31,Nairobi County Hospital,Malaria,8
2023-08-01,Nairobi County Hospital,Malaria,5
2023-08-02,Nairobi County Hospital,Malaria,4
2023-08-03,Nairobi County Hospital,Malaria,7
2023-08-04,Nairobi County Hospital,Malaria,5
2023-08-05,Nairobi County Hospital,Malaria,13
2023-08-06,Nairobi County Hospital,Malaria,4
2023-08-07,Nairobi County Hospital,Malaria,7
2023-08-08,Nairobi County Hospital,Malaria,5
2023-08-09,Nairobi County Hospital,Malaria,6
2023-08-10,Nairobi County Hospital,Malaria,7
2023-08-11,Nairobi County Hospital,Malaria,4
2023-08-12,Nairobi County Hospital,Malaria,5
2023-08-13,Nairobi County Hospital,Malaria,5
2023-08-14,Nairobi County Hospital,Malaria,10
2023-08-15,Nairobi County Hospital,Malaria,4
2023-08-16,Nairobi County Hospital,Malaria,4
2023-08-17,Nairobi County Hospital,Malaria,6
2023-08-18,Nairobi County Hospital,Malaria,12
2023-08-19,Nairobi County Hospital,Malaria,4
2023-08-20,Nairobi County Hospital,Malaria,5
2023-08-21,Nairobi County Hospital,Malaria,4
2023-08-22,Nairobi County Hospital,Malaria,7
2023-08-23,Nairobi County Hospital,Malaria,4
2023-08-24,Nairobi County Hospital,Malaria,7
2023-08-25,Nairobi County Hospital,Malaria,2
2023-08-26,Nairobi County Hospital,Malaria,7
2023-08-27,Nairobi County Hospital,Malaria,3
2023-08-28,Nairobi County Hospital,Malaria,6
2023-08-29,Nairobi County Hospital,Malaria,1
2023-08-30,Nairobi County Hospital,Malaria,3
2023-08-31,Nairobi County Hospital,Malaria,9
2023-09-01,Nairobi County Hospital,Malaria,2
2023-09-02,Nairobi County Hospital,Malaria,8
2023-09-03,Nairobi County Hospital,Malaria,5
2023-09-04,Nairobi County Hospital,Malaria,4
2023-09-05,Nairobi County Hospital,Malaria,5
2023-09-06,Nairobi County Hospital,Malaria,7
2023-09-07,Nairobi County Hospital,Malaria,7
2023-09-08,Nairobi County Hospital,Malaria,6
2023-09-09,Nairobi County Hospital,Malaria,6
2023-09-10,Nairobi County Hospital,Malaria,3
2023-09-11,Nairobi County Hospital,Malaria,3
2023-09-12,Nairobi County Hospital,Malaria,0
2023-09-13,Nairobi County Hospital,Malaria,4
2023-09-14,Nairobi County Hospital,Malaria,4
2023-09-15,Nairobi County Hospital,Malaria,4
2023-09-16,Nairobi County Hospital,Malaria,5
2023-09-17,Nairobi County Hospital,Malaria,2
2023-09-18,Nairobi County Hospital,Malaria,5
2023-09-19,Nairobi County Hospital,Malaria,5
2023-09-20,Nairobi County Hospital,Malaria,3
2023-09-21,Nairobi County Hospital,Malaria,6
2023-09-22,Nairobi County Hospital,Malaria,5
2023-09-23,Nairobi County Hospital,Malaria,2
2023-09-24,Nairobi County Hospital,Malaria,7
2023-09-25,Nairobi County Hospital,Malaria,4
2023-09-26,Nairobi County Hospital,Malaria,5
2023-09-27,Nairobi County Hospital,Malaria,6
2023-09-28,Nairobi County Hospital,Malaria,4
2023-09-29,Nairobi County Hospital,Malaria,5
2023-09-30,Nairobi County Hospital,Malaria,2
2023-10-01,Nairobi County Hospital,Malaria,4
2023-10-02,Nairobi County Hospital,Malaria,5
2023-10-03,Nairobi County Hospital,Malaria,6
2023-10-04,Nairobi County Hospital,Malaria,4
2023-10-05,Nairobi County Hospital,Malaria,2
2023-10-06,Nairobi County Hospital,Malaria,3
2023-10-07,Nairobi County Hospital,Malaria,4
2023-10-08,Nairobi County Hospital,Malaria,2
2023-10-09,Nairobi County Hospital,Malaria,5
2023-10-10,Nairobi County Hospital,Malaria,5
2023-10-11,Nairobi County Hospital,Malaria,3
2023-10-12,Nairobi County Hospital,Malaria,4
2023-10-13,Nairobi County Hospital,Malaria,3
2023-10-14,Nairobi County Hospital,Malaria,2
2023-10-15,Nairobi County Hospital,Malaria,9
2023-10-16,Nairobi County Hospital,Malaria,3
2023-10-17,Nairobi County Hospital,Malaria,4
2023-10-18,Nairobi County Hospital,Malaria,7
2023-10-19,Nairobi County Hospital,Malaria,4
2023-10-20,Nairobi County Hospital,Malaria,3
2023-10-21,Nairobi County Hospital,Malaria,3
2023-10-22,Nairobi County Hospital,Malaria,4
2023-10-23,Nairobi County Hospital,Malaria,3
2023-10-24,Nairobi County Hospital,Malaria,3
2023-10-25,Nairobi County Hospital,Malaria,2
2023-10-26,Nairobi County Hospital,Malaria,2
2023-10-27,Nairobi County Hospital,Malaria,1
2023-10-28,Nairobi County Hospital,Malaria,1
2023-10-29,Nairobi County Hospital,Malaria,4
2023-10-30,Nairobi County Hospital,Malaria,4
2023-10-31,Nairobi County Hospital,Malaria,4
2023-11-01,Nairobi County Hospital,Malaria,4
2023-11-02,Nairobi County Hospital,Malaria,5
2023-11-03,Nairobi County Hospital,Malaria,2
2023-11-04,Nairobi County Hospital,Malaria,2
2023-11-05,Nairobi County Hospital,Malaria,1
2023-11-06,Nairobi County Hospital,Malaria,3
2023-11-07,Nairobi County Hospital,Malaria,5
2023-11-08,Nairobi County Hospital,Malaria,6
2023-11-09,Nairobi County Hospital,Malaria,6
2023-11-10,Nairobi County Hospital,Malaria,2
2023-11-11,Nairobi County Hospital,Malaria,1
2023-11-12,Nairobi County Hospital,Malaria,2
2023-11-13,Nairobi County Hospital,Malaria,5
2023-11-14,Nairobi County Hospital,Malaria,3
2023-11-15,Nairobi County Hospital,Malaria,3
2023-11-16,Nairobi County Hospital,Malaria,1
2023-11-17,Nairobi County Hospital,Malaria,4
2023-11-18,Nairobi County Hospital,Malaria,3
2023-11-19,Nairobi County Hospital,Malaria,2
2023-11-20,Nairobi County Hospital,Malaria,2
2023-11-21,Nairobi County Hospital,Malaria,3
2023-11-22,Nairobi County Hospital,Malaria,0
2023-11-23,Nairobi County Hospital,Malaria,3
2023-11-24,Nairobi County Hospital,Malaria,2
2023-11-25,Nairobi County Hospital,Malaria,5
2023-11-26,Nairobi County Hospital,Malaria,5
2023-11-27,Nairobi County Hospital,Malaria,3
2023-11-28,Nairobi County Hospital,Malaria,3
2023-11-29,Nairobi County Hospital,Malaria,1
2023-11-30,Nairobi County Hospital,Malaria,1
2023-12-01,Nairobi County Hospital,Malaria,1
2023-12-02,Nairobi County Hospital,Malaria,7
2023-12-03,Nairobi County Hospital,Malaria,2
2023-12-04,Nairobi County Hospital,Malaria,1
2023-12-05,Nairobi County Hospital,Malaria,3
2023-12-06,Nairobi County Hospital,Malaria,4
2023-12-07,Nairobi County Hospital,Malaria,1
2023-12-08,Nairobi County Hospital,Malaria,5
2023-12-09,Nairobi County Hospital,Malaria,5
2023-12-10,Nairobi County Hospital,Malaria,0
2023-12-11,Nairobi County Hospital,Malaria,3
2023-12-12,Nairobi County Hospital,Malaria,4
2023-12-13,Nairobi County Hospital,Malaria,2
2023-12-14,Nairobi County Hospital,Malaria,6
2023-12-15,Nairobi County Hospital,Malaria,2
2023-12-16,Nairobi County Hospital,Malaria,1
2023-12-17,Nairobi County Hospital,Malaria,3
2023-12-18,Nairobi County Hospital,Malaria,2
2023-12-19,Nairobi County Hospital,Malaria,3
2023-12-20,Nairobi County Hospital,Malaria,3
2023-12-21,Nairobi County Hospital,Malaria,3
2023-12-22,Nairobi County Hospital,Malaria,3
2023-12-23,Nairobi County Hospital,Malaria,2
2023-12-24,Nairobi County Hospital,Malaria,2
2023-12-25,Nairobi County Hospital,Malaria,4
2023-12-26,Nairobi County Hospital,Malaria,4
2023-12-27,Nairobi County Hospital,Malaria,2
2023-12-28,Nairobi County Hospital,Malaria,4
2023-12-29,Nairobi County Hospital,Malaria,4
2023-12-30,Nairobi County Hospital,Malaria,3
2023-12-31,Nairobi County Hospital,Malaria,4
2024-01-01,Nairobi County Hospital,Malaria,4
2024-01-02,Nairobi County Hospital,Malaria,3
2024-01-03,Nairobi County Hospital,Malaria,2
2024-01-04,Nairobi County Hospital,Malaria,7
2024-01-05,Nairobi County Hospital,Malaria,3
2024-01-06,Nairobi County Hospital,Malaria,2
2024-01-07,Nairobi County Hospital,Malaria,5
2024-01-08,Nairobi County Hospital,Malaria,4
2024-01-09,Nairobi County Hospital,Malaria,2
2024-01-10,Nairobi County Hospital,Malaria,8
2024-01-11,Nairobi County Hospital,Malaria,4
2024-01-12,Nairobi County Hospital,Malaria,4
2024-01-13,Nairobi County Hospital,Malaria,2
2024-01-14,Nairobi County Hospital,Malaria,1
2024-01-15,Nairobi County Hospital,Malaria,2
2024-01-16,Nairobi County Hospital,Malaria,3
2024-01-17,Nairobi County Hospital,Malaria,6
2024-01-18,Nairobi County Hospital,Malaria,3
2024-01-19,Nairobi County Hospital,Malaria,3
2024-01-20,Nairobi County Hospital,Malaria,2
2024-01-21,Nairobi County Hospital,Malaria,5
2024-01-22,Nairobi County Hospital,Malaria,5
2024-01-23,Nairobi County Hospital,Malaria,1
2024-01-24,Nairobi County Hospital,Malaria,6
2024-01-25,Nairobi County Hospital,Malaria,3
2024-01-26,Nairobi County Hospital,Malaria,10
2024-01-27,Nairobi County Hospital,Malaria,2
2024-01-28,Nairobi County Hospital,Malaria,0
2024-01-29,Nairobi County Hospital,Malaria,4
2024-01-30,Nairobi County Hospital,Malaria,5
2024-01-31,Nairobi County Hospital,Malaria,4
2024-02-01,Nairobi County Hospital,Malaria,5
2024-02-02,Nairobi County Hospital,Malaria,5
2024-02-03,Nairobi County Hospital,Malaria,1
2024-02-04,Nairobi County Hospital,Malaria,2
2024-02-05,Nairobi County Hospital,Malaria,6
2024-02-06,Nairobi County Hospital,Malaria,6
2024-02-07,Nairobi County Hospital,Malaria,5
2024-02-08,Nairobi County Hospital,Malaria,8
2024-02-09,Nairobi County Hospital,Malaria,9
2024-02-10,Nairobi County Hospital,Malaria,4
2024-02-11,Nairobi County Hospital,Malaria,6
2024-02-12,Nairobi County Hospital,Malaria,6
2024-02-13,Nairobi County Hospital,Malaria,4
2024-02-14,Nairobi County Hospital,Malaria,5
2024-02-15,Nairobi County Hospital,Malaria,4
2024-02-16,Nairobi County Hospital,Malaria,9
2024-02-17,Nairobi County Hospital,Malaria,4
2024-02-18,Nairobi County Hospital,Malaria,2
2024-02-19,Nairobi County Hospital,Malaria,6
2024-02-20,Nairobi County Hospital,Malaria,6
2024-02-21,Nairobi County Hospital,Malaria,5
2024-02-22,Nairobi County Hospital,Malaria,1
2024-02-23,Nairobi County Hospital,Malaria,4
2024-02-24,Nairobi County Hospital,Malaria,3
2024-02-25,Nairobi County Hospital,Malaria,9
2024-02-26,Nairobi County Hospital,Malaria,5
2024-02-27,Nairobi County Hospital,Malaria,2
2024-02-28,Nairobi County Hospital,Malaria,3
2024-02-29,Nairobi County Hospital,Malaria,7
2024-03-01,Nairobi County Hospital,Malaria,4
2024-03-02,Nairobi County Hospital,Malaria,3
2024-03-03,Nairobi County Hospital,Malaria,1
2024-03-04,Nairobi County Hospital,Malaria,8
2024-03-05,Nairobi County Hospital,Malaria,5
2024-03-06,Nairobi County Hospital,Malaria,6
2024-03-07,Nairobi County Hospital,Malaria,7
2024-03-08,Nairobi County Hospital,Malaria,6
2024-03-09,Nairobi County Hospital,Malaria,12
2024-03-10,Nairobi County Hospital,Malaria,6
2024-03-11,Nairobi County Hospital,Malaria,11
2024-03-12,Nairobi County Hospital,Malaria,6
2024-03-13,Nairobi County Hospital,Malaria,7
2024-03-14,Nairobi County Hospital,Malaria,6
2024-03-15,Nairobi County Hospital,Malaria,4
2024-03-16,Nairobi County Hospital,Malaria,7
2024-03-17,Nairobi County Hospital,Malaria,7
2024-03-18,Nairobi County Hospital,Malaria,4
2024-03-19,Nairobi County Hospital,Malaria,15
2024-03-20,Nairobi County Hospital,Malaria,10
2024-03-21,Nairobi County Hospital,Malaria,10
2024-03-22,Nairobi County Hospital,Malaria,7
2024-03-23,Nairobi County Hospital,Malaria,7
2024-03-24,Nairobi County Hospital,Malaria,6
2024-03-25,Nairobi County Hospital,Malaria,6
2024-03-26,Nairobi County Hospital,Malaria,6
2024-03-27,Nairobi County Hospital,Malaria,9
2024-03-28,Nairobi County Hospital,Malaria,8
2024-03-29,Nairobi County Hospital,Malaria,10
2024-03-30,Nairobi County Hospital,Malaria,7
2024-03-31,Nairobi County Hospital,Malaria,3
2024-04-01,Nairobi County Hospital,Malaria,6
2024-04-02,Nairobi County Hospital,Malaria,6
2024-04-03,Nairobi County Hospital,Malaria,4
2024-04-04,Nairobi County Hospital,Malaria,10
2024-04-05,Nairobi County Hospital,Malaria,6
2024-04-06,Nairobi County Hospital,Malaria,6
2024-04-07,Nairobi County Hospital,Malaria,7
2024-04-08,Nairobi County Hospital,Malaria,7
2024-04-09,Nairobi County Hospital,Malaria,13
2024-04-10,Nairobi County Hospital,Malaria,2
2024-04-11,Nairobi County Hospital,Malaria,11
2024-04-12,Nairobi County Hospital,Malaria,9
2024-04-13,Nairobi County Hospital,Malaria,5
2024-04-14,Nairobi County Hospital,Malaria,3
2024-04-15,Nairobi County Hospital,Malaria,14
2024-04-16,Nairobi County Hospital,Malaria,6
2024-04-17,Nairobi County Hospital,Malaria,12
2024-04-18,Nairobi County Hospital,Malaria,8
2024-04-19,Nairobi County Hospital,Malaria,8
2024-04-20,Nairobi County Hospital,Malaria,6
2024-04-21,Nairobi County Hospital,Malaria,4
2024-04-22,Nairobi County Hospital,Malaria,9
2024-04-23,Nairobi County Hospital,Malaria,8
2024-04-24,Nairobi County Hospital,Malaria,7
2024-04-25,Nairobi County Hospital,Malaria,13
2024-04-26,Nairobi County Hospital,Malaria,7
2024-04-27,Nairobi County Hospital,Malaria,6
2024-04-28,Nairobi County Hospital,Malaria,8
2024-04-29,Nairobi County Hospital,Malaria,9
2024-04-30,Nairobi County Hospital,Malaria,7
2024-05-01,Nairobi County Hospital,Malaria,9
2024-05-02,Nairobi County Hospital,Malaria,15
2024-05-03,Nairobi County Hospital,Malaria,8
2024-05-04,Nairobi County Hospital,Malaria,5
2024-05-05,Nairobi County Hospital,Malaria,13
2024-05-06,Nairobi County Hospital,Malaria,9
2024-05-07,Nairobi County Hospital,Malaria,14
2024-05-08,Nairobi County Hospital,Malaria,11
2024-05-09,Nairobi County Hospital,Malaria,12
2024-05-10,Nairobi County Hospital,Malaria,10
2024-05-11,Nairobi County Hospital,Malaria,8
2024-05-12,Nairobi County Hospital,Malaria,7
2024-05-13,Nairobi County Hospital,Malaria,8
2024-05-14,Nairobi County Hospital,Malaria,10
2024-05-15,Nairobi County Hospital,Malaria,7
2024-05-16,Nairobi County Hospital,Malaria,8
2024-05-17,Nairobi County Hospital,Malaria,9
2024-05-18,Nairobi County Hospital,Malaria,8
2024-05-19,Nairobi County Hospital,Malaria,6
2024-05-20,Nairobi County Hospital,Malaria,8
2024-05-21,Nairobi County Hospital,Malaria,8
2024-05-22,Nairobi County Hospital,Malaria,10
2024-05-23,Nairobi County Hospital,Malaria,8
2024-05-24,Nairobi County Hospital,Malaria,6
2024-05-25,Nairobi County Hospital,Malaria,9
2024-05-26,Nairobi County Hospital,Malaria,7
2024-05-27,Nairobi County Hospital,Malaria,11
2024-05-28,Nairobi County Hospital,Malaria,13
2024-05-29,Nairobi County Hospital,Malaria,9
2024-05-30,Nairobi County Hospital,Malaria,11
2024-05-31,Nairobi County Hospital,Malaria,6
2024-06-01,Nairobi County Hospital,Malaria,7
2024-06-02,Nairobi County Hospital,Malaria,8
2024-06-03,Nairobi County Hospital,Malaria,5
2024-06-04,Nairobi County Hospital,Malaria,11
2024-06-05,Nairobi County Hospital,Malaria,3
2024-06-06,Nairobi County Hospital,Malaria,8
2024-06-07,Nairobi County Hospital,Malaria,8
2024-06-08,Nairobi County Hospital,Malaria,7
2024-06-09,Nairobi County Hospital,Malaria,9
2024-06-10,Nairobi County Hospital,Malaria,8
2024-06-11,Nairobi County Hospital,Malaria,2
2024-06-12,Nairobi County Hospital,Malaria,6
2024-06-13,Nairobi County Hospital,Malaria,9
2024-06-14,Nairobi County Hospital,Malaria,6
2024-06-15,Nairobi County Hospital,Malaria,10
2024-06-16,Nairobi County Hospital,Malaria,2
2024-06-17,Nairobi County Hospital,Malaria,15
2024-06-18,Nairobi County Hospital,Malaria,9
2024-06-19,Nairobi County Hospital,Malaria,9
2024-06-20,Nairobi County Hospital,Malaria,9
2024-06-21,Nairobi County Hospital,Malaria,5
2024-06-22,Nairobi County Hospital,Malaria,8
2024-06-23,Nairobi County Hospital,Malaria,6
2024-06-24,Nairobi County Hospital,Malaria,9
2024-06-25,Nairobi County Hospital,Malaria,8
2024-06-26,Nairobi County Hospital,Malaria,13
2024-06-27,Nairobi County Hospital,Malaria,7
2024-06-28,Nairobi County Hospital,Malaria,3
2024-06-29,Nairobi County Hospital,Malaria,3
2024-06-30,Nairobi County Hospital,Malaria,6
2024-07-01,Nairobi County Hospital,Malaria,15
2024-07-02,Nairobi County Hospital,Malaria,9
2024-07-03,Nairobi County Hospital,Malaria,11
2024-07-04,Nairobi County Hospital,Malaria,9
2024-07-05,Nairobi County Hospital,Malaria,13
2024-07-06,Nairobi County Hospital,Malaria,14
2024-07-07,Nairobi County Hospital,Malaria,7
2024-07-08,Nairobi County Hospital,Malaria,10
2024-07-09,Nairobi County Hospital,Malaria,10
2024-07-10,Nairobi County Hospital,Malaria,8
2024-07-11,Nairobi County Hospital,Malaria,3
2024-07-12,Nairobi County Hospital,Malaria,7
2024-07-13,Nairobi County Hospital,Malaria,9
2024-07-14,Nairobi County Hospital,Malaria,4
2024-07-15,Nairobi County Hospital,Malaria,6
2024-07-16,Nairobi County Hospital,Malaria,12
2024-07-17,Nairobi County Hospital,Malaria,12
2024-07-18,Nairobi County Hospital,Malaria,14
2024-07-19,Nairobi County Hospital,Malaria,5
2024-07-20,Nairobi County Hospital,Malaria,8
2024-07-21,Nairobi County Hospital,Malaria,6
2024-07-22,Nairobi County Hospital,Malaria,9
2024-07-23,Nairobi County Hospital,Malaria,6
2024-07-24,Nairobi County Hospital,Malaria,9
2024-07-25,Nairobi County Hospital,Malaria,5
2024-07-26,Nairobi County Hospital,Malaria,6
2024-07-27,Nairobi County Hospital,Malaria,8
2024-07-28,Nairobi County Hospital,Malaria,6
2024-07-29,Nairobi County Hospital,Malaria,7
2024-07-30,Nairobi County Hospital,Malaria,11
2024-07-31,Nairobi County Hospital,Malaria,13
2024-08-01,Nairobi County Hospital,Malaria,4
2024-08-02,Nairobi County Hospital,Malaria,8
2024-08-03,Nairobi County Hospital,Malaria,2
2024-08-04,Nairobi County Hospital,Malaria,5
2024-08-05,Nairobi County Hospital,Malaria,4
2024-08-06,Nairobi County Hospital,Malaria,8
2024-08-07,Nairobi County Hospital,Malaria,5
2024-08-08,Nairobi County Hospital,Malaria,7
2024-08-09,Nairobi County Hospital,Malaria,6
2024-08-10,Nairobi County Hospital,Malaria,3
2024-08-11,Nairobi County Hospital,Malaria,12
2024-08-12,Nairobi County Hospital,Malaria,9
2024-08-13,Nairobi County Hospital,Malaria,7
2024-08-14,Nairobi County Hospital,Malaria,12
2024-08-15,Nairobi County Hospital,Malaria,8
2024-08-16,Nairobi County Hospital,Malaria,7
2024-08-17,Nairobi County Hospital,Malaria,5
2024-08-18,Nairobi County Hospital,Malaria,8
2024-08-19,Nairobi County Hospital,Malaria,4
2024-08-20,Nairobi County Hospital,Malaria,7
2024-08-21,Nairobi County Hospital,Malaria,6
2024-08-22,Nairobi County Hospital,Malaria,4
2024-08-23,Nairobi County Hospital,Malaria,5
2024-08-24,Nairobi County Hospital,Malaria,5
2024-08-25,Nairobi County Hospital,Malaria,9
2024-08-26,Nairobi County Hospital,Malaria,9
2024-08-27,Nairobi County Hospital,Malaria,6
2024-08-28,Nairobi County Hospital,Malaria,9
2024-08-29,Nairobi County Hospital,Malaria,8
2024-08-30,Nairobi County Hospital,Malaria,6
2024-08-31,Nairobi County Hospital,Malaria,4
2024-09-01,Nairobi County Hospital,Malaria,5
2024-09-02,Nairobi County Hospital,Malaria,5
2024-09-03,Nairobi County Hospital,Malaria,5
2024-09-04,Nairobi County Hospital,Malaria,9
2024-09-05,Nairobi County Hospital,Malaria,7
2024-09-06,Nairobi County Hospital,Malaria,4
2024-09-07,Nairobi County Hospital,Malaria,3
2024-09-08,Nairobi County Hospital,Malaria,3
2024-09-09,Nairobi County Hospital,Malaria,7
2024-09-10,Nairobi County Hospital,Malaria,3
2024-09-11,Nairobi County Hospital,Malaria,7
2024-09-12,Nairobi County Hospital,Malaria,5
2024-09-13,Nairobi County Hospital,Malaria,3
2024-09-14,Nairobi County Hospital,Malaria,7
2024-09-15,Nairobi County Hospital,Malaria,11
2024-09-16,Nairobi County Hospital,Malaria,7
2024-09-17,Nairobi County Hospital,Malaria,7
2024-09-18,Nairobi County Hospital,Malaria,5
2024-09-19,Nairobi County Hospital,Malaria,12
2024-09-20,Nairobi County Hospital,Malaria,7
2024-09-21,Nairobi County Hospital,Malaria,3
2024-09-22,Nairobi County Hospital,Malaria,5
2024-09-23,Nairobi County Hospital,Malaria,4
2024-09-24,Nairobi County Hospital,Malaria,8
2024-09-25,Nairobi County Hospital,Malaria,3
2024-09-26,Nairobi County Hospital,Malaria,1
2024-09-27,Nairobi County Hospital,Malaria,11
2024-09-28,Nairobi County Hospital,Malaria,4
2024-09-29,Nairobi County Hospital,Malaria,0
2024-09-30,Nairobi County Hospital,Malaria,3
2024-10-01,Nairobi County Hospital,Malaria,4
2024-10-02,Nairobi County Hospital,Malaria,4
2024-10-03,Nairobi County Hospital,Malaria,4
2024-10-04,Nairobi County Hospital,Malaria,2
2024-10-05,Nairobi County Hospital,Malaria,2
2024-10-06,Nairobi County Hospital,Malaria,2
2024-10-07,Nairobi County Hospital,Malaria,5
2024-10-08,Nairobi County Hospital,Malaria,5
2024-10-09,Nairobi County Hospital,Malaria,4
2024-10-10,Nairobi County Hospital,Malaria,3
2024-10-11,Nairobi County Hospital,Malaria,3
2024-10-12,Nairobi County Hospital,Malaria,1
2024-10-13,Nairobi County Hospital,Malaria,7
2024-10-14,Nairobi County Hospital,Malaria,4
2024-10-15,Nairobi County Hospital,Malaria,6
2024-10-16,Nairobi County Hospital,Malaria,4
2024-10-17,Nairobi County Hospital,Malaria,6
2024-10-18,Nairobi County Hospital,Malaria,3
2024-10-19,Nairobi County Hospital,Malaria,3
2024-10-20,Nairobi County Hospital,Malaria,1
2024-10-21,Nairobi County Hospital,Malaria,3
2024-10-22,Nairobi County Hospital,Malaria,8
2024-10-23,Nairobi County Hospital,Malaria,2
2024-10-24,Nairobi County Hospital,Malaria,7
2024-10-25,Nairobi County Hospital,Malaria,3
2024-10-26,Nairobi County Hospital,Malaria,2
2024-10-27,Nairobi County Hospital,Malaria,2
2024-10-28,Nairobi County Hospital,Malaria,3
2024-10-29,Nairobi County Hospital,Malaria,7
2024-10-30,Nairobi County Hospital,Malaria,7
2024-10-31,Nairobi County Hospital,Malaria,7
2024-11-01,Nairobi County Hospital,Malaria,1
2024-11-02,Nairobi County Hospital,Malaria,4
2024-11-03,Nairobi County Hospital,Malaria,0
2024-11-04,Nairobi County Hospital,Malaria,3
2024-11-05,Nairobi County Hospital,Malaria,3
2024-11-06,Nairobi County Hospital,Malaria,1
2024-11-07,Nairobi County Hospital,Malaria,2
2024-11-08,Nairobi County Hospital,Malaria,4
2024-11-09,Nairobi County Hospital,Malaria,5
2024-11-10,Nairobi County Hospital,Malaria,2
2024-11-11,Nairobi County Hospital,Malaria,4
2024-11-12,Nairobi County Hospital,Malaria,4
2024-11-13,Nairobi County Hospital,Malaria,2
2024-11-14,Nairobi County Hospital,Malaria,3
2024-11-15,Nairobi County Hospital,Malaria,2
2024-11-16,Nairobi County Hospital,Malaria,2
2024-11-17,Nairobi County Hospital,Malaria,0
2024-11-18,Nairobi County Hospital,Malaria,3
2024-11-19,Nairobi County Hospital,Malaria,2
2024-11-20,Nairobi County Hospital,Malaria,6
2024-11-21,Nairobi County Hospital,Malaria,6
2024-11-22,Nairobi County Hospital,Malaria,6
2024-11-23,Nairobi County Hospital,Malaria,0
2024-11-24,Nairobi County Hospital,Malaria,3
2024-11-25,Nairobi County Hospital,Malaria,3
2024-11-26,Nairobi County Hospital,Malaria,1
2024-11-27,Nairobi County Hospital,Malaria,6
2024-11-28,Nairobi County Hospital,Malaria,4
2024-11-29,Nairobi County Hospital,Malaria,3
2024-11-30,Nairobi County Hospital,Malaria,1
2024-12-01,Nairobi County Hospital,Malaria,4
2024-12-02,Nairobi County Hospital,Malaria,2
2024-12-03,Nairobi County Hospital,Malaria,5
2024-12-04,Nairobi County Hospital,Malaria,6
2024-12-05,Nairobi County Hospital,Malaria,1
2024-12-06,Nairobi County Hospital,Malaria,2
2024-12-07,Nairobi County Hospital,Malaria,2
2024-12-08,Nairobi County Hospital,Malaria,2
2024-12-09,Nairobi County Hospital,Malaria,4
2024-12-10,Nairobi County Hospital,Malaria,0
2024-12-11,Nairobi County Hospital,Malaria,5
2024-12-12,Nairobi County Hospital,Malaria,2
2024-12-13,Nairobi County Hospital,Malaria,6
2024-12-14,Nairobi County Hospital,Malaria,3
2024-12-15,Nairobi County Hospital,Malaria,1
2024-12-16,Nairobi County Hospital,Malaria,3
2024-12-17,Nairobi County Hospital,Malaria,1
2024-12-18,Nairobi County Hospital,Malaria,1
2024-12-19,Nairobi County Hospital,Malaria,5
2024-12-20,Nairobi County Hospital,Malaria,6
2024-12-21,Nairobi County Hospital,Malaria,1
2024-12-22,Nairobi County Hospital,Malaria,7
2024-12-23,Nairobi County Hospital,Malaria,1
2024-12-24,Nairobi County Hospital,Malaria,4
2024-12-25,Nairobi County Hospital,Malaria,2
2024-12-26,Nairobi County Hospital,Malaria,3
2024-12-27,Nairobi County Hospital,Malaria,2
2024-12-28,Nairobi County Hospital,Malaria,4
2024-12-29,Nairobi County Hospital,Malaria,4
2024-12-30,Nairobi County Hospital,Malaria,3
2024-12-31,Nairobi County Hospital,Malaria,6
2025-01-01,Nairobi County Hospital,Malaria,6
2025-01-02,Nairobi County Hospital,Malaria,1
2025-01-03,Nairobi County Hospital,Malaria,3
2025-01-04,Nairobi County Hospital,Malaria,6
2025-01-05,Nairobi County Hospital,Malaria,1
2025-01-06,Nairobi County Hospital,Malaria,2
2025-01-07,Nairobi County Hospital,Malaria,5
2025-01-08,Nairobi County Hospital,Malaria,3
2025-01-09,Nairobi County Hospital,Malaria,3
2025-01-10,Nairobi County Hospital,Malaria,6
2025-01-11,Nairobi County Hospital,Malaria,3
2025-01-12,Nairobi County Hospital,Malaria,2
2025-01-13,Nairobi County Hospital,Malaria,4
2025-01-14,Nairobi County Hospital,Malaria,5
2025-01-15,Nairobi County Hospital,Malaria,7
2025-01-16,Nairobi County Hospital,Malaria,2
2025-01-17,Nairobi County Hospital,Malaria,1
2025-01-18,Nairobi County Hospital,Malaria,6
2025-01-19,Nairobi County Hospital,Malaria,2
2025-01-20,Nairobi County Hospital,Malaria,5
2025-01-21,Nairobi County Hospital,Malaria,6
2025-01-22,Nairobi County Hospital,Malaria,6
2025-01-23,Nairobi County Hospital,Malaria,2
2025-01-24,Nairobi County Hospital,Malaria,2
2025-01-25,Nairobi County Hospital,Malaria,4
2025-01-26,Nairobi County Hospital,Malaria,2
2025-01-27,Nairobi County Hospital,Malaria,5
2025-01-28,Nairobi County Hospital,Malaria,7
2025-01-29,Nairobi County Hospital,Malaria,1
2025-01-30,Nairobi County Hospital,Malaria,6
2025-01-31,Nairobi County Hospital,Malaria,6
2025-02-01,Nairobi County Hospital,Malaria,2
2025-02-02,Nairobi County Hospital,Malaria,6
2025-02-03,Nairobi County Hospital,Malaria,3
2025-02-04,Nairobi County Hospital,Malaria,2
2025-02-05,Nairobi County Hospital,Malaria,5
2025-02-06,Nairobi County Hospital,Malaria,11
2025-02-07,Nairobi County Hospital,Malaria,9
2025-02-08,Nairobi County Hospital,Malaria,8
2025-02-09,Nairobi County Hospital,Malaria,5
2025-02-10,Nairobi County Hospital,Malaria,4
2025-02-11,Nairobi County Hospital,Malaria,6
2025-02-12,Nairobi County Hospital,Malaria,4
2025-02-13,Nairobi County Hospital,Malaria,5
2025-02-14,Nairobi County Hospital,Malaria,6
2025-02-15,Nairobi County Hospital,Malaria,5
2025-02-16,Nairobi County Hospital,Malaria,7
2025-02-17,Nairobi County Hospital,Malaria,8
2025-02-18,Nairobi County Hospital,Malaria,9
2025-02-19,Nairobi County Hospital,Malaria,4
2025-02-20,Nairobi County Hospital,Malaria,6
2025-02-21,Nairobi County Hospital,Malaria,7
2025-02-22,Nairobi County Hospital,Malaria,6
2025-02-23,Nairobi County Hospital,Malaria,3
2025-02-24,Nairobi County Hospital,Malaria,5
2025-02-25,Nairobi County Hospital,Malaria,5
2025-02-26,Nairobi County Hospital,Malaria,8
2025-02-27,Nairobi County Hospital,Malaria,12
2025-02-28,Nairobi County Hospital,Malaria,5
2025-03-01,Nairobi County Hospital,Malaria,6
2025-03-02,Nairobi County Hospital,Malaria,0
2025-03-03,Nairobi County Hospital,Malaria,5
2025-03-04,Nairobi County Hospital,Malaria,6
2025-03-05,Nairobi County Hospital,Malaria,10
2025-03-06,Nairobi County Hospital,Malaria,8
2025-03-07,Nairobi County Hospital,Malaria,6
2025-03-08,Nairobi County Hospital,Malaria,4
2025-03-09,Nairobi County Hospital,Malaria,9
2025-03-10,Nairobi County Hospital,Malaria,7
2025-03-11,Nairobi County Hospital,Malaria,7
2025-03-12,Nairobi County Hospital,Malaria,7
2025-03-13,Nairobi County Hospital,Malaria,8
2025-03-14,Nairobi County Hospital,Malaria,7
2025-03-15,Nairobi County Hospital,Malaria,4
2025-03-16,Nairobi County Hospital,Malaria,4
2025-03-17,Nairobi County Hospital,Malaria,7
2025-03-18,Nairobi County Hospital,Malaria,4
2025-03-19,Nairobi County Hospital,Malaria,7
2025-03-20,Nairobi County Hospital,Malaria,6
2025-03-21,Nairobi County Hospital,Malaria,11
2025-03-22,Nairobi County Hospital,Malaria,9
2025-03-23,Nairobi County Hospital,Malaria,6
2025-03-24,Nairobi County Hospital,Malaria,6
2025-03-25,Nairobi County Hospital,Malaria,5
2025-03-26,Nairobi County Hospital,Malaria,11
2025-03-27,Nairobi County Hospital,Malaria,7
2025-03-28,Nairobi County Hospital,Malaria,7
2025-03-29,Nairobi County Hospital,Malaria,3
2025-03-30,Nairobi County Hospital,Malaria,18
2025-03-31,Nairobi County Hospital,Malaria,5
2025-04-01,Nairobi County Hospital,Malaria,12
2025-04-02,Nairobi County Hospital,Malaria,3
2025-04-03,Nairobi County Hospital,Malaria,9
2025-04-04,Nairobi County Hospital,Malaria,8
2025-04-05,Nairobi County Hospital,Malaria,6
2025-04-06,Nairobi County Hospital,Malaria,15
2025-04-07,Nairobi County Hospital,Malaria,10
2025-04-08,Nairobi County Hospital,Malaria,7
2025-04-09,Nairobi County Hospital,Malaria,7
2025-04-10,Nairobi County Hospital,Malaria,6
2025-04-11,Nairobi County Hospital,Malaria,6
2025-04-12,Nairobi County Hospital,Malaria,6
2025-04-13,Nairobi County Hospital,Malaria,8
2025-04-14,Nairobi County Hospital,Malaria,12
2025-04-15,Nairobi County Hospital,Malaria,11
2025-04-16,Nairobi County Hospital,Malaria,7
2025-04-17,Nairobi County Hospital,Malaria,11
2025-04-18,Nairobi County Hospital,Malaria,9
2025-04-19,Nairobi County Hospital,Malaria,10
2025-04-20,Nairobi County Hospital,Malaria,7
2025-04-21,Nairobi County Hospital,Malaria,11
2025-04-22,Nairobi County Hospital,Malaria,13
2025-04-23,Nairobi County Hospital,Malaria,10
2025-04-24,Nairobi County Hospital,Malaria,11
2025-04-25,Nairobi County Hospital,Malaria,8
2025-04-26,Nairobi County Hospital,Malaria,4
2025-04-27,Nairobi County Hospital,Malaria,9
2025-04-28,Nairobi County Hospital,Malaria,14
2025-04-29,Nairobi County Hospital,Malaria,9
2025-04-30,Nairobi County Hospital,Malaria,8
2025-05-01,Nairobi County Hospital,Malaria,5
2025-05-02,Nairobi County Hospital,Malaria,10
2025-05-03,Nairobi County Hospital,Malaria,7
2025-05-04,Nairobi County Hospital,Malaria,9
2025-05-05,Nairobi County Hospital,Malaria,9
2025-05-06,Nairobi County Hospital,Malaria,8
2025-05-07,Nairobi County Hospital,Malaria,12
2025-05-08,Nairobi County Hospital,Malaria,9
2025-05-09,Nairobi County Hospital,Malaria,11
2025-05-10,Nairobi County Hospital,Malaria,9
2025-05-11,Nairobi County Hospital,Malaria,15
2025-05-12,Nairobi County Hospital,Malaria,9
2025-05-13,Nairobi County Hospital,Malaria,10
2025-05-14,Nairobi County Hospital,Malaria,13
2025-05-15,Nairobi County Hospital,Malaria,8
2025-05-16,Nairobi County Hospital,Malaria,15
2025-05-17,Nairobi County Hospital,Malaria,6
2025-05-18,Nairobi County Hospital,Malaria,6
2025-05-19,Nairobi County Hospital,Malaria,13
2025-05-20,Nairobi County Hospital,Malaria,3
2025-05-21,Nairobi County Hospital,Malaria,14
2025-05-22,Nairobi County Hospital,Malaria,11
2025-05-23,Nairobi County Hospital,Malaria,8
2025-05-24,Nairobi County Hospital,Malaria,3
2025-05-25,Nairobi County Hospital,Malaria,15
2025-05-26,Nairobi County Hospital,Malaria,16
2025-05-27,Nairobi County Hospital,Malaria,6
2025-05-28,Nairobi County Hospital,Malaria,4
2025-05-29,Nairobi County Hospital,Malaria,9
2025-05-30,Nairobi County Hospital,Malaria,9
2025-05-31,Nairobi County Hospital,Malaria,5
2025-06-01,Nairobi County Hospital,Malaria,9
2025-06-02,Nairobi County Hospital,Malaria,8
2025-06-03,Nairobi County Hospital,Malaria,6
2025-06-04,Nairobi County Hospital,Malaria,8
2025-06-05,Nairobi County Hospital,Malaria,10
2025-06-06,Nairobi County Hospital,Malaria,10
2025-06-07,Nairobi County Hospital,Malaria,9
2025-06-08,Nairobi County Hospital,Malaria,7
2025-06-09,Nairobi County Hospital,Malaria,4
2025-06-10,Nairobi County Hospital,Malaria,7
2025-06-11,Nairobi County Hospital,Malaria,5
2025-06-12,Nairobi County Hospital,Malaria,6
2025-06-13,Nairobi County Hospital,Malaria,4
2025-06-14,Nairobi County Hospital,Malaria,11
2025-06-15,Nairobi County Hospital,Malaria,8
2025-06-16,Nairobi County Hospital,Malaria,14
2025-06-17,Nairobi County Hospital,Malaria,6
2025-06-18,Nairobi County Hospital,Malaria,12
2025-06-19,Nairobi County Hospital,Malaria,12
2025-06-20,Nairobi County Hospital,Malaria,12
2025-06-21,Nairobi County Hospital,Malaria,4
2025-06-22,Nairobi County Hospital,Malaria,21
2025-06-23,Nairobi County Hospital,Malaria,6
2025-06-24,Nairobi County Hospital,Malaria,9
2025-06-25,Nairobi County Hospital,Malaria,12
2025-06-26,Nairobi County Hospital,Malaria,7
2025-06-27,Nairobi County Hospital,Malaria,7
2025-06-28,Nairobi County Hospital,Malaria,8
2025-06-29,Nairobi County Hospital,Malaria,5
2025-06-30,Nairobi County Hospital,Malaria,8
2025-07-01,Nairobi County Hospital,Malaria,10
2025-07-02,Nairobi County Hospital,Malaria,12
2025-07-03,Nairobi County Hospital,Malaria,13
2025-07-04,Nairobi County Hospital,Malaria,4
2025-07-05,Nairobi County Hospital,Malaria,7
2025-07-06,Nairobi County Hospital,Malaria,8
2025-07-07,Nairobi County Hospital,Malaria,10
2025-07-08,Nairobi County Hospital,Malaria,6
2025-07-09,Nairobi County Hospital,Malaria,12
2025-07-10,Nairobi County Hospital,Malaria,12
2025-07-11,Nairobi County Hospital,Malaria,3
2025-07-12,Nairobi County Hospital,Malaria,9
2025-07-13,Nairobi County Hospital,Malaria,11
2025-07-14,Nairobi County Hospital,Malaria,10
2025-07-15,Nairobi County Hospital,Malaria,5
2025-07-16,Nairobi County Hospital,Malaria,12
2025-07-17,Nairobi County Hospital,Malaria,12
2025-07-18,Nairobi County Hospital,Malaria,8
2025-07-19,Nairobi County Hospital,Malaria,3
2025-07-20,Nairobi County Hospital,Malaria,7
2025-07-21,Nairobi County Hospital,Malaria,9
2025-07-22,Nairobi County Hospital,Malaria,13
2025-07-23,Nairobi County Hospital,Malaria,13
2025-07-24,Nairobi County Hospital,Malaria,8
2025-07-25,Nairobi County Hospital,Malaria,7
2025-07-26,Nairobi County Hospital,Malaria,8
2025-07-27,Nairobi County Hospital,Malaria,7
2025-07-28,Nairobi County Hospital,Malaria,5
2025-07-29,Nairobi County Hospital,Malaria,8
2025-07-30,Nairobi County Hospital,Malaria,12
2025-07-31,Nairobi County Hospital,Malaria,7
2025-08-01,Nairobi County Hospital,Malaria,7
2025-08-02,Nairobi County Hospital,Malaria,5
2025-08-03,Nairobi County Hospital,Malaria,9
2025-08-04,Nairobi County Hospital,Malaria,10
2025-08-05,Nairobi County Hospital,Malaria,7
2025-08-06,Nairobi County Hospital,Malaria,11
2025-08-07,Nairobi County Hospital,Malaria,10
2025-08-08,Nairobi County Hospital,Malaria,8
2025-08-09,Nairobi County Hospital,Malaria,7
2025-08-10,Nairobi County Hospital,Malaria,5
2025-08-11,Nairobi County Hospital,Malaria,6
2025-08-12,Nairobi County Hospital,Malaria,7
2025-08-13,Nairobi County Hospital,Malaria,9
2025-08-14,Nairobi County Hospital,Malaria,7
2025-08-15,Nairobi County Hospital,Malaria,5
2025-08-16,Nairobi County Hospital,Malaria,6
2025-08-17,Nairobi County Hospital,Malaria,4
2025-08-18,Nairobi County Hospital,Malaria,2
2025-08-19,Nairobi County Hospital,Malaria,7
2025-08-20,Nairobi County Hospital,Malaria,8
2025-08-21,Nairobi County Hospital,Malaria,10
2025-08-22,Nairobi County Hospital,Malaria,7
2025-08-23,Nairobi County Hospital,Malaria,9
2025-08-24,Nairobi County Hospital,Malaria,11
2025-08-25,Nairobi County Hospital,Malaria,8
2025-08-26,Nairobi County Hospital,Malaria,9
2025-08-27,Nairobi County Hospital,Malaria,5
2025-08-28,Nairobi County Hospital,Malaria,9
2025-08-29,Nairobi County Hospital,Malaria,8
2025-08-30,Nairobi County Hospital,Malaria,7
2025-08-31,Nairobi County Hospital,Malaria,3
2025-09-01,Nairobi County Hospital,Malaria,5
2025-09-02,Nairobi County Hospital,Malaria,7
2025-09-03,Nairobi County Hospital,Malaria,1
2025-09-04,Nairobi County Hospital,Malaria,11
2025-09-05,Nairobi County Hospital,Malaria,9
2025-09-06,Nairobi County Hospital,Malaria,3
2025-09-07,Nairobi County Hospital,Malaria,7
2025-09-08,Nairobi County Hospital,Malaria,5
2025-09-09,Nairobi County Hospital,Malaria,5
2025-09-10,Nairobi County Hospital,Malaria,4
2025-09-11,Nairobi County Hospital,Malaria,5
2025-09-12,Nairobi County Hospital,Malaria,8
2025-09-13,Nairobi County Hospital,Malaria,9
2025-09-14,Nairobi County Hospital,Malaria,3
2025-09-15,Nairobi County Hospital,Malaria,1
2025-09-16,Nairobi County Hospital,Malaria,6
2025-09-17,Nairobi County Hospital,Malaria,5
2025-09-18,Nairobi County Hospital,Malaria,5
2025-09-19,Nairobi County Hospital,Malaria,4
2025-09-20,Nairobi County Hospital,Malaria,2
2025-09-21,Nairobi County Hospital,Malaria,6
2025-09-22,Nairobi County Hospital,Malaria,6
2025-09-23,Nairobi County Hospital,Malaria,6
2025-09-24,Nairobi County Hospital,Malaria,9
2025-09-25,Nairobi County Hospital,Malaria,2
2025-09-26,Nairobi County Hospital,Malaria,3
2025-09-27,Nairobi County Hospital,Malaria,8
2025-09-28,Nairobi County Hospital,Malaria,5
2025-09-29,Nairobi County Hospital,Malaria,6
2025-09-30,Nairobi County Hospital,Malaria,5
2025-10-01,Nairobi County Hospital,Malaria,8
2025-10-02,Nairobi County Hospital,Malaria,6
2025-10-03,Nairobi County Hospital,Malaria,10
2025-10-04,Nairobi County Hospital,Malaria,5
2025-10-05,Nairobi County Hospital,Malaria,3
2025-10-06,Nairobi County Hospital,Malaria,3
2025-10-07,Nairobi County Hospital,Malaria,3
2025-10-08,Nairobi County Hospital,Malaria,4
2025-10-09,Nairobi County Hospital,Malaria,2
2025-10-10,Nairobi County Hospital,Malaria,3
2025-10-11,Nairobi County Hospital,Malaria,8
2025-10-12,Nairobi County Hospital,Malaria,2
2025-10-13,Nairobi County Hospital,Malaria,1
2025-10-14,Nairobi County Hospital,Malaria,6
2025-10-15,Nairobi County Hospital,Malaria,4
2025-10-16,Nairobi County Hospital,Malaria,2
2025-10-17,Nairobi County Hospital,Malaria,1
2025-10-18,Nairobi County Hospital,Malaria,4
2025-10-19,Nairobi County Hospital,Malaria,7
2025-10-20,Nairobi County Hospital,Malaria,3
2025-10-21,Nairobi County Hospital,Malaria,4
2025-10-22,Nairobi County Hospital,Malaria,2
2025-10-23,Nairobi County Hospital,Malaria,4
2025-10-24,Nairobi County Hospital,Malaria,3
2025-10-25,Nairobi County Hospital,Malaria,4
2025-10-26,Nairobi County Hospital,Malaria,4
2025-10-27,Nairobi County Hospital,Malaria,4
2025-10-28,Nairobi County Hospital,Malaria,2
2025-10-29,Nairobi County Hospital,Malaria,2
2025-10-30,Nairobi County Hospital,Malaria,1
2025-10-31,Nairobi County Hospital,Malaria,2
2025-11-01,Nairobi County Hospital,Malaria,1
2025-11-02,Nairobi County Hospital,Malaria,1
2025-11-03,Nairobi County Hospital,Malaria,6
2025-11-04,Nairobi County Hospital,Malaria,4
2025-11-05,Nairobi County Hospital,Malaria,2
2025-11-06,Nairobi County Hospital,Malaria,0
2025-11-07,Nairobi County Hospital,Malaria,0
2025-11-08,Nairobi County Hospital,Malaria,6
2025-11-09,Nairobi County Hospital,Malaria,0
2025-11-10,Nairobi County Hospital,Malaria,5
2025-11-11,Nairobi County Hospital,Malaria,3
2025-11-12,Nairobi County Hospital,Malaria,5
2025-11-13,Nairobi County Hospital,Malaria,2
2025-11-14,Nairobi County Hospital,Malaria,4
2025-11-15,Nairobi County Hospital,Malaria,3
2025-11-16,Nairobi County Hospital,Malaria,1
2025-11-17,Nairobi County Hospital,Malaria,4
2025-11-18,Nairobi County Hospital,Malaria,1
2025-11-19,Nairobi County Hospital,Malaria,2
2025-11-20,Nairobi County Hospital,Malaria,0
2025-11-21,Nairobi County Hospital,Malaria,3
2025-11-22,Nairobi County Hospital,Malaria,3
2025-11-23,Nairobi County Hospital,Malaria,3
2025-11-24,Nairobi County Hospital,Malaria,2
2025-11-25,Nairobi County Hospital,Malaria,4
2025-11-26,Nairobi County Hospital,Malaria,1
2025-11-27,Nairobi County Hospital,Malaria,3
2025-11-28,Nairobi County Hospital,Malaria,7
2025-11-29,Nairobi County Hospital,Malaria,3
2025-11-30,Nairobi County Hospital,Malaria,5
2025-12-01,Nairobi County Hospital,Malaria,4
2025-12-02,Nairobi County Hospital,Malaria,2
2025-12-03,Nairobi County Hospital,Malaria,4
2025-12-04,Nairobi County Hospital,Malaria,3
2025-12-05,Nairobi County Hospital,Malaria,2
2025-12-06,Nairobi County Hospital,Malaria,3
2025-12-07,Nairobi County Hospital,Malaria,2
2025-12-08,Nairobi County Hospital,Malaria,6
2025-12-09,Nairobi County Hospital,Malaria,0
2025-12-10,Nairobi County Hospital,Malaria,4
2025-12-11,Nairobi County Hospital,Malaria,6
2025-12-12,Nairobi County Hospital,Malaria,3
2025-12-13,Nairobi County Hospital,Malaria,2
2025-12-14,Nairobi County Hospital,Malaria,0
2025-12-15,Nairobi County Hospital,Malaria,3
2025-12-16,Nairobi County Hospital,Malaria,3
2025-12-17,Nairobi County Hospital,Malaria,4
2025-12-18,Nairobi County Hospital,Malaria,2
2025-12-19,Nairobi County Hospital,Malaria,7
2025-12-20,Nairobi County Hospital,Malaria,2
2025-12-21,Nairobi County Hospital,Malaria,1
2025-12-22,Nairobi County Hospital,Malaria,2
2025-12-23,Nairobi County Hospital,Malaria,4
2025-12-24,Nairobi County Hospital,Malaria,1
2025-12-25,Nairobi County Hospital,Malaria,3
2025-12-26,Nairobi County Hospital,Malaria,3
2025-12-27,Nairobi County Hospital,Malaria,2
2025-12-28,Nairobi County Hospital,Malaria,4
2025-12-29,Nairobi County Hospital,Malaria,3
2025-12-30,Nairobi County Hospital,Malaria,2
2025-12-31,Nairobi County Hospital,Malaria,5
2026-01-01,Nairobi County Hospital,Malaria,6
2026-01-02,Nairobi County Hospital,Malaria,5
2026-01-03,Nairobi County Hospital,Malaria,3
2026-01-04,Nairobi County Hospital,Malaria,0
2026-01-05,Nairobi County Hospital,Malaria,4
2026-01-06,Nairobi County Hospital,Malaria,6
2026-01-07,Nairobi County Hospital,Malaria,5
2026-01-08,Nairobi County Hospital,Malaria,5
2026-01-09,Nairobi County Hospital,Malaria,5
2026-01-10,Nairobi County Hospital,Malaria,6
2026-01-11,Nairobi County Hospital,Malaria,3
2026-01-12,Nairobi County Hospital,Malaria,3
2026-01-13,Nairobi County Hospital,Malaria,7
2026-01-14,Nairobi County Hospital,Malaria,5
2026-01-15,Nairobi County Hospital,Malaria,3
2026-01-16,Nairobi County Hospital,Malaria,5
2026-01-17,Nairobi County Hospital,Malaria,1
2026-01-18,Nairobi County Hospital,Malaria,1
2026-01-19,Nairobi County Hospital,Malaria,1
2026-01-20,Nairobi County Hospital,Malaria,4
2026-01-21,Nairobi County Hospital,Malaria,6
2026-01-22,Nairobi County Hospital,Malaria,1
2026-01-23,Nairobi County Hospital,Malaria,5
2026-01-24,Nairobi County Hospital,Malaria,2
2026-01-25,Nairobi County Hospital,Malaria,3
2026-01-26,Nairobi County Hospital,Malaria,6
2026-01-27,Nairobi County Hospital,Malaria,7
2026-01-28,Nairobi County Hospital,Malaria,4
2026-01-29,Nairobi County Hospital,Malaria,4
2026-01-30,Nairobi County Hospital,Malaria,4
2026-01-31,Nairobi County Hospital,Malaria,1
2026-02-01,Nairobi County Hospital,Malaria,3
2026-02-02,Nairobi County Hospital,Malaria,4
2026-02-03,Nairobi County Hospital,Malaria,8
2026-02-04,Nairobi County Hospital,Malaria,5
2026-02-05,Nairobi County Hospital,Malaria,1
2026-02-06,Nairobi County Hospital,Malaria,0
2026-02-07,Nairobi County Hospital,Malaria,4
2026-02-08,Nairobi County Hospital,Malaria,6
2026-02-09,Nairobi County Hospital,Malaria,3
2026-02-10,Nairobi County Hospital,Malaria,6
2026-02-11,Nairobi County Hospital,Malaria,5
2026-02-12,Nairobi County Hospital,Malaria,4
2026-02-13,Nairobi County Hospital,Malaria,6
2026-02-14,Nairobi County Hospital,Malaria,8
2026-02-15,Nairobi County Hospital,Malaria,4
2026-02-16,Nairobi County Hospital,Malaria,7
2026-02-17,Nairobi County Hospital,Malaria,8
2026-02-18,Nairobi County Hospital,Malaria,6
2026-02-19,Nairobi County Hospital,Malaria,6
2026-02-20,Nairobi County Hospital,Malaria,8
2026-02-21,Nairobi County Hospital,Malaria,2
2026-02-22,Nairobi County Hospital,Malaria,10
2026-02-23,Nairobi County Hospital,Malaria,3
2026-02-24,Nairobi County Hospital,Malaria,7
2026-02-25,Nairobi County Hospital,Malaria,8
2026-02-26,Nairobi County Hospital,Malaria,10
2026-02-27,Nairobi County Hospital,Malaria,10
2026-02-28,Nairobi County Hospital,Malaria,6
2026-03-01,Nairobi County Hospital,Malaria,5
2026-03-02,Nairobi County Hospital,Malaria,4
2026-03-03,Nairobi County Hospital,Malaria,9
2026-03-04,Nairobi County Hospital,Malaria,8
2026-03-05,Nairobi County Hospital,Malaria,7
2026-03-06,Nairobi County Hospital,Malaria,3
2026-03-07,Nairobi County Hospital,Malaria,4
2026-03-08,Nairobi County Hospital,Malaria,4
2026-03-09,Nairobi County Hospital,Malaria,6
2026-03-10,Nairobi County Hospital,Malaria,9
2026-03-11,Nairobi County Hospital,Malaria,6
2026-03-12,Nairobi County Hospital,Malaria,6
2026-03-13,Nairobi County Hospital,Malaria,7
2026-03-14,Nairobi County Hospital,Malaria,6
2026-03-15,Nairobi County Hospital,Malaria,6
2026-03-16,Nairobi County Hospital,Malaria,7
2026-03-17,Nairobi County Hospital,Malaria,6
2026-03-18,Nairobi County Hospital,Malaria,10
2026-03-19,Nairobi County Hospital,Malaria,5
2026-03-20,Nairobi County Hospital,Malaria,7
2026-03-21,Nairobi County Hospital,Malaria,8
2026-03-22,Nairobi County Hospital,Malaria,6
2026-03-23,Nairobi County Hospital,Malaria,11
2026-03-24,Nairobi County Hospital,Malaria,8
2026-03-25,Nairobi County Hospital,Malaria,9
2026-03-26,Nairobi County Hospital,Malaria,11
2026-03-27,Nairobi County Hospital,Malaria,8
2026-03-28,Nairobi County Hospital,Malaria,7
2026-03-29,Nairobi County Hospital,Malaria,6
2026-03-30,Nairobi County Hospital,Malaria,11
2026-03-31,Nairobi County Hospital,Malaria,12
2026-04-01,Nairobi County Hospital,Malaria,6
2026-04-02,Nairobi County Hospital,Malaria,14
2026-04-03,Nairobi County Hospital,Malaria,8
2026-04-04,Nairobi County Hospital,Malaria,10
2026-04-05,Nairobi County Hospital,Malaria,2
2026-04-06,Nairobi County Hospital,Malaria,10
2026-04-07,Nairobi County Hospital,Malaria,14
2026-04-08,Nairobi County Hospital,Malaria,13
2026-04-09,Nairobi County Hospital,Malaria,8
2026-04-10,Nairobi County Hospital,Malaria,4
2026-04-11,Nairobi County Hospital,Malaria,11
2026-04-12,Nairobi County Hospital,Malaria,8
2026-04-13,Nairobi County Hospital,Malaria,8
2026-04-14,Nairobi County Hospital,Malaria,12
2026-04-15,Nairobi County Hospital,Malaria,7
2026-04-16,Nairobi County Hospital,Malaria,12
2026-04-17,Nairobi County Hospital,Malaria,8
2026-04-18,Nairobi County Hospital,Malaria,6
2026-04-19,Nairobi County Hospital,Malaria,8
2026-04-20,Nairobi County Hospital,Malaria,8
2026-04-21,Nairobi County Hospital,Malaria,9
2026-04-22,Nairobi County Hospital,Malaria,8
2026-04-23,Nairobi County Hospital,Malaria,10
2026-04-24,Nairobi County Hospital,Malaria,13
2026-04-25,Nairobi County Hospital,Malaria,5
2026-04-26,Nairobi County Hospital,Malaria,8
2026-04-27,Nairobi County Hospital,Malaria,10
2026-04-28,Nairobi County Hospital,Malaria,8
2026-04-29,Nairobi County Hospital,Malaria,6
2026-04-30,Nairobi County Hospital,Malaria,11
2026-05-01,Nairobi County Hospital,Malaria,13
2026-05-02,Nairobi County Hospital,Malaria,14
2026-05-03,Nairobi County Hospital,Malaria,12
2026-05-04,Nairobi County Hospital,Malaria,14
2026-05-05,Nairobi County Hospital,Malaria,8
2026-05-06,Nairobi County Hospital,Malaria,15
2026-05-07,Nairobi County Hospital,Malaria,16
2026-05-08,Nairobi County Hospital,Malaria,12
2026-05-09,Nairobi County Hospital,Malaria,16
2026-05-10,Nairobi County Hospital,Malaria,7
2026-05-11,Nairobi County Hospital,Malaria,7
2026-05-12,Nairobi County Hospital,Malaria,11
2026-05-13,Nairobi County Hospital,Malaria,14
2026-05-14,Nairobi County Hospital,Malaria,6
2026-05-15,Nairobi County Hospital,Malaria,11
2026-05-16,Nairobi County Hospital,Malaria,7
2026-05-17,Nairobi County Hospital,Malaria,9
2026-05-18,Nairobi County Hospital,Malaria,12
2026-05-19,Nairobi County Hospital,Malaria,5
2026-05-20,Nairobi County Hospital,Malaria,6
2026-05-21,Nairobi County Hospital,Malaria,7
2026-05-22,Nairobi County Hospital,Malaria,11
2026-05-23,Nairobi County Hospital,Malaria,7
2026-05-24,Nairobi County Hospital,Malaria,8
2026-05-25,Nairobi County Hospital,Malaria,7
2026-05-26,Nairobi County Hospital,Malaria,8
2026-05-27,Nairobi County Hospital,Malaria,6
2026-05-28,Nairobi County Hospital,Malaria,9
2026-05-29,Nairobi County Hospital,Malaria,10
2026-05-30,Nairobi County Hospital,Malaria,9
2026-05-31,Nairobi County Hospital,Malaria,8
2026-06-01,Nairobi County Hospital,Malaria,8
2026-06-02,Nairobi County Hospital,Malaria,6
2026-06-03,Nairobi County Hospital,Malaria,6
2026-06-04,Nairobi County Hospital,Malaria,10
2026-06-05,Nairobi County Hospital,Malaria,18
2026-06-06,Nairobi County Hospital,Malaria,6
2026-06-07,Nairobi County Hospital,Malaria,5
2026-06-08,Nairobi County Hospital,Malaria,11
2026-06-09,Nairobi County Hospital,Malaria,5
2026-06-10,Nairobi County Hospital,Malaria,8
2026-06-11,Nairobi County Hospital,Malaria,5
2026-06-12,Nairobi County Hospital,Malaria,11
2026-06-13,Nairobi County Hospital,Malaria,7
2026-06-14,Nairobi County Hospital,Malaria,7
2026-06-15,Nairobi County Hospital,Malaria,8
2026-06-16,Nairobi County Hospital,Malaria,13
2026-06-17,Nairobi County Hospital,Malaria,11
2026-06-18,Nairobi County Hospital,Malaria,9
2026-06-19,Nairobi County Hospital,Malaria,7
2026-06-20,Nairobi County Hospital,Malaria,7
2026-06-21,Nairobi County Hospital,Malaria,8
2026-06-22,Nairobi County Hospital,Malaria,4
2026-06-23,Nairobi County Hospital,Malaria,8
2026-06-24,Nairobi County Hospital,Malaria,7
2026-06-25,Nairobi County Hospital,Malaria,8
2026-06-26,Nairobi County Hospital,Malaria,7
2026-06-27,Nairobi County Hospital,Malaria,4
2026-06-28,Nairobi County Hospital,Malaria,10
2026-06-29,Nairobi County Hospital,Malaria,10
2026-06-30,Nairobi County Hospital,Malaria,7
2026-07-01,Nairobi County Hospital,Malaria,7
2026-07-02,Nairobi County Hospital,Malaria,9
2026-07-03,Nairobi County Hospital,Malaria,10
2026-07-04,Nairobi County Hospital,Malaria,9
2026-07-05,Nairobi County Hospital,Malaria,10
2026-07-06,Nairobi County Hospital,Malaria,11
2026-07-07,Nairobi County Hospital,Malaria,10
2026-07-08,Nairobi County Hospital,Malaria,8
2026-07-09,Nairobi County Hospital,Malaria,3
2026-07-10,Nairobi County Hospital,Malaria,8
2026-07-11,Nairobi County Hospital,Malaria,10
2026-07-12,Nairobi County Hospital,Malaria,9
2026-07-13,Nairobi County Hospital,Malaria,11
2026-07-14,Nairobi County Hospital,Malaria,13
2026-07-15,Nairobi County Hospital,Malaria,6
2026-07-16,Nairobi County Hospital,Malaria,13
2026-07-17,Nairobi County Hospital,Malaria,11
2026-07-18,Nairobi County Hospital,Malaria,5
2026-07-19,Nairobi County Hospital,Malaria,5
2026-07-20,Nairobi County Hospital,Malaria,10
2026-07-21,Nairobi County Hospital,Malaria,8
2026-07-22,Nairobi County Hospital,Malaria,13
2026-07-23,Nairobi County Hospital,Malaria,11
2026-07-24,Nairobi County Hospital,Malaria,5
2026-07-25,Nairobi County Hospital,Malaria,4
2026-07-26,Nairobi County Hospital,Malaria,4
2026-07-27,Nairobi County Hospital,Malaria,2
2026-07-28,Nairobi County Hospital,Malaria,6
2026-07-29,Nairobi County Hospital,Malaria,11
2026-07-30,Nairobi County Hospital,Malaria,10
2026-07-31,Nairobi County Hospital,Malaria,11
2026-08-01,Nairobi County Hospital,Malaria,7
2026-08-02,Nairobi County Hospital,Malaria,4
2026-08-03,Nairobi County Hospital,Malaria,9
2026-08-04,Nairobi County Hospital,Malaria,6
2026-08-05,Nairobi County Hospital,Malaria,8
2026-08-06,Nairobi County Hospital,Malaria,10
2026-08-07,Nairobi County Hospital,Malaria,4
2026-08-08,Nairobi County Hospital,Malaria,2
2026-08-09,Nairobi County Hospital,Malaria,10
2026-08-10,Nairobi County Hospital,Malaria,5
2026-08-11,Nairobi County Hospital,Malaria,7
2026-08-12,Nairobi County Hospital,Malaria,17
2026-08-13,Nairobi County Hospital,Malaria,10
2026-08-14,Nairobi County Hospital,Malaria,11
2026-08-15,Nairobi County Hospital,Malaria,7
2026-08-16,Nairobi County Hospital,Malaria,8
2026-08-17,Nairobi County Hospital,Malaria,6
2026-08-18,Nairobi County Hospital,Malaria,6
2026-08-19,Nairobi County Hospital,Malaria,6
2026-08-20,Nairobi County Hospital,Malaria,4
2026-08-21,Nairobi County Hospital,Malaria,8
2026-08-22,Nairobi County Hospital,Malaria,5
2026-08-23,Nairobi County Hospital,Malaria,8
2026-08-24,Nairobi County Hospital,Malaria,3
2026-08-25,Nairobi County Hospital,Malaria,7
2026-08-26,Nairobi County Hospital,Malaria,9
2026-08-27,Nairobi County Hospital,Malaria,9
2026-08-28,Nairobi County Hospital,Malaria,7
2026-08-29,Nairobi County Hospital,Malaria,6
2026-08-30,Nairobi County Hospital,Malaria,6
2026-08-31,Nairobi County Hospital,Malaria,5
2022-01-01,Nairobi County Hospital,Cholera,0
2022-01-02,Nairobi County Hospital,Cholera,0
2022-01-03,Nairobi County Hospital,Cholera,2
2022-01-04,Nairobi County Hospital,Cholera,1
2022-01-05,Nairobi County Hospital,Cholera,1
2022-01-06,Nairobi County Hospital,Cholera,1
2022-01-07,Nairobi County Hospital,Cholera,3
2022-01-08,Nairobi County Hospital,Cholera,0
2022-01-09,Nairobi County Hospital,Cholera,0
2022-01-10,Nairobi County Hospital,Cholera,1
2022-01-11,Nairobi County Hospital,Cholera,0
2022-01-12,Nairobi County Hospital,Cholera,0
2022-01-13,Nairobi County Hospital,Cholera,1
2022-01-14,Nairobi County Hospital,Cholera,1
2022-01-15,Nairobi County Hospital,Cholera,0
2022-01-16,Nairobi County Hospital,Cholera,2
2022-01-17,Nairobi County Hospital,Cholera,1
2022-01-18,Nairobi County Hospital,Cholera,2
2022-01-19,Nairobi County Hospital,Cholera,1
2022-01-20,Nairobi County Hospital,Cholera,0
2022-01-21,Nairobi County Hospital,Cholera,0
2022-01-22,Nairobi County Hospital,Cholera,1
2022-01-23,Nairobi County Hospital,Cholera,1
2022-01-24,Nairobi County Hospital,Cholera,1
2022-01-25,Nairobi County Hospital,Cholera,1
2022-01-26,Nairobi County Hospital,Cholera,0
2022-01-27,Nairobi County Hospital,Cholera,1
2022-01-28,Nairobi County Hospital,Cholera,1
2022-01-29,Nairobi County Hospital,Cholera,3
2022-01-30,Nairobi County Hospital,Cholera,1
2022-01-31,Nairobi County Hospital,Cholera,2
2022-02-01,Nairobi County Hospital,Cholera,1
2022-02-02,Nairobi County Hospital,Cholera,2
2022-02-03,Nairobi County Hospital,Cholera,3
2022-02-04,Nairobi County Hospital,Cholera,2
2022-02-05,Nairobi County Hospital,Cholera,1
2022-02-06,Nairobi County Hospital,Cholera,1
2022-02-07,Nairobi County Hospital,Cholera,0
2022-02-08,Nairobi County Hospital,Cholera,1
2022-02-09,Nairobi County Hospital,Cholera,3
2022-02-10,Nairobi County Hospital,Cholera,0
2022-02-11,Nairobi County Hospital,Cholera,2
2022-02-12,Nairobi County Hospital,Cholera,1
2022-02-13,Nairobi County Hospital,Cholera,1
2022-02-14,Nairobi County Hospital,Cholera,1
2022-02-15,Nairobi County Hospital,Cholera,0
2022-02-16,Nairobi County Hospital,Cholera,2
2022-02-17,Nairobi County Hospital,Cholera,2
2022-02-18,Nairobi County Hospital,Cholera,1
2022-02-19,Nairobi County Hospital,Cholera,1
2022-02-20,Nairobi County Hospital,Cholera,2
2022-02-21,Nairobi County Hospital,Cholera,1
2022-02-22,Nairobi County Hospital,Cholera,4
2022-02-23,Nairobi County Hospital,Cholera,0
2022-02-24,Nairobi County Hospital,Cholera,0
2022-02-25,Nairobi County Hospital,Cholera,0
2022-02-26,Nairobi County Hospital,Cholera,0
2022-02-27,Nairobi County Hospital,Cholera,1
2022-02-28,Nairobi County Hospital,Cholera,0
2022-03-01,Nairobi County Hospital,Cholera,1
2022-03-02,Nairobi County Hospital,Cholera,0
2022-03-03,Nairobi County Hospital,Cholera,0
2022-03-04,Nairobi County Hospital,Cholera,1
2022-03-05,Nairobi County Hospital,Cholera,4
2022-03-06,Nairobi County Hospital,Cholera,2
2022-03-07,Nairobi County Hospital,Cholera,1
2022-03-08,Nairobi County Hospital,Cholera,0
2022-03-09,Nairobi County Hospital,Cholera,1
2022-03-10,Nairobi County Hospital,Cholera,3
2022-03-11,Nairobi County Hospital,Cholera,1
2022-03-12,Nairobi County Hospital,Cholera,3
2022-03-13,Nairobi County Hospital,Cholera,2
2022-03-14,Nairobi County Hospital,Cholera,0
2022-03-15,Nairobi County Hospital,Cholera,0
2022-03-16,Nairobi County Hospital,Cholera,3
2022-03-17,Nairobi County Hospital,Cholera,1
2022-03-18,Nairobi County Hospital,Cholera,0
2022-03-19,Nairobi County Hospital,Cholera,3
2022-03-20,Nairobi County Hospital,Cholera,3
2022-03-21,Nairobi County Hospital,Cholera,3
2022-03-22,Nairobi County Hospital,Cholera,2
2022-03-23,Nairobi County Hospital,Cholera,1
2022-03-24,Nairobi County Hospital,Cholera,0
2022-03-25,Nairobi County Hospital,Cholera,1
2022-03-26,Nairobi County Hospital,Cholera,0
2022-03-27,Nairobi County Hospital,Cholera,2
2022-03-28,Nairobi County Hospital,Cholera,2
2022-03-29,Nairobi County Hospital,Cholera,1
2022-03-30,Nairobi County Hospital,Cholera,0
2022-03-31,Nairobi County Hospital,Cholera,1
2022-04-01,Nairobi County Hospital,Cholera,1
2022-04-02,Nairobi County Hospital,Cholera,0
2022-04-03,Nairobi County Hospital,Cholera,0
2022-04-04,Nairobi County Hospital,Cholera,1
2022-04-05,Nairobi County Hospital,Cholera,1
2022-04-06,Nairobi County Hospital,Cholera,3
2022-04-07,Nairobi County Hospital,Cholera,2
2022-04-08,Nairobi County Hospital,Cholera,3
2022-04-09,Nairobi County Hospital,Cholera,0
2022-04-10,Nairobi County Hospital,Cholera,3
2022-04-11,Nairobi County Hospital,Cholera,2
2022-04-12,Nairobi County Hospital,Cholera,4
2022-04-13,Nairobi County Hospital,Cholera,0
2022-04-14,Nairobi County Hospital,Cholera,0
2022-04-15,Nairobi County Hospital,Cholera,0
2022-04-16,Nairobi County Hospital,Cholera,2
2022-04-17,Nairobi County Hospital,Cholera,1
2022-04-18,Nairobi County Hospital,Cholera,2
2022-04-19,Nairobi County Hospital,Cholera,2
2022-04-20,Nairobi County Hospital,Cholera,0
2022-04-21,Nairobi County Hospital,Cholera,2
2022-04-22,Nairobi County Hospital,Cholera,2
2022-04-23,Nairobi County Hospital,Cholera,2
2022-04-24,Nairobi County Hospital,Cholera,0
2022-04-25,Nairobi County Hospital,Cholera,1
2022-04-26,Nairobi County Hospital,Cholera,0
2022-04-27,Nairobi County Hospital,Cholera,1
2022-04-28,Nairobi County Hospital,Cholera,0
2022-04-29,Nairobi County Hospital,Cholera,1
2022-04-30,Nairobi County Hospital,Cholera,2
2022-05-01,Nairobi County Hospital,Cholera,0
2022-05-02,Nairobi County Hospital,Cholera,1
2022-05-03,Nairobi County Hospital,Cholera,3
2022-05-04,Nairobi County Hospital,Cholera,1
2022-05-05,Nairobi County Hospital,Cholera,3
2022-05-06,Nairobi County Hospital,Cholera,0
2022-05-07,Nairobi County Hospital,Cholera,1
2022-05-08,Nairobi County Hospital,Cholera,2
2022-05-09,Nairobi County Hospital,Cholera,1
2022-05-10,Nairobi County Hospital,Cholera,2
2022-05-11,Nairobi County Hospital,Cholera,2
2022-05-12,Nairobi County Hospital,Cholera,1
2022-05-13,Nairobi County Hospital,Cholera,4
2022-05-14,Nairobi County Hospital,Cholera,1
2022-05-15,Nairobi County Hospital,Cholera,1
2022-05-16,Nairobi County Hospital,Cholera,0
2022-05-17,Nairobi County Hospital,Cholera,0
2022-05-18,Nairobi County Hospital,Cholera,0
2022-05-19,Nairobi County Hospital,Cholera,0
2022-05-20,Nairobi County Hospital,Cholera,0
2022-05-21,Nairobi County Hospital,Cholera,2
2022-05-22,Nairobi County Hospital,Cholera,2
2022-05-23,Nairobi County Hospital,Cholera,1
2022-05-24,Nairobi County Hospital,Cholera,1
2022-05-25,Nairobi County Hospital,Cholera,3
2022-05-26,Nairobi County Hospital,Cholera,2
2022-05-27,Nairobi County Hospital,Cholera,0
2022-05-28,Nairobi County Hospital,Cholera,1
2022-05-29,Nairobi County Hospital,Cholera,1
2022-05-30,Nairobi County Hospital,Cholera,3
2022-05-31,Nairobi County Hospital,Cholera,3
2022-06-01,Nairobi County Hospital,Cholera,0
2022-06-02,Nairobi County Hospital,Cholera,2
2022-06-03,Nairobi County Hospital,Cholera,6
2022-06-04,Nairobi County Hospital,Cholera,1
2022-06-05,Nairobi County Hospital,Cholera,0
2022-06-06,Nairobi County Hospital,Cholera,1
2022-06-07,Nairobi County Hospital,Cholera,0
2022-06-08,Nairobi County Hospital,Cholera,0
2022-06-09,Nairobi County Hospital,Cholera,0
2022-06-10,Nairobi County Hospital,Cholera,3
2022-06-11,Nairobi County Hospital,Cholera,0
2022-06-12,Nairobi County Hospital,Cholera,1
2022-06-13,Nairobi County Hospital,Cholera,3
2022-06-14,Nairobi County Hospital,Cholera,0
2022-06-15,Nairobi County Hospital,Cholera,1
2022-06-16,Nairobi County Hospital,Cholera,2
2022-06-17,Nairobi County Hospital,Cholera,0
2022-06-18,Nairobi County Hospital,Cholera,1
2022-06-19,Nairobi County Hospital,Cholera,2
2022-06-20,Nairobi County Hospital,Cholera,1
2022-06-21,Nairobi County Hospital,Cholera,3
2022-06-22,Nairobi County Hospital,Cholera,1
2022-06-23,Nairobi County Hospital,Cholera,2
2022-06-24,Nairobi County Hospital,Cholera,1
2022-06-25,Nairobi County Hospital,Cholera,0
2022-06-26,Nairobi County Hospital,Cholera,0
2022-06-27,Nairobi County Hospital,Cholera,2
2022-06-28,Nairobi County Hospital,Cholera,0
2022-06-29,Nairobi County Hospital,Cholera,0
2022-06-30,Nairobi County Hospital,Cholera,0
2022-07-01,Nairobi County Hospital,Cholera,1
2022-07-02,Nairobi County Hospital,Cholera,0
2022-07-03,Nairobi County Hospital,Cholera,0
2022-07-04,Nairobi County Hospital,Cholera,2
2022-07-05,Nairobi County Hospital,Cholera,2
2022-07-06,Nairobi County Hospital,Cholera,2
2022-07-07,Nairobi County Hospital,Cholera,2
2022-07-08,Nairobi County Hospital,Cholera,0
2022-07-09,Nairobi County Hospital,Cholera,1
2022-07-10,Nairobi County Hospital,Cholera,0
2022-07-11,Nairobi County Hospital,Cholera,0
2022-07-12,Nairobi County Hospital,Cholera,0
2022-07-13,Nairobi County Hospital,Cholera,2
2022-07-14,Nairobi County Hospital,Cholera,2
2022-07-15,Nairobi County Hospital,Cholera,0
2022-07-16,Nairobi County Hospital,Cholera,0
2022-07-17,Nairobi County Hospital,Cholera,1
2022-07-18,Nairobi County Hospital,Cholera,0
2022-07-19,Nairobi County Hospital,Cholera,2
2022-07-20,Nairobi County Hospital,Cholera,1
2022-07-21,Nairobi County Hospital,Cholera,2
2022-07-22,Nairobi County Hospital,Cholera,0
2022-07-23,Nairobi County Hospital,Cholera,0
2022-07-24,Nairobi County Hospital,Cholera,1
2022-07-25,Nairobi County Hospital,Cholera,1
2022-07-26,Nairobi County Hospital,Cholera,0
2022-07-27,Nairobi County Hospital,Cholera,0
2022-07-28,Nairobi County Hospital,Cholera,0
2022-07-29,Nairobi County Hospital,Cholera,0
2022-07-30,Nairobi County Hospital,Cholera,2
2022-07-31,Nairobi County Hospital,Cholera,1
2022-08-01,Nairobi County Hospital,Cholera,1
2022-08-02,Nairobi County Hospital,Cholera,1
2022-08-03,Nairobi County Hospital,Cholera,0
2022-08-04,Nairobi County Hospital,Cholera,1
2022-08-05,Nairobi County Hospital,Cholera,1
2022-08-06,Nairobi County Hospital,Cholera,1
2022-08-07,Nairobi County Hospital,Cholera,1
2022-08-08,Nairobi County Hospital,Cholera,1
2022-08-09,Nairobi County Hospital,Cholera,1
2022-08-10,Nairobi County Hospital,Cholera,1
2022-08-11,Nairobi County Hospital,Cholera,2
2022-08-12,Nairobi County Hospital,Cholera,0
2022-08-13,Nairobi County Hospital,Cholera,0
2022-08-14,Nairobi County Hospital,Cholera,0
2022-08-15,Nairobi County Hospital,Cholera,0
2022-08-16,Nairobi County Hospital,Cholera,1
2022-08-17,Nairobi County Hospital,Cholera,1
2022-08-18,Nairobi County Hospital,Cholera,0
2022-08-19,Nairobi County Hospital,Cholera,0
2022-08-20,Nairobi County Hospital,Cholera,1
2022-08-21,Nairobi County Hospital,Cholera,0
2022-08-22,Nairobi County Hospital,Cholera,0
2022-08-23,Nairobi County Hospital,Cholera,2
2022-08-24,Nairobi County Hospital,Cholera,0
2022-08-25,Nairobi County Hospital,Cholera,0
2022-08-26,Nairobi County Hospital,Cholera,0
2022-08-27,Nairobi County Hospital,Cholera,1
2022-08-28,Nairobi County Hospital,Cholera,2
2022-08-29,Nairobi County Hospital,Cholera,0
2022-08-30,Nairobi County Hospital,Cholera,1
2022-08-31,Nairobi County Hospital,Cholera,0
2022-09-01,Nairobi County Hospital,Cholera,1
2022-09-02,Nairobi County Hospital,Cholera,0
2022-09-03,Nairobi County Hospital,Cholera,0
2022-09-04,Nairobi County Hospital,Cholera,0
2022-09-05,Nairobi County Hospital,Cholera,1
2022-09-06,Nairobi County Hospital,Cholera,1
2022-09-07,Nairobi County Hospital,Cholera,0
2022-09-08,Nairobi County Hospital,Cholera,0
2022-09-09,Nairobi County Hospital,Cholera,0
2022-09-10,Nairobi County Hospital,Cholera,1
2022-09-11,Nairobi County Hospital,Cholera,2
2022-09-12,Nairobi County Hospital,Cholera,1
2022-09-13,Nairobi County Hospital,Cholera,1
2022-09-14,Nairobi County Hospital,Cholera,1
2022-09-15,Nairobi County Hospital,Cholera,3
2022-09-16,Nairobi County Hospital,Cholera,0
2022-09-17,Nairobi County Hospital,Cholera,1
2022-09-18,Nairobi County Hospital,Cholera,1
2022-09-19,Nairobi County Hospital,Cholera,1
2022-09-20,Nairobi County Hospital,Cholera,0
2022-09-21,Nairobi County Hospital,Cholera,0
2022-09-22,Nairobi County Hospital,Cholera,1
2022-09-23,Nairobi County Hospital,Cholera,1
2022-09-24,Nairobi County Hospital,Cholera,0
2022-09-25,Nairobi County Hospital,Cholera,0
2022-09-26,Nairobi County Hospital,Cholera,2
2022-09-27,Nairobi County Hospital,Cholera,1
2022-09-28,Nairobi County Hospital,Cholera,1
2022-09-29,Nairobi County Hospital,Cholera,0
2022-09-30,Nairobi County Hospital,Cholera,0
2022-10-01,Nairobi County Hospital,Cholera,0
2022-10-02,Nairobi County Hospital,Cholera,1
2022-10-03,Nairobi County Hospital,Cholera,2
2022-10-04,Nairobi County Hospital,Cholera,0
2022-10-05,Nairobi County Hospital,Cholera,1
2022-10-06,Nairobi County Hospital,Cholera,1
2022-10-07,Nairobi County Hospital,Cholera,0
2022-10-08,Nairobi County Hospital,Cholera,0
2022-10-09,Nairobi County Hospital,Cholera,0
2022-10-10,Nairobi County Hospital,Cholera,0
2022-10-11,Nairobi County Hospital,Cholera,0
2022-10-12,Nairobi County Hospital,Cholera,0
2022-10-13,Nairobi County Hospital,Cholera,1
2022-10-14,Nairobi County Hospital,Cholera,0
2022-10-15,Nairobi County Hospital,Cholera,0
2022-10-16,Nairobi County Hospital,Cholera,0
2022-10-17,Nairobi County Hospital,Cholera,0
2022-10-18,Nairobi County Hospital,Cholera,1
2022-10-19,Nairobi County Hospital,Cholera,1
2022-10-20,Nairobi County Hospital,Cholera,0
2022-10-21,Nairobi County Hospital,Cholera,0
2022-10-22,Nairobi County Hospital,Cholera,2
2022-10-23,Nairobi County Hospital,Cholera,1
2022-10-24,Nairobi County Hospital,Cholera,0
2022-10-25,Nairobi County Hospital,Cholera,1
2022-10-26,Nairobi County Hospital,Cholera,0
2022-10-27,Nairobi County Hospital,Cholera,0
2022-10-28,Nairobi County Hospital,Cholera,1
2022-10-29,Nairobi County Hospital,Cholera,1
2022-10-30,Nairobi County Hospital,Cholera,1
2022-10-31,Nairobi County Hospital,Cholera,1
2022-11-01,Nairobi County Hospital,Cholera,0
2022-11-02,Nairobi County Hospital,Cholera,0
2022-11-03,Nairobi County Hospital,Cholera,1
2022-11-04,Nairobi County Hospital,Cholera,0
2022-11-05,Nairobi County Hospital,Cholera,1
2022-11-06,Nairobi County Hospital,Cholera,0
2022-11-07,Nairobi County Hospital,Cholera,0
2022-11-08,Nairobi County Hospital,Cholera,0
2022-11-09,Nairobi County Hospital,Cholera,0
2022-11-10,Nairobi County Hospital,Cholera,1
2022-11-11,Nairobi County Hospital,Cholera,0
2022-11-12,Nairobi County Hospital,Cholera,1
2022-11-13,Nairobi County Hospital,Cholera,0
2022-11-14,Nairobi County Hospital,Cholera,1
2022-11-15,Nairobi County Hospital,Cholera,0
2022-11-16,Nairobi County Hospital,Cholera,2
2022-11-17,Nairobi County Hospital,Cholera,1
2022-11-18,Nairobi County Hospital,Cholera,0
2022-11-19,Nairobi County Hospital,Cholera,1
2022-11-20,Nairobi County Hospital,Cholera,1
2022-11-21,Nairobi County Hospital,Cholera,1
2022-11-22,Nairobi County Hospital,Cholera,0
2022-11-23,Nairobi County Hospital,Cholera,0
2022-11-24,Nairobi County Hospital,Cholera,0
2022-11-25,Nairobi County Hospital,Cholera,1
2022-11-26,Nairobi County Hospital,Cholera,1
2022-11-27,Nairobi County Hospital,Cholera,0
2022-11-28,Nairobi County Hospital,Cholera,0
2022-11-29,Nairobi County Hospital,Cholera,1
2022-11-30,Nairobi County Hospital,Cholera,0
2022-12-01,Nairobi County Hospital,Cholera,0
2022-12-02,Nairobi County Hospital,Cholera,0
2022-12-03,Nairobi County Hospital,Cholera,0
2022-12-04,Nairobi County Hospital,Cholera,0
2022-12-05,Nairobi County Hospital,Cholera,1
2022-12-06,Nairobi County Hospital,Cholera,0
2022-12-07,Nairobi County Hospital,Cholera,2
2022-12-08,Nairobi County Hospital,Cholera,2
2022-12-09,Nairobi County Hospital,Cholera,0
2022-12-10,Nairobi County Hospital,Cholera,3
2022-12-11,Nairobi County Hospital,Cholera,1
2022-12-12,Nairobi County Hospital,Cholera,2
2022-12-13,Nairobi County Hospital,Cholera,0
2022-12-14,Nairobi County Hospital,Cholera,2
2022-12-15,Nairobi County Hospital,Cholera,1
2022-12-16,Nairobi County Hospital,Cholera,0
2022-12-17,Nairobi County Hospital,Cholera,0
2022-12-18,Nairobi County Hospital,Cholera,1
2022-12-19,Nairobi County Hospital,Cholera,1
2022-12-20,Nairobi County Hospital,Cholera,2
2022-12-21,Nairobi County Hospital,Cholera,0
2022-12-22,Nairobi County Hospital,Cholera,0
2022-12-23,Nairobi County Hospital,Cholera,0
2022-12-24,Nairobi County Hospital,Cholera,1
2022-12-25,Nairobi County Hospital,Cholera,0
2022-12-26,Nairobi County Hospital,Cholera,1
2022-12-27,Nairobi County Hospital,Cholera,0
2022-12-28,Nairobi County Hospital,Cholera,0
2022-12-29,Nairobi County Hospital,Cholera,0
2022-12-30,Nairobi County Hospital,Cholera,1
2022-12-31,Nairobi County Hospital,Cholera,1
2023-01-01,Nairobi County Hospital,Cholera,1
2023-01-02,Nairobi County Hospital,Cholera,1
2023-01-03,Nairobi County Hospital,Cholera,0
2023-01-04,Nairobi County Hospital,Cholera,0
2023-01-05,Nairobi County Hospital,Cholera,1
2023-01-06,Nairobi County Hospital,Cholera,0
2023-01-07,Nairobi County Hospital,Cholera,2
2023-01-08,Nairobi County Hospital,Cholera,1
2023-01-09,Nairobi County Hospital,Cholera,3
2023-01-10,Nairobi County Hospital,Cholera,1
2023-01-11,Nairobi County Hospital,Cholera,1
2023-01-12,Nairobi County Hospital,Cholera,0
2023-01-13,Nairobi County Hospital,Cholera,2
2023-01-14,Nairobi County Hospital,Cholera,1
2023-01-15,Nairobi County Hospital,Cholera,2
2023-01-16,Nairobi County Hospital,Cholera,0
2023-01-17,Nairobi County Hospital,Cholera,1
2023-01-18,Nairobi County Hospital,Cholera,3
2023-01-19,Nairobi County Hospital,Cholera,2
2023-01-20,Nairobi County Hospital,Cholera,0
2023-01-21,Nairobi County Hospital,Cholera,0
2023-01-22,Nairobi County Hospital,Cholera,0
2023-01-23,Nairobi County Hospital,Cholera,2
2023-01-24,Nairobi County Hospital,Cholera,1
2023-01-25,Nairobi County Hospital,Cholera,0
2023-01-26,Nairobi County Hospital,Cholera,0
2023-01-27,Nairobi County Hospital,Cholera,4
2023-01-28,Nairobi County Hospital,Cholera,1
2023-01-29,Nairobi County Hospital,Cholera,1
2023-01-30,Nairobi County Hospital,Cholera,0
2023-01-31,Nairobi County Hospital,Cholera,0
2023-02-01,Nairobi County Hospital,Cholera,0
2023-02-02,Nairobi County Hospital,Cholera,0
2023-02-03,Nairobi County Hospital,Cholera,1
2023-02-04,Nairobi County Hospital,Cholera,2
2023-02-05,Nairobi County Hospital,Cholera,2
2023-02-06,Nairobi County Hospital,Cholera,0
2023-02-07,Nairobi County Hospital,Cholera,1
2023-02-08,Nairobi County Hospital,Cholera,1
2023-02-09,Nairobi County Hospital,Cholera,3
2023-02-10,Nairobi County Hospital,Cholera,0
2023-02-11,Nairobi County Hospital,Cholera,2
2023-02-12,Nairobi County Hospital,Cholera,0
2023-02-13,Nairobi County Hospital,Cholera,2
2023-02-14,Nairobi County Hospital,Cholera,1
2023-02-15,Nairobi County Hospital,Cholera,0
2023-02-16,Nairobi County Hospital,Cholera,2
2023-02-17,Nairobi County Hospital,Cholera,1
2023-02-18,Nairobi County Hospital,Cholera,0
2023-02-19,Nairobi County Hospital,Cholera,1
2023-02-20,Nairobi County Hospital,Cholera,0
2023-02-21,Nairobi County Hospital,Cholera,2
2023-02-22,Nairobi County Hospital,Cholera,1
2023-02-23,Nairobi County Hospital,Cholera,1
2023-02-24,Nairobi County Hospital,Cholera,0
2023-02-25,Nairobi County Hospital,Cholera,1
2023-02-26,Nairobi County Hospital,Cholera,3
2023-02-27,Nairobi County Hospital,Cholera,0
2023-02-28,Nairobi County Hospital,Cholera,3
2023-03-01,Nairobi County Hospital,Cholera,1
2023-03-02,Nairobi County Hospital,Cholera,2
2023-03-03,Nairobi County Hospital,Cholera,2
2023-03-04,Nairobi County Hospital,Cholera,0
2023-03-05,Nairobi County Hospital,Cholera,3
2023-03-06,Nairobi County Hospital,Cholera,3
2023-03-07,Nairobi County Hospital,Cholera,0
2023-03-08,Nairobi County Hospital,Cholera,1
2023-03-09,Nairobi County Hospital,Cholera,2
2023-03-10,Nairobi County Hospital,Cholera,3
2023-03-11,Nairobi County Hospital,Cholera,3
2023-03-12,Nairobi County Hospital,Cholera,0
2023-03-13,Nairobi County Hospital,Cholera,1
2023-03-14,Nairobi County Hospital,Cholera,1
2023-03-15,Nairobi County Hospital,Cholera,0
2023-03-16,Nairobi County Hospital,Cholera,2
2023-03-17,Nairobi County Hospital,Cholera,3
2023-03-18,Nairobi County Hospital,Cholera,1
2023-03-19,Nairobi County Hospital,Cholera,1
2023-03-20,Nairobi County Hospital,Cholera,2
2023-03-21,Nairobi County Hospital,Cholera,2
2023-03-22,Nairobi County Hospital,Cholera,1
2023-03-23,Nairobi County Hospital,Cholera,1
2023-03-24,Nairobi County Hospital,Cholera,1
2023-03-25,Nairobi County Hospital,Cholera,0
2023-03-26,Nairobi County Hospital,Cholera,2
2023-03-27,Nairobi County Hospital,Cholera,1
2023-03-28,Nairobi County Hospital,Cholera,2
2023-03-29,Nairobi County Hospital,Cholera,3
2023-03-30,Nairobi County Hospital,Cholera,2
2023-03-31,Nairobi County Hospital,Cholera,0
2023-04-01,Nairobi County Hospital,Cholera,1
2023-04-02,Nairobi County Hospital,Cholera,3
2023-04-03,Nairobi County Hospital,Cholera,0
2023-04-04,Nairobi County Hospital,Cholera,2
2023-04-05,Nairobi County Hospital,Cholera,1
2023-04-06,Nairobi County Hospital,Cholera,0
2023-04-07,Nairobi County Hospital,Cholera,2
2023-04-08,Nairobi County Hospital,Cholera,2
2023-04-09,Nairobi County Hospital,Cholera,1
2023-04-10,Nairobi County Hospital,Cholera,1
2023-04-11,Nairobi County Hospital,Cholera,1
2023-04-12,Nairobi County Hospital,Cholera,3
2023-04-13,Nairobi County Hospital,Cholera,2
2023-04-14,Nairobi County Hospital,Cholera,3
2023-04-15,Nairobi County Hospital,Cholera,2
2023-04-16,Nairobi County Hospital,Cholera,2
2023-04-17,Nairobi County Hospital,Cholera,2
2023-04-18,Nairobi County Hospital,Cholera,1
2023-04-19,Nairobi County Hospital,Cholera,2
2023-04-20,Nairobi County Hospital,Cholera,0
2023-04-21,Nairobi County Hospital,Cholera,3
2023-04-22,Nairobi County Hospital,Cholera,0
2023-04-23,Nairobi County Hospital,Cholera,0
2023-04-24,Nairobi County Hospital,Cholera,1
2023-04-25,Nairobi County Hospital,Cholera,1
2023-04-26,Nairobi County Hospital,Cholera,0
2023-04-27,Nairobi County Hospital,Cholera,1
2023-04-28,Nairobi County Hospital,Cholera,0
2023-04-29,Nairobi County Hospital,Cholera,0
2023-04-30,Nairobi County Hospital,Cholera,3
2023-05-01,Nairobi County Hospital,Cholera,3
2023-05-02,Nairobi County Hospital,Cholera,4
2023-05-03,Nairobi County Hospital,Cholera,1
2023-05-04,Nairobi County Hospital,Cholera,0
2023-05-05,Nairobi County Hospital,Cholera,1
2023-05-06,Nairobi County Hospital,Cholera,1
2023-05-07,Nairobi County Hospital,Cholera,0
2023-05-08,Nairobi County Hospital,Cholera,0
2023-05-09,Nairobi County Hospital,Cholera,1
2023-05-10,Nairobi County Hospital,Cholera,1
2023-05-11,Nairobi County Hospital,Cholera,3
2023-05-12,Nairobi County Hospital,Cholera,0
2023-05-13,Nairobi County Hospital,Cholera,2
2023-05-14,Nairobi County Hospital,Cholera,2
2023-05-15,Nairobi County Hospital,Cholera,1
2023-05-16,Nairobi County Hospital,Cholera,0
2023-05-17,Nairobi County Hospital,Cholera,5
2023-05-18,Nairobi County Hospital,Cholera,1
2023-05-19,Nairobi County Hospital,Cholera,2
2023-05-20,Nairobi County Hospital,Cholera,1
2023-05-21,Nairobi County Hospital,Cholera,2
2023-05-22,Nairobi County Hospital,Cholera,3
2023-05-23,Nairobi County Hospital,Cholera,1
2023-05-24,Nairobi County Hospital,Cholera,0
2023-05-25,Nairobi County Hospital,Cholera,2
2023-05-26,Nairobi County Hospital,Cholera,0
2023-05-27,Nairobi County Hospital,Cholera,1
2023-05-28,Nairobi County Hospital,Cholera,1
2023-05-29,Nairobi County Hospital,Cholera,2
2023-05-30,Nairobi County Hospital,Cholera,0
2023-05-31,Nairobi County Hospital,Cholera,1
2023-06-01,Nairobi County Hospital,Cholera,0
2023-06-02,Nairobi County Hospital,Cholera,0
2023-06-03,Nairobi County Hospital,Cholera,0
2023-06-04,Nairobi County Hospital,Cholera,3
2023-06-05,Nairobi County Hospital,Cholera,1
2023-06-06,Nairobi County Hospital,Cholera,1
2023-06-07,Nairobi County Hospital,Cholera,2
2023-06-08,Nairobi County Hospital,Cholera,2
2023-06-09,Nairobi County Hospital,Cholera,0
2023-06-10,Nairobi County Hospital,Cholera,2
2023-06-11,Nairobi County Hospital,Cholera,1
2023-06-12,Nairobi County Hospital,Cholera,1
2023-06-13,Nairobi County Hospital,Cholera,0
2023-06-14,Nairobi County Hospital,Cholera,1
2023-06-15,Nairobi County Hospital,Cholera,1
2023-06-16,Nairobi County Hospital,Cholera,0
2023-06-17,Nairobi County Hospital,Cholera,1
2023-06-18,Nairobi County Hospital,Cholera,0
2023-06-19,Nairobi County Hospital,Cholera,1
2023-06-20,Nairobi County Hospital,Cholera,1
2023-06-21,Nairobi County Hospital,Cholera,2
2023-06-22,Nairobi County Hospital,Cholera,3
2023-06-23,Nairobi County Hospital,Cholera,2
2023-06-24,Nairobi County Hospital,Cholera,0
2023-06-25,Nairobi County Hospital,Cholera,0
2023-06-26,Nairobi County Hospital,Cholera,1
2023-06-27,Nairobi County Hospital,Cholera,0
2023-06-28,Nairobi County Hospital,Cholera,1
2023-06-29,Nairobi County Hospital,Cholera,0
2023-06-30,Nairobi County Hospital,Cholera,1
2023-07-01,Nairobi County Hospital,Cholera,1
2023-07-02,Nairobi County Hospital,Cholera,2
2023-07-03,Nairobi County Hospital,Cholera,0
2023-07-04,Nairobi County Hospital,Cholera,1
2023-07-05,Nairobi County Hospital,Cholera,0
2023-07-06,Nairobi County Hospital,Cholera,3
2023-07-07,Nairobi County Hospital,Cholera,0
2023-07-08,Nairobi County Hospital,Cholera,1
2023-07-09,Nairobi County Hospital,Cholera,0
2023-07-10,Nairobi County Hospital,Cholera,0
2023-07-11,Nairobi County Hospital,Cholera,0
2023-07-12,Nairobi County Hospital,Cholera,1
2023-07-13,Nairobi County Hospital,Cholera,1
2023-07-14,Nairobi County Hospital,Cholera,0
2023-07-15,Nairobi County Hospital,Cholera,0
2023-07-16,Nairobi County Hospital,Cholera,1
2023-07-17,Nairobi County Hospital,Cholera,1
2023-07-18,Nairobi County Hospital,Cholera,1
2023-07-19,Nairobi County Hospital,Cholera,0
2023-07-20,Nairobi County Hospital,Cholera,1
2023-07-21,Nairobi County Hospital,Cholera,1
2023-07-22,Nairobi County Hospital,Cholera,0
2023-07-23,Nairobi County Hospital,Cholera,2
2023-07-24,Nairobi County Hospital,Cholera,1
2023-07-25,Nairobi County Hospital,Cholera,1
2023-07-26,Nairobi County Hospital,Cholera,1
2023-07-27,Nairobi County Hospital,Cholera,2
2023-07-28,Nairobi County Hospital,Cholera,1
2023-07-29,Nairobi County Hospital,Cholera,1
2023-07-30,Nairobi County Hospital,Cholera,0
2023-07-31,Nairobi County Hospital,Cholera,1
2023-08-01,Nairobi County Hospital,Cholera,1
2023-08-02,Nairobi County Hospital,Cholera,0
2023-08-03,Nairobi County Hospital,Cholera,1
2023-08-04,Nairobi County Hospital,Cholera,1
2023-08-05,Nairobi County Hospital,Cholera,1
2023-08-06,Nairobi County Hospital,Cholera,0
2023-08-07,Nairobi County Hospital,Cholera,0
2023-08-08,Nairobi County Hospital,Cholera,1
2023-08-09,Nairobi County Hospital,Cholera,0
2023-08-10,Nairobi County Hospital,Cholera,0
2023-08-11,Nairobi County Hospital,Cholera,0
2023-08-12,Nairobi County Hospital,Cholera,1
2023-08-13,Nairobi County Hospital,Cholera,0
2023-08-14,Nairobi County Hospital,Cholera,2
2023-08-15,Nairobi County Hospital,Cholera,1
2023-08-16,Nairobi County Hospital,Cholera,1
2023-08-17,Nairobi County Hospital,Cholera,0
2023-08-18,Nairobi County Hospital,Cholera,0
2023-08-19,Nairobi County Hospital,Cholera,1
2023-08-20,Nairobi County Hospital,Cholera,0
2023-08-21,Nairobi County Hospital,Cholera,1
2023-08-22,Nairobi County Hospital,Cholera,1
2023-08-23,Nairobi County Hospital,Cholera,0
2023-08-24,Nairobi County Hospital,Cholera,0
2023-08-25,Nairobi County Hospital,Cholera,0
2023-08-26,Nairobi County Hospital,Cholera,0
2023-08-27,Nairobi County Hospital,Cholera,0
2023-08-28,Nairobi County Hospital,Cholera,1
2023-08-29,Nairobi County Hospital,Cholera,0
2023-08-30,Nairobi County Hospital,Cholera,1
2023-08-31,Nairobi County Hospital,Cholera,2
2023-09-01,Nairobi County Hospital,Cholera,2
2023-09-02,Nairobi County Hospital,Cholera,1
2023-09-03,Nairobi County Hospital,Cholera,0
2023-09-04,Nairobi County Hospital,Cholera,0
2023-09-05,Nairobi County Hospital,Cholera,0
2023-09-06,Nairobi County Hospital,Cholera,1
2023-09-07,Nairobi County Hospital,Cholera,4
2023-09-08,Nairobi County Hospital,Cholera,2
2023-09-09,Nairobi County Hospital,Cholera,1
2023-09-10,Nairobi County Hospital,Cholera,0
2023-09-11,Nairobi County Hospital,Cholera,0
2023-09-12,Nairobi County Hospital,Cholera,0
2023-09-13,Nairobi County Hospital,Cholera,0
2023-09-14,Nairobi County Hospital,Cholera,0
2023-09-15,Nairobi County Hospital,Cholera,1
2023-09-16,Nairobi County Hospital,Cholera,3
2023-09-17,Nairobi County Hospital,Cholera,0
2023-09-18,Nairobi County Hospital,Cholera,1
2023-09-19,Nairobi County Hospital,Cholera,0
2023-09-20,Nairobi County Hospital,Cholera,0
2023-09-21,Nairobi County Hospital,Cholera,0
2023-09-22,Nairobi County Hospital,Cholera,1
2023-09-23,Nairobi County Hospital,Cholera,1
2023-09-24,Nairobi County Hospital,Cholera,0
2023-09-25,Nairobi County Hospital,Cholera,0
2023-09-26,Nairobi County Hospital,Cholera,0
2023-09-27,Nairobi County Hospital,Cholera,1
2023-09-28,Nairobi County Hospital,Cholera,0
2023-09-29,Nairobi County Hospital,Cholera,0
2023-09-30,Nairobi County Hospital,Cholera,2
2023-10-01,Nairobi County Hospital,Cholera,0
2023-10-02,Nairobi County Hospital,Cholera,1
2023-10-03,Nairobi County Hospital,Cholera,0
2023-10-04,Nairobi County Hospital,Cholera,0
2023-10-05,Nairobi County Hospital,Cholera,0
2023-10-06,Nairobi County Hospital,Cholera,0
2023-10-07,Nairobi County Hospital,Cholera,0
2023-10-08,Nairobi County Hospital,Cholera,0
2023-10-09,Nairobi County Hospital,Cholera,0
2023-10-10,Nairobi County Hospital,Cholera,0
2023-10-11,Nairobi County Hospital,Cholera,0
2023-10-12,Nairobi County Hospital,Cholera,2
2023-10-13,Nairobi County Hospital,Cholera,0
2023-10-14,Nairobi County Hospital,Cholera,0
2023-10-15,Nairobi County Hospital,Cholera,0
2023-10-16,Nairobi County Hospital,Cholera,0
2023-10-17,Nairobi County Hospital,Cholera,0
2023-10-18,Nairobi County Hospital,Cholera,2
2023-10-19,Nairobi County Hospital,Cholera,1
2023-10-20,Nairobi County Hospital,Cholera,2
2023-10-21,Nairobi County Hospital,Cholera,1
2023-10-22,Nairobi County Hospital,Cholera,0
2023-10-23,Nairobi County Hospital,Cholera,0
2023-10-24,Nairobi County Hospital,Cholera,0
2023-10-25,Nairobi County Hospital,Cholera,0
2023-10-26,Nairobi County Hospital,Cholera,0
2023-10-27,Nairobi County Hospital,Cholera,0
2023-10-28,Nairobi County Hospital,Cholera,0
2023-10-29,Nairobi County Hospital,Cholera,0
2023-10-30,Nairobi County Hospital,Cholera,1
2023-10-31,Nairobi County Hospital,Cholera,0
2023-11-01,Nairobi County Hospital,Cholera,0
2023-11-02,Nairobi County Hospital,Cholera,0
2023-11-03,Nairobi County Hospital,Cholera,1
2023-11-04,Nairobi County Hospital,Cholera,0
2023-11-05,Nairobi County Hospital,Cholera,0
2023-11-06,Nairobi County Hospital,Cholera,0
2023-11-07,Nairobi County Hospital,Cholera,3
2023-11-08,Nairobi County Hospital,Cholera,2
2023-11-09,Nairobi County Hospital,Cholera,0
2023-11-10,Nairobi County Hospital,Cholera,0
2023-11-11,Nairobi County Hospital,Cholera,0
2023-11-12,Nairobi County Hospital,Cholera,0
2023-11-13,Nairobi County Hospital,Cholera,1
2023-11-14,Nairobi County Hospital,Cholera,0
2023-11-15,Nairobi County Hospital,Cholera,1
2023-11-16,Nairobi County Hospital,Cholera,3
2023-11-17,Nairobi County Hospital,Cholera,0
2023-11-18,Nairobi County Hospital,Cholera,0
2023-11-19,Nairobi County Hospital,Cholera,1
2023-11-20,Nairobi County Hospital,Cholera,0
2023-11-21,Nairobi County Hospital,Cholera,1
2023-11-22,Nairobi County Hospital,Cholera,0
2023-11-23,Nairobi County Hospital,Cholera,0
2023-11-24,Nairobi County Hospital,Cholera,0
2023-11-25,Nairobi County Hospital,Cholera,1
2023-11-26,Nairobi County Hospital,Cholera,0
2023-11-27,Nairobi County Hospital,Cholera,0
2023-11-28,Nairobi County Hospital,Cholera,1
2023-11-29,Nairobi County Hospital,Cholera,0
2023-11-30,Nairobi County Hospital,Cholera,1
2023-12-01,Nairobi County Hospital,Cholera,1
2023-12-02,Nairobi County Hospital,Cholera,0
2023-12-03,Nairobi County Hospital,Cholera,0
2023-12-04,Nairobi County Hospital,Cholera,1
2023-12-05,Nairobi County Hospital,Cholera,0
2023-12-06,Nairobi County Hospital,Cholera,1
2023-12-07,Nairobi County Hospital,Cholera,2
2023-12-08,Nairobi County Hospital,Cholera,0
2023-12-09,Nairobi County Hospital,Cholera,0
2023-12-10,Nairobi County Hospital,Cholera,1
2023-12-11,Nairobi County Hospital,Cholera,0
2023-12-12,Nairobi County Hospital,Cholera,2
2023-12-13,Nairobi County Hospital,Cholera,0
2023-12-14,Nairobi County Hospital,Cholera,2
2023-12-15,Nairobi County Hospital,Cholera,0
2023-12-16,Nairobi County Hospital,Cholera,0
2023-12-17,Nairobi County Hospital,Cholera,0
2023-12-18,Nairobi County Hospital,Cholera,0
2023-12-19,Nairobi County Hospital,Cholera,1
2023-12-20,Nairobi County Hospital,Cholera,0
2023-12-21,Nairobi County Hospital,Cholera,1
2023-12-22,Nairobi County Hospital,Cholera,0
2023-12-23,Nairobi County Hospital,Cholera,1
2023-12-24,Nairobi County Hospital,Cholera,1
2023-12-25,Nairobi County Hospital,Cholera,1
2023-12-26,Nairobi County Hospital,Cholera,0
2023-12-27,Nairobi County Hospital,Cholera,1
2023-12-28,Nairobi County Hospital,Cholera,1
2023-12-29,Nairobi County Hospital,Cholera,2
2023-12-30,Nairobi County Hospital,Cholera,0
2023-12-31,Nairobi County Hospital,Cholera,1
2024-01-01,Nairobi County Hospital,Cholera,0
2024-01-02,Nairobi County Hospital,Cholera,1
2024-01-03,Nairobi County Hospital,Cholera,0
2024-01-04,Nairobi County Hospital,Cholera,1
2024-01-05,Nairobi County Hospital,Cholera,0
2024-01-06,Nairobi County Hospital,Cholera,2
2024-01-07,Nairobi County Hospital,Cholera,0
2024-01-08,Nairobi County Hospital,Cholera,1
2024-01-09,Nairobi County Hospital,Cholera,1
2024-01-10,Nairobi County Hospital,Cholera,2
2024-01-11,Nairobi County Hospital,Cholera,0
2024-01-12,Nairobi County Hospital,Cholera,0
2024-01-13,Nairobi County Hospital,Cholera,0
2024-01-14,Nairobi County Hospital,Cholera,0
2024-01-15,Nairobi County Hospital,Cholera,1
2024-01-16,Nairobi County Hospital,Cholera,0
2024-01-17,Nairobi County Hospital,Cholera,2
2024-01-18,Nairobi County Hospital,Cholera,2
2024-01-19,Nairobi County Hospital,Cholera,1
2024-01-20,Nairobi County Hospital,Cholera,0
2024-01-21,Nairobi County Hospital,Cholera,1
2024-01-22,Nairobi County Hospital,Cholera,2
2024-01-23,Nairobi County Hospital,Cholera,1
2024-01-24,Nairobi County Hospital,Cholera,0
2024-01-25,Nairobi County Hospital,Cholera,1
2024-01-26,Nairobi County Hospital,Cholera,1
2024-01-27,Nairobi County Hospital,Cholera,1
2024-01-28,Nairobi County Hospital,Cholera,1
2024-01-29,Nairobi County Hospital,Cholera,1
2024-01-30,Nairobi County Hospital,Cholera,1
2024-01-31,Nairobi County Hospital,Cholera,0
2024-02-01,Nairobi County Hospital,Cholera,1
2024-02-02,Nairobi County Hospital,Cholera,2
2024-02-03,Nairobi County Hospital,Cholera,0
2024-02-04,Nairobi County Hospital,Cholera,0
2024-02-05,Nairobi County Hospital,Cholera,0
2024-02-06,Nairobi County Hospital,Cholera,1
2024-02-07,Nairobi County Hospital,Cholera,3
2024-02-08,Nairobi County Hospital,Cholera,0
2024-02-09,Nairobi County Hospital,Cholera,2
2024-02-10,Nairobi County Hospital,Cholera,2
2024-02-11,Nairobi County Hospital,Cholera,1
2024-02-12,Nairobi County Hospital,Cholera,1
2024-02-13,Nairobi County Hospital,Cholera,1
2024-02-14,Nairobi County Hospital,Cholera,2
2024-02-15,Nairobi County Hospital,Cholera,1
2024-02-16,Nairobi County Hospital,Cholera,0
2024-02-17,Nairobi County Hospital,Cholera,1
2024-02-18,Nairobi County Hospital,Cholera,2
2024-02-19,Nairobi County Hospital,Cholera,4
2024-02-20,Nairobi County Hospital,Cholera,0
2024-02-21,Nairobi County Hospital,Cholera,2
2024-02-22,Nairobi County Hospital,Cholera,2
2024-02-23,Nairobi County Hospital,Cholera,2
2024-02-24,Nairobi County Hospital,Cholera,0
2024-02-25,Nairobi County Hospital,Cholera,3
2024-02-26,Nairobi County Hospital,Cholera,3
2024-02-27,Nairobi County Hospital,Cholera,1
2024-02-28,Nairobi County Hospital,Cholera,2
2024-02-29,Nairobi County Hospital,Cholera,3
2024-03-01,Nairobi County Hospital,Cholera,1
2024-03-02,Nairobi County Hospital,Cholera,2
2024-03-03,Nairobi County Hospital,Cholera,2
2024-03-04,Nairobi County Hospital,Cholera,2
2024-03-05,Nairobi County Hospital,Cholera,1
2024-03-06,Nairobi County Hospital,Cholera,1
2024-03-07,Nairobi County Hospital,Cholera,0
2024-03-08,Nairobi County Hospital,Cholera,1
2024-03-09,Nairobi County Hospital,Cholera,2
2024-03-10,Nairobi County Hospital,Cholera,2
2024-03-11,Nairobi County Hospital,Cholera,2
2024-03-12,Nairobi County Hospital,Cholera,0
2024-03-13,Nairobi County Hospital,Cholera,1
2024-03-14,Nairobi County Hospital,Cholera,3
2024-03-15,Nairobi County Hospital,Cholera,1
2024-03-16,Nairobi County Hospital,Cholera,2
2024-03-17,Nairobi County Hospital,Cholera,2
2024-03-18,Nairobi County Hospital,Cholera,2
2024-03-19,Nairobi County Hospital,Cholera,1
2024-03-20,Nairobi County Hospital,Cholera,0
2024-03-21,Nairobi County Hospital,Cholera,2
2024-03-22,Nairobi County Hospital,Cholera,0
2024-03-23,Nairobi County Hospital,Cholera,2
2024-03-24,Nairobi County Hospital,Cholera,0
2024-03-25,Nairobi County Hospital,Cholera,3
2024-03-26,Nairobi County Hospital,Cholera,2
2024-03-27,Nairobi County Hospital,Cholera,0
2024-03-28,Nairobi County Hospital,Cholera,1
2024-03-29,Nairobi County Hospital,Cholera,0
2024-03-30,Nairobi County Hospital,Cholera,3
2024-03-31,Nairobi County Hospital,Cholera,3
2024-04-01,Nairobi County Hospital,Cholera,2
2024-04-02,Nairobi County Hospital,Cholera,5
2024-04-03,Nairobi County Hospital,Cholera,0
2024-04-04,Nairobi County Hospital,Cholera,3
2024-04-05,Nairobi County Hospital,Cholera,1
2024-04-06,Nairobi County Hospital,Cholera,0
2024-04-07,Nairobi County Hospital,Cholera,0
2024-04-08,Nairobi County Hospital,Cholera,0
2024-04-09,Nairobi County Hospital,Cholera,2
2024-04-10,Nairobi County Hospital,Cholera,1
2024-04-11,Nairobi County Hospital,Cholera,1
2024-04-12,Nairobi County Hospital,Cholera,0
2024-04-13,Nairobi County Hospital,Cholera,1
2024-04-14,Nairobi County Hospital,Cholera,0
2024-04-15,Nairobi County Hospital,Cholera,0
2024-04-16,Nairobi County Hospital,Cholera,1
2024-04-17,Nairobi County Hospital,Cholera,1
2024-04-18,Nairobi County Hospital,Cholera,0
2024-04-19,Nairobi County Hospital,Cholera,2
2024-04-20,Nairobi County Hospital,Cholera,1
2024-04-21,Nairobi County Hospital,Cholera,1
2024-04-22,Nairobi County Hospital,Cholera,2
2024-04-23,Nairobi County Hospital,Cholera,0
2024-04-24,Nairobi County Hospital,Cholera,3
2024-04-25,Nairobi County Hospital,Cholera,0
2024-04-26,Nairobi County Hospital,Cholera,1
2024-04-27,Nairobi County Hospital,Cholera,1
2024-04-28,Nairobi County Hospital,Cholera,1
2024-04-29,Nairobi County Hospital,Cholera,4
2024-04-30,Nairobi County Hospital,Cholera,1
2024-05-01,Nairobi County Hospital,Cholera,3
2024-05-02,Nairobi County Hospital,Cholera,4
2024-05-03,Nairobi County Hospital,Cholera,3
2024-05-04,Nairobi County Hospital,Cholera,2
2024-05-05,Nairobi County Hospital,Cholera,3
2024-05-06,Nairobi County Hospital,Cholera,2
2024-05-07,Nairobi County Hospital,Cholera,1
2024-05-08,Nairobi County Hospital,Cholera,3
2024-05-09,Nairobi County Hospital,Cholera,0
2024-05-10,Nairobi County Hospital,Cholera,1
2024-05-11,Nairobi County Hospital,Cholera,1
2024-05-12,Nairobi County Hospital,Cholera,1
2024-05-13,Nairobi County Hospital,Cholera,2
2024-05-14,Nairobi County Hospital,Cholera,1
2024-05-15,Nairobi County Hospital,Cholera,2
2024-05-16,Nairobi County Hospital,Cholera,2
2024-05-17,Nairobi County Hospital,Cholera,2
2024-05-18,Nairobi County Hospital,Cholera,1
2024-05-19,Nairobi County Hospital,Cholera,2
2024-05-20,Nairobi County Hospital,Cholera,3
2024-05-21,Nairobi County Hospital,Cholera,0
2024-05-22,Nairobi County Hospital,Cholera,2
2024-05-23,Nairobi County Hospital,Cholera,1
2024-05-24,Nairobi County Hospital,Cholera,1
2024-05-25,Nairobi County Hospital,Cholera,0
2024-05-26,Nairobi County Hospital,Cholera,1
2024-05-27,Nairobi County Hospital,Cholera,1
2024-05-28,Nairobi County Hospital,Cholera,1
2024-05-29,Nairobi County Hospital,Cholera,2
2024-05-30,Nairobi County Hospital,Cholera,0
2024-05-31,Nairobi County Hospital,Cholera,1
2024-06-01,Nairobi County Hospital,Cholera,1
2024-06-02,Nairobi County Hospital,Cholera,3
2024-06-03,Nairobi County Hospital,Cholera,3
2024-06-04,Nairobi County Hospital,Cholera,3
2024-06-05,Nairobi County Hospital,Cholera,1
2024-06-06,Nairobi County Hospital,Cholera,1
2024-06-07,Nairobi County Hospital,Cholera,2
2024-06-08,Nairobi County Hospital,Cholera,0
2024-06-09,Nairobi County Hospital,Cholera,0
2024-06-10,Nairobi County Hospital,Cholera,2
2024-06-11,Nairobi County Hospital,Cholera,2
2024-06-12,Nairobi County Hospital,Cholera,1
2024-06-13,Nairobi County Hospital,Cholera,0
2024-06-14,Nairobi County Hospital,Cholera,2
2024-06-15,Nairobi County Hospital,Cholera,1
2024-06-16,Nairobi County Hospital,Cholera,1
2024-06-17,Nairobi County Hospital,Cholera,1
2024-06-18,Nairobi County Hospital,Cholera,1
2024-06-19,Nairobi County Hospital,Cholera,0
2024-06-20,Nairobi County Hospital,Cholera,1
2024-06-21,Nairobi County Hospital,Cholera,2
2024-06-22,Nairobi County Hospital,Cholera,2
2024-06-23,Nairobi County Hospital,Cholera,2
2024-06-24,Nairobi County Hospital,Cholera,0
2024-06-25,Nairobi County Hospital,Cholera,0
2024-06-26,Nairobi County Hospital,Cholera,2
2024-06-27,Nairobi County Hospital,Cholera,2
2024-06-28,Nairobi County Hospital,Cholera,3
2024-06-29,Nairobi County Hospital,Cholera,0
2024-06-30,Nairobi County Hospital,Cholera,0
2024-07-01,Nairobi County Hospital,Cholera,1
2024-07-02,Nairobi County Hospital,Cholera,1
2024-07-03,Nairobi County Hospital,Cholera,1
2024-07-04,Nairobi County Hospital,Cholera,1
2024-07-05,Nairobi County Hospital,Cholera,3
2024-07-06,Nairobi County Hospital,Cholera,3
2024-07-07,Nairobi County Hospital,Cholera,0
2024-07-08,Nairobi County Hospital,Cholera,1
2024-07-09,Nairobi County Hospital,Cholera,0
2024-07-10,Nairobi County Hospital,Cholera,1
2024-07-11,Nairobi County Hospital,Cholera,0
2024-07-12,Nairobi County Hospital,Cholera,2
2024-07-13,Nairobi County Hospital,Cholera,0
2024-07-14,Nairobi County Hospital,Cholera,1
2024-07-15,Nairobi County Hospital,Cholera,1
2024-07-16,Nairobi County Hospital,Cholera,0
2024-07-17,Nairobi County Hospital,Cholera,1
2024-07-18,Nairobi County Hospital,Cholera,1
2024-07-19,Nairobi County Hospital,Cholera,2
2024-07-20,Nairobi County Hospital,Cholera,1
2024-07-21,Nairobi County Hospital,Cholera,2
2024-07-22,Nairobi County Hospital,Cholera,2
2024-07-23,Nairobi County Hospital,Cholera,1
2024-07-24,Nairobi County Hospital,Cholera,0
2024-07-25,Nairobi County Hospital,Cholera,2
2024-07-26,Nairobi County Hospital,Cholera,1
2024-07-27,Nairobi County Hospital,Cholera,1
2024-07-28,Nairobi County Hospital,Cholera,0
2024-07-29,Nairobi County Hospital,Cholera,1
2024-07-30,Nairobi County Hospital,Cholera,3
2024-07-31,Nairobi County Hospital,Cholera,1
2024-08-01,Nairobi County Hospital,Cholera,0
2024-08-02,Nairobi County Hospital,Cholera,2
2024-08-03,Nairobi County Hospital,Cholera,1
2024-08-04,Nairobi County Hospital,Cholera,5
2024-08-05,Nairobi County Hospital,Cholera,0
2024-08-06,Nairobi County Hospital,Cholera,0
2024-08-07,Nairobi County Hospital,Cholera,1
2024-08-08,Nairobi County Hospital,Cholera,1
2024-08-09,Nairobi County Hospital,Cholera,1
2024-08-10,Nairobi County Hospital,Cholera,2
2024-08-11,Nairobi County Hospital,Cholera,1
2024-08-12,Nairobi County Hospital,Cholera,2
2024-08-13,Nairobi County Hospital,Cholera,0
2024-08-14,Nairobi County Hospital,Cholera,0
2024-08-15,Nairobi County Hospital,Cholera,0
2024-08-16,Nairobi County Hospital,Cholera,1
2024-08-17,Nairobi County Hospital,Cholera,3
2024-08-18,Nairobi County Hospital,Cholera,0
2024-08-19,Nairobi County Hospital,Cholera,3
2024-08-20,Nairobi County Hospital,Cholera,0
2024-08-21,Nairobi County Hospital,Cholera,2
2024-08-22,Nairobi County Hospital,Cholera,1
2024-08-23,Nairobi County Hospital,Cholera,1
2024-08-24,Nairobi County Hospital,Cholera,0
2024-08-25,Nairobi County Hospital,Cholera,0
2024-08-26,Nairobi County Hospital,Cholera,0
2024-08-27,Nairobi County Hospital,Cholera,0
2024-08-28,Nairobi County Hospital,Cholera,0
2024-08-29,Nairobi County Hospital,Cholera,0
2024-08-30,Nairobi County Hospital,Cholera,1
2024-08-31,Nairobi County Hospital,Cholera,1
2024-09-01,Nairobi County Hospital,Cholera,0
2024-09-02,Nairobi County Hospital,Cholera,4
2024-09-03,Nairobi County Hospital,Cholera,1
2024-09-04,Nairobi County Hospital,Cholera,3
2024-09-05,Nairobi County Hospital,Cholera,0
2024-09-06,Nairobi County Hospital,Cholera,0
2024-09-07,Nairobi County Hospital,Cholera,0
2024-09-08,Nairobi County Hospital,Cholera,1
2024-09-09,Nairobi County Hospital,Cholera,0
2024-09-10,Nairobi County Hospital,Cholera,1
2024-09-11,Nairobi County Hospital,Cholera,0
2024-09-12,Nairobi County Hospital,Cholera,0
2024-09-13,Nairobi County Hospital,Cholera,0
2024-09-14,Nairobi County Hospital,Cholera,1
2024-09-15,Nairobi County Hospital,Cholera,1
2024-09-16,Nairobi County Hospital,Cholera,1
2024-09-17,Nairobi County Hospital,Cholera,0
2024-09-18,Nairobi County Hospital,Cholera,1
2024-09-19,Nairobi County Hospital,Cholera,1
2024-09-20,Nairobi County Hospital,Cholera,1
2024-09-21,Nairobi County Hospital,Cholera,0
2024-09-22,Nairobi County Hospital,Cholera,1
2024-09-23,Nairobi County Hospital,Cholera,2
2024-09-24,Nairobi County Hospital,Cholera,2
2024-09-25,Nairobi County Hospital,Cholera,0
2024-09-26,Nairobi County Hospital,Cholera,0
2024-09-27,Nairobi County Hospital,Cholera,3
2024-09-28,Nairobi County Hospital,Cholera,0
2024-09-29,Nairobi County Hospital,Cholera,0
2024-09-30,Nairobi County Hospital,Cholera,0
2024-10-01,Nairobi County Hospital,Cholera,0
2024-10-02,Nairobi County Hospital,Cholera,0
2024-10-03,Nairobi County Hospital,Cholera,0
2024-10-04,Nairobi County Hospital,Cholera,0
2024-10-05,Nairobi County Hospital,Cholera,1
2024-10-06,Nairobi County Hospital,Cholera,0
2024-10-07,Nairobi County Hospital,Cholera,1
2024-10-08,Nairobi County Hospital,Cholera,1
2024-10-09,Nairobi County Hospital,Cholera,1
2024-10-10,Nairobi County Hospital,Cholera,1
2024-10-11,Nairobi County Hospital,Cholera,0
2024-10-12,Nairobi County Hospital,Cholera,0
2024-10-13,Nairobi County Hospital,Cholera,0
2024-10-14,Nairobi County Hospital,Cholera,0
2024-10-15,Nairobi County Hospital,Cholera,0
2024-10-16,Nairobi County Hospital,Cholera,0
2024-10-17,Nairobi County Hospital,Cholera,0
2024-10-18,Nairobi County Hospital,Cholera,0
2024-10-19,Nairobi County Hospital,Cholera,0
2024-10-20,Nairobi County Hospital,Cholera,0
2024-10-21,Nairobi County Hospital,Cholera,0
2024-10-22,Nairobi County Hospital,Cholera,1
2024-10-23,Nairobi County Hospital,Cholera,0
2024-10-24,Nairobi County Hospital,Cholera,0
2024-10-25,Nairobi County Hospital,Cholera,0
2024-10-26,Nairobi County Hospital,Cholera,0
2024-10-27,Nairobi County Hospital,Cholera,0
2024-10-28,Nairobi County Hospital,Cholera,0
2024-10-29,Nairobi County Hospital,Cholera,2
2024-10-30,Nairobi County Hospital,Cholera,0
2024-10-31,Nairobi County Hospital,Cholera,1
2024-11-01,Nairobi County Hospital,Cholera,1
2024-11-02,Nairobi County Hospital,Cholera,0
2024-11-03,Nairobi County Hospital,Cholera,0
2024-11-04,Nairobi County Hospital,Cholera,3
2024-11-05,Nairobi County Hospital,Cholera,1
2024-11-06,Nairobi County Hospital,Cholera,0
2024-11-07,Nairobi County Hospital,Cholera,2
2024-11-08,Nairobi County Hospital,Cholera,0
2024-11-09,Nairobi County Hospital,Cholera,0
2024-11-10,Nairobi County Hospital,Cholera,0
2024-11-11,Nairobi County Hospital,Cholera,0
2024-11-12,Nairobi County Hospital,Cholera,1
2024-11-13,Nairobi County Hospital,Cholera,1
2024-11-14,Nairobi County Hospital,Cholera,0
2024-11-15,Nairobi County Hospital,Cholera,0
2024-11-16,Nairobi County Hospital,Cholera,0
2024-11-17,Nairobi County Hospital,Cholera,0
2024-11-18,Nairobi County Hospital,Cholera,2
2024-11-19,Nairobi County Hospital,Cholera,2
2024-11-20,Nairobi County Hospital,Cholera,3
2024-11-21,Nairobi County Hospital,Cholera,1
2024-11-22,Nairobi County Hospital,Cholera,2
2024-11-23,Nairobi County Hospital,Cholera,1
2024-11-24,Nairobi County Hospital,Cholera,0
2024-11-25,Nairobi County Hospital,Cholera,2
2024-11-26,Nairobi County Hospital,Cholera,1
2024-11-27,Nairobi County Hospital,Cholera,2
2024-11-28,Nairobi County Hospital,Cholera,0
2024-11-29,Nairobi County Hospital,Cholera,0
2024-11-30,Nairobi County Hospital,Cholera,1
2024-12-01,Nairobi County Hospital,Cholera,0
2024-12-02,Nairobi County Hospital,Cholera,3
2024-12-03,Nairobi County Hospital,Cholera,1
2024-12-04,Nairobi County Hospital,Cholera,2
2024-12-05,Nairobi County Hospital,Cholera,0
2024-12-06,Nairobi County Hospital,Cholera,0
2024-12-07,Nairobi County Hospital,Cholera,1
2024-12-08,Nairobi County Hospital,Cholera,1
2024-12-09,Nairobi County Hospital,Cholera,1
2024-12-10,Nairobi County Hospital,Cholera,1
2024-12-11,Nairobi County Hospital,Cholera,0
2024-12-12,Nairobi County Hospital,Cholera,1
2024-12-13,Nairobi County Hospital,Cholera,1
2024-12-14,Nairobi County Hospital,Cholera,0
2024-12-15,Nairobi County Hospital,Cholera,0
2024-12-16,Nairobi County Hospital,Cholera,2
2024-12-17,Nairobi County Hospital,Cholera,1
2024-12-18,Nairobi County Hospital,Cholera,0
2024-12-19,Nairobi County Hospital,Cholera,1
2024-12-20,Nairobi County Hospital,Cholera,1
2024-12-21,Nairobi County Hospital,Cholera,3
2024-12-22,Nairobi County Hospital,Cholera,1
2024-12-23,Nairobi County Hospital,Cholera,0
2024-12-24,Nairobi County Hospital,Cholera,2
2024-12-25,Nairobi County Hospital,Cholera,4
2024-12-26,Nairobi County Hospital,Cholera,2
2024-12-27,Nairobi County Hospital,Cholera,0
2024-12-28,Nairobi County Hospital,Cholera,1
2024-12-29,Nairobi County Hospital,Cholera,0
2024-12-30,Nairobi County Hospital,Cholera,0
2024-12-31,Nairobi County Hospital,Cholera,0
2025-01-01,Nairobi County Hospital,Cholera,0
2025-01-02,Nairobi County Hospital,Cholera,3
2025-01-03,Nairobi County Hospital,Cholera,1
2025-01-04,Nairobi County Hospital,Cholera,2
2025-01-05,Nairobi County Hospital,Cholera,1
2025-01-06,Nairobi County Hospital,Cholera,0
2025-01-07,Nairobi County Hospital,Cholera,1
2025-01-08,Nairobi County Hospital,Cholera,1
2025-01-09,Nairobi County Hospital,Cholera,1
2025-01-10,Nairobi County Hospital,Cholera,0
2025-01-11,Nairobi County Hospital,Cholera,2
2025-01-12,Nairobi County Hospital,Cholera,1
2025-01-13,Nairobi County Hospital,Cholera,0
2025-01-14,Nairobi County Hospital,Cholera,0
2025-01-15,Nairobi County Hospital,Cholera,1
2025-01-16,Nairobi County Hospital,Cholera,1
2025-01-17,Nairobi County Hospital,Cholera,1
2025-01-18,Nairobi County Hospital,Cholera,0
2025-01-19,Nairobi County Hospital,Cholera,1
2025-01-20,Nairobi County Hospital,Cholera,0
2025-01-21,Nairobi County Hospital,Cholera,1
2025-01-22,Nairobi County Hospital,Cholera,2
2025-01-23,Nairobi County Hospital,Cholera,1
2025-01-24,Nairobi County Hospital,Cholera,2
2025-01-25,Nairobi County Hospital,Cholera,0
2025-01-26,Nairobi County Hospital,Cholera,0
2025-01-27,Nairobi County Hospital,Cholera,4
2025-01-28,Nairobi County Hospital,Cholera,5
2025-01-29,Nairobi County Hospital,Cholera,2
2025-01-30,Nairobi County Hospital,Cholera,1
2025-01-31,Nairobi County Hospital,Cholera,1
2025-02-01,Nairobi County Hospital,Cholera,2
2025-02-02,Nairobi County Hospital,Cholera,0
2025-02-03,Nairobi County Hospital,Cholera,1
2025-02-04,Nairobi County Hospital,Cholera,1
2025-02-05,Nairobi County Hospital,Cholera,2
2025-02-06,Nairobi County Hospital,Cholera,3
2025-02-07,Nairobi County Hospital,Cholera,1
2025-02-08,Nairobi County Hospital,Cholera,3
2025-02-09,Nairobi County Hospital,Cholera,0
2025-02-10,Nairobi County Hospital,Cholera,2
2025-02-11,Nairobi County Hospital,Cholera,2
2025-02-12,Nairobi County Hospital,Cholera,0
2025-02-13,Nairobi County Hospital,Cholera,0
2025-02-14,Nairobi County Hospital,Cholera,3
2025-02-15,Nairobi County Hospital,Cholera,2
2025-02-16,Nairobi County Hospital,Cholera,1
2025-02-17,Nairobi County Hospital,Cholera,2
2025-02-18,Nairobi County Hospital,Cholera,2
2025-02-19,Nairobi County Hospital,Cholera,0
2025-02-20,Nairobi County Hospital,Cholera,1
2025-02-21,Nairobi County Hospital,Cholera,0
2025-02-22,Nairobi County Hospital,Cholera,1
2025-02-23,Nairobi County Hospital,Cholera,0
2025-02-24,Nairobi County Hospital,Cholera,0
2025-02-25,Nairobi County Hospital,Cholera,0
2025-02-26,Nairobi County Hospital,Cholera,2
2025-02-27,Nairobi County Hospital,Cholera,2
2025-02-28,Nairobi County Hospital,Cholera,1
2025-03-01,Nairobi County Hospital,Cholera,1
2025-03-02,Nairobi County Hospital,Cholera,0
2025-03-03,Nairobi County Hospital,Cholera,3
2025-03-04,Nairobi County Hospital,Cholera,2
2025-03-05,Nairobi County Hospital,Cholera,2
2025-03-06,Nairobi County Hospital,Cholera,1
2025-03-07,Nairobi County Hospital,Cholera,1
2025-03-08,Nairobi County Hospital,Cholera,0
2025-03-09,Nairobi County Hospital,Cholera,2
2025-03-10,Nairobi County Hospital,Cholera,6
2025-03-11,Nairobi County Hospital,Cholera,1
2025-03-12,Nairobi County Hospital,Cholera,0
2025-03-13,Nairobi County Hospital,Cholera,1
2025-03-14,Nairobi County Hospital,Cholera,3
2025-03-15,Nairobi County Hospital,Cholera,2
2025-03-16,Nairobi County Hospital,Cholera,0
2025-03-17,Nairobi County Hospital,Cholera,2
2025-03-18,Nairobi County Hospital,Cholera,1
2025-03-19,Nairobi County Hospital,Cholera,2
2025-03-20,Nairobi County Hospital,Cholera,2
2025-03-21,Nairobi County Hospital,Cholera,1
2025-03-22,Nairobi County Hospital,Cholera,0
2025-03-23,Nairobi County Hospital,Cholera,1
2025-03-24,Nairobi County Hospital,Cholera,2
2025-03-25,Nairobi County Hospital,Cholera,3
2025-03-26,Nairobi County Hospital,Cholera,2
2025-03-27,Nairobi County Hospital,Cholera,0
2025-03-28,Nairobi County Hospital,Cholera,0
2025-03-29,Nairobi County Hospital,Cholera,1
2025-03-30,Nairobi County Hospital,Cholera,3
2025-03-31,Nairobi County Hospital,Cholera,1
2025-04-01,Nairobi County Hospital,Cholera,3
2025-04-02,Nairobi County Hospital,Cholera,1
2025-04-03,Nairobi County Hospital,Cholera,0
2025-04-04,Nairobi County Hospital,Cholera,2
2025-04-05,Nairobi County Hospital,Cholera,3
2025-04-06,Nairobi County Hospital,Cholera,1
2025-04-07,Nairobi County Hospital,Cholera,2
2025-04-08,Nairobi County Hospital,Cholera,1
2025-04-09,Nairobi County Hospital,Cholera,0
2025-04-10,Nairobi County Hospital,Cholera,0
2025-04-11,Nairobi County Hospital,Cholera,2
2025-04-12,Nairobi County Hospital,Cholera,3
2025-04-13,Nairobi County Hospital,Cholera,1
2025-04-14,Nairobi County Hospital,Cholera,2
2025-04-15,Nairobi County Hospital,Cholera,1
2025-04-16,Nairobi County Hospital,Cholera,2
2025-04-17,Nairobi County Hospital,Cholera,2
2025-04-18,Nairobi County Hospital,Cholera,2
2025-04-19,Nairobi County Hospital,Cholera,0
2025-04-20,Nairobi County Hospital,Cholera,2
2025-04-21,Nairobi County Hospital,Cholera,0
2025-04-22,Nairobi County Hospital,Cholera,0
2025-04-23,Nairobi County Hospital,Cholera,0
2025-04-24,Nairobi County Hospital,Cholera,2
2025-04-25,Nairobi County Hospital,Cholera,1
2025-04-26,Nairobi County Hospital,Cholera,2
2025-04-27,Nairobi County Hospital,Cholera,1
2025-04-28,Nairobi County Hospital,Cholera,2
2025-04-29,Nairobi County Hospital,Cholera,2
2025-04-30,Nairobi County Hospital,Cholera,4
2025-05-01,Nairobi County Hospital,Cholera,2
2025-05-02,Nairobi County Hospital,Cholera,2
2025-05-03,Nairobi County Hospital,Cholera,3
2025-05-04,Nairobi County Hospital,Cholera,2
2025-05-05,Nairobi County Hospital,Cholera,6
2025-05-06,Nairobi County Hospital,Cholera,2
2025-05-07,Nairobi County Hospital,Cholera,0
2025-05-08,Nairobi County Hospital,Cholera,1
2025-05-09,Nairobi County Hospital,Cholera,1
2025-05-10,Nairobi County Hospital,Cholera,5
2025-05-11,Nairobi County Hospital,Cholera,0
2025-05-12,Nairobi County Hospital,Cholera,0
2025-05-13,Nairobi County Hospital,Cholera,0
2025-05-14,Nairobi County Hospital,Cholera,1
2025-05-15,Nairobi County Hospital,Cholera,2
2025-05-16,Nairobi County Hospital,Cholera,7
2025-05-17,Nairobi County Hospital,Cholera,1
2025-05-18,Nairobi County Hospital,Cholera,0
2025-05-19,Nairobi County Hospital,Cholera,0
2025-05-20,Nairobi County Hospital,Cholera,0
2025-05-21,Nairobi County Hospital,Cholera,1
2025-05-22,Nairobi County Hospital,Cholera,2
2025-05-23,Nairobi County Hospital,Cholera,1
2025-05-24,Nairobi County Hospital,Cholera,1
2025-05-25,Nairobi County Hospital,Cholera,1
2025-05-26,Nairobi County Hospital,Cholera,5
2025-05-27,Nairobi County Hospital,Cholera,0
2025-05-28,Nairobi County Hospital,Cholera,3
2025-05-29,Nairobi County Hospital,Cholera,0
2025-05-30,Nairobi County Hospital,Cholera,0
2025-05-31,Nairobi County Hospital,Cholera,1
2025-06-01,Nairobi County Hospital,Cholera,1
2025-06-02,Nairobi County Hospital,Cholera,0
2025-06-03,Nairobi County Hospital,Cholera,1
2025-06-04,Nairobi County Hospital,Cholera,1
2025-06-05,Nairobi County Hospital,Cholera,2
2025-06-06,Nairobi County Hospital,Cholera,1
2025-06-07,Nairobi County Hospital,Cholera,1
2025-06-08,Nairobi County Hospital,Cholera,4
2025-06-09,Nairobi County Hospital,Cholera,1
2025-06-10,Nairobi County Hospital,Cholera,1
2025-06-11,Nairobi County Hospital,Cholera,3
2025-06-12,Nairobi County Hospital,Cholera,3
2025-06-13,Nairobi County Hospital,Cholera,3
2025-06-14,Nairobi County Hospital,Cholera,0
2025-06-15,Nairobi County Hospital,Cholera,1
2025-06-16,Nairobi County Hospital,Cholera,1
2025-06-17,Nairobi County Hospital,Cholera,1
2025-06-18,Nairobi County Hospital,Cholera,1
2025-06-19,Nairobi County Hospital,Cholera,3
2025-06-20,Nairobi County Hospital,Cholera,1
2025-06-21,Nairobi County Hospital,Cholera,2
2025-06-22,Nairobi County Hospital,Cholera,1
2025-06-23,Nairobi County Hospital,Cholera,0
2025-06-24,Nairobi County Hospital,Cholera,2
2025-06-25,Nairobi County Hospital,Cholera,2
2025-06-26,Nairobi County Hospital,Cholera,1
2025-06-27,Nairobi County Hospital,Cholera,2
2025-06-28,Nairobi County Hospital,Cholera,1
2025-06-29,Nairobi County Hospital,Cholera,1
2025-06-30,Nairobi County Hospital,Cholera,3
2025-07-01,Nairobi County Hospital,Cholera,0
2025-07-02,Nairobi County Hospital,Cholera,1
2025-07-03,Nairobi County Hospital,Cholera,0
2025-07-04,Nairobi County Hospital,Cholera,0
2025-07-05,Nairobi County Hospital,Cholera,1
2025-07-06,Nairobi County Hospital,Cholera,0
2025-07-07,Nairobi County Hospital,Cholera,0
2025-07-08,Nairobi County Hospital,Cholera,1
2025-07-09,Nairobi County Hospital,Cholera,2
2025-07-10,Nairobi County Hospital,Cholera,1
2025-07-11,Nairobi County Hospital,Cholera,1
2025-07-12,Nairobi County Hospital,Cholera,0
2025-07-13,Nairobi County Hospital,Cholera,1
2025-07-14,Nairobi County Hospital,Cholera,1
2025-07-15,Nairobi County Hospital,Cholera,1
2025-07-16,Nairobi County Hospital,Cholera,2
2025-07-17,Nairobi County Hospital,Cholera,4
2025-07-18,Nairobi County Hospital,Cholera,1
2025-07-19,Nairobi County Hospital,Cholera,0
2025-07-20,Nairobi County Hospital,Cholera,2
2025-07-21,Nairobi County Hospital,Cholera,1
2025-07-22,Nairobi County Hospital,Cholera,1
2025-07-23,Nairobi County Hospital,Cholera,2
2025-07-24,Nairobi County Hospital,Cholera,1
2025-07-25,Nairobi County Hospital,Cholera,2
2025-07-26,Nairobi County Hospital,Cholera,1
2025-07-27,Nairobi County Hospital,Cholera,0
2025-07-28,Nairobi County Hospital,Cholera,0
2025-07-29,Nairobi County Hospital,Cholera,0
2025-07-30,Nairobi County Hospital,Cholera,0
2025-07-31,Nairobi County Hospital,Cholera,1
2025-08-01,Nairobi County Hospital,Cholera,0
2025-08-02,Nairobi County Hospital,Cholera,2
2025-08-03,Nairobi County Hospital,Cholera,1
2025-08-04,Nairobi County Hospital,Cholera,1
2025-08-05,Nairobi County Hospital,Cholera,0
2025-08-06,Nairobi County Hospital,Cholera,0
2025-08-07,Nairobi County Hospital,Cholera,1
2025-08-08,Nairobi County Hospital,Cholera,1
2025-08-09,Nairobi County Hospital,Cholera,0
2025-08-10,Nairobi County Hospital,Cholera,1
2025-08-11,Nairobi County Hospital,Cholera,0
2025-08-12,Nairobi County Hospital,Cholera,2
2025-08-13,Nairobi County Hospital,Cholera,0
2025-08-14,Nairobi County Hospital,Cholera,0
2025-08-15,Nairobi County Hospital,Cholera,2
2025-08-16,Nairobi County Hospital,Cholera,1
2025-08-17,Nairobi County Hospital,Cholera,0
2025-08-18,Nairobi County Hospital,Cholera,2
2025-08-19,Nairobi County Hospital,Cholera,1
2025-08-20,Nairobi County Hospital,Cholera,2
2025-08-21,Nairobi County Hospital,Cholera,0
2025-08-22,Nairobi County Hospital,Cholera,2
2025-08-23,Nairobi County Hospital,Cholera,0
2025-08-24,Nairobi County Hospital,Cholera,0
2025-08-25,Nairobi County Hospital,Cholera,3
2025-08-26,Nairobi County Hospital,Cholera,1
2025-08-27,Nairobi County Hospital,Cholera,0
2025-08-28,Nairobi County Hospital,Cholera,0
2025-08-29,Nairobi County Hospital,Cholera,1
2025-08-30,Nairobi County Hospital,Cholera,0
2025-08-31,Nairobi County Hospital,Cholera,0
2025-09-01,Nairobi County Hospital,Cholera,1
2025-09-02,Nairobi County Hospital,Cholera,0
2025-09-03,Nairobi County Hospital,Cholera,0
2025-09-04,Nairobi County Hospital,Cholera,0
2025-09-05,Nairobi County Hospital,Cholera,0
2025-09-06,Nairobi County Hospital,Cholera,1
2025-09-07,Nairobi County Hospital,Cholera,0
2025-09-08,Nairobi County Hospital,Cholera,1
2025-09-09,Nairobi County Hospital,Cholera,1
2025-09-10,Nairobi County Hospital,Cholera,1
2025-09-11,Nairobi County Hospital,Cholera,1
2025-09-12,Nairobi County Hospital,Cholera,1
2025-09-13,Nairobi County Hospital,Cholera,0
2025-09-14,Nairobi County Hospital,Cholera,0
2025-09-15,Nairobi County Hospital,Cholera,2
2025-09-16,Nairobi County Hospital,Cholera,0
2025-09-17,Nairobi County Hospital,Cholera,2
2025-09-18,Nairobi County Hospital,Cholera,1
2025-09-19,Nairobi County Hospital,Cholera,1
2025-09-20,Nairobi County Hospital,Cholera,0
2025-09-21,Nairobi County Hospital,Cholera,1
2025-09-22,Nairobi County Hospital,Cholera,0
2025-09-23,Nairobi County Hospital,Cholera,1
2025-09-24,Nairobi County Hospital,Cholera,0
2025-09-25,Nairobi County Hospital,Cholera,1
2025-09-26,Nairobi County Hospital,Cholera,0
2025-09-27,Nairobi County Hospital,Cholera,0
2025-09-28,Nairobi County Hospital,Cholera,0
2025-09-29,Nairobi County Hospital,Cholera,0
2025-09-30,Nairobi County Hospital,Cholera,1
2025-10-01,Nairobi County Hospital,Cholera,1
2025-10-02,Nairobi County Hospital,Cholera,0
2025-10-03,Nairobi County Hospital,Cholera,0
2025-10-04,Nairobi County Hospital,Cholera,2
2025-10-05,Nairobi County Hospital,Cholera,0
2025-10-06,Nairobi County Hospital,Cholera,0
2025-10-07,Nairobi County Hospital,Cholera,0
2025-10-08,Nairobi County Hospital,Cholera,0
2025-10-09,Nairobi County Hospital,Cholera,1
2025-10-10,Nairobi County Hospital,Cholera,2
2025-10-11,Nairobi County Hospital,Cholera,0
2025-10-12,Nairobi County Hospital,Cholera,1
2025-10-13,Nairobi County Hospital,Cholera,0
2025-10-14,Nairobi County Hospital,Cholera,1
2025-10-15,Nairobi County Hospital,Cholera,1
2025-10-16,Nairobi County Hospital,Cholera,1
2025-10-17,Nairobi County Hospital,Cholera,0
2025-10-18,Nairobi County Hospital,Cholera,0
2025-10-19,Nairobi County Hospital,Cholera,0
2025-10-20,Nairobi County Hospital,Cholera,0
2025-10-21,Nairobi County Hospital,Cholera,0
2025-10-22,Nairobi County Hospital,Cholera,1
2025-10-23,Nairobi County Hospital,Cholera,0
2025-10-24,Nairobi County Hospital,Cholera,0
2025-10-25,Nairobi County Hospital,Cholera,0
2025-10-26,Nairobi County Hospital,Cholera,0
2025-10-27,Nairobi County Hospital,Cholera,0
2025-10-28,Nairobi County Hospital,Cholera,1
2025-10-29,Nairobi County Hospital,Cholera,1
2025-10-30,Nairobi County Hospital,Cholera,1
2025-10-31,Nairobi County Hospital,Cholera,1
2025-11-01,Nairobi County Hospital,Cholera,0
2025-11-02,Nairobi County Hospital,Cholera,0
2025-11-03,Nairobi County Hospital,Cholera,0
2025-11-04,Nairobi County Hospital,Cholera,1
2025-11-05,Nairobi County Hospital,Cholera,0
2025-11-06,Nairobi County Hospital,Cholera,0
2025-11-07,Nairobi County Hospital,Cholera,0
2025-11-08,Nairobi County Hospital,Cholera,0
2025-11-09,Nairobi County Hospital,Cholera,0
2025-11-10,Nairobi County Hospital,Cholera,0
2025-11-11,Nairobi County Hospital,Cholera,0
2025-11-12,Nairobi County Hospital,Cholera,1
2025-11-13,Nairobi County Hospital,Cholera,1
2025-11-14,Nairobi County Hospital,Cholera,0
2025-11-15,Nairobi County Hospital,Cholera,2
2025-11-16,Nairobi County Hospital,Cholera,0
2025-11-17,Nairobi County Hospital,Cholera,1
2025-11-18,Nairobi County Hospital,Cholera,1
2025-11-19,Nairobi County Hospital,Cholera,0
2025-11-20,Nairobi County Hospital,Cholera,2
2025-11-21,Nairobi County Hospital,Cholera,2
2025-11-22,Nairobi County Hospital,Cholera,1
2025-11-23,Nairobi County Hospital,Cholera,0
2025-11-24,Nairobi County Hospital,Cholera,1
2025-11-25,Nairobi County Hospital,Cholera,1
2025-11-26,Nairobi County Hospital,Cholera,0
2025-11-27,Nairobi County Hospital,Cholera,0
2025-11-28,Nairobi County Hospital,Cholera,2
2025-11-29,Nairobi County Hospital,Cholera,0
2025-11-30,Nairobi County Hospital,Cholera,0
2025-12-01,Nairobi County Hospital,Cholera,0
2025-12-02,Nairobi County Hospital,Cholera,1
2025-12-03,Nairobi County Hospital,Cholera,0
2025-12-04,Nairobi County Hospital,Cholera,0
2025-12-05,Nairobi County Hospital,Cholera,1
2025-12-06,Nairobi County Hospital,Cholera,0
2025-12-07,Nairobi County Hospital,Cholera,1
2025-12-08,Nairobi County Hospital,Cholera,0
2025-12-09,Nairobi County Hospital,Cholera,0
2025-12-10,Nairobi County Hospital,Cholera,1
2025-12-11,Nairobi County Hospital,Cholera,1
2025-12-12,Nairobi County Hospital,Cholera,1
2025-12-13,Nairobi County Hospital,Cholera,0
2025-12-14,Nairobi County Hospital,Cholera,0
2025-12-15,Nairobi County Hospital,Cholera,0
2025-12-16,Nairobi County Hospital,Cholera,1
2025-12-17,Nairobi County Hospital,Cholera,1
2025-12-18,Nairobi County Hospital,Cholera,0
2025-12-19,Nairobi County Hospital,Cholera,0
2025-12-20,Nairobi County Hospital,Cholera,0
2025-12-21,Nairobi County Hospital,Cholera,1
2025-12-22,Nairobi County Hospital,Cholera,1
2025-12-23,Nairobi County Hospital,Cholera,1
2025-12-24,Nairobi County Hospital,Cholera,1
2025-12-25,Nairobi County Hospital,Cholera,2
2025-12-26,Nairobi County Hospital,Cholera,0
2025-12-27,Nairobi County Hospital,Cholera,1
2025-12-28,Nairobi County Hospital,Cholera,0
2025-12-29,Nairobi County Hospital,Cholera,2
2025-12-30,Nairobi County Hospital,Cholera,2
2025-12-31,Nairobi County Hospital,Cholera,0
2026-01-01,Nairobi County Hospital,Cholera,1
2026-01-02,Nairobi County Hospital,Cholera,0
2026-01-03,Nairobi County Hospital,Cholera,0
2026-01-04,Nairobi County Hospital,Cholera,1
2026-01-05,Nairobi County Hospital,Cholera,0
2026-01-06,Nairobi County Hospital,Cholera,0
2026-01-07,Nairobi County Hospital,Cholera,0
2026-01-08,Nairobi County Hospital,Cholera,3
2026-01-09,Nairobi County Hospital,Cholera,1
2026-01-10,Nairobi County Hospital,Cholera,3
2026-01-11,Nairobi County Hospital,Cholera,1
2026-01-12,Nairobi County Hospital,Cholera,1
2026-01-13,Nairobi County Hospital,Cholera,2
2026-01-14,Nairobi County Hospital,Cholera,0
2026-01-15,Nairobi County Hospital,Cholera,4
2026-01-16,Nairobi County Hospital,Cholera,1
2026-01-17,Nairobi County Hospital,Cholera,2
2026-01-18,Nairobi County Hospital,Cholera,0
2026-01-19,Nairobi County Hospital,Cholera,0
2026-01-20,Nairobi County Hospital,Cholera,1
2026-01-21,Nairobi County Hospital,Cholera,2
2026-01-22,Nairobi County Hospital,Cholera,1
2026-01-23,Nairobi County Hospital,Cholera,1
2026-01-24,Nairobi County Hospital,Cholera,0
2026-01-25,Nairobi County Hospital,Cholera,2
2026-01-26,Nairobi County Hospital,Cholera,2
2026-01-27,Nairobi County Hospital,Cholera,1
2026-01-28,Nairobi County Hospital,Cholera,1
2026-01-29,Nairobi County Hospital,Cholera,3
2026-01-30,Nairobi County Hospital,Cholera,1
2026-01-31,Nairobi County Hospital,Cholera,1
2026-02-01,Nairobi County Hospital,Cholera,4
2026-02-02,Nairobi County Hospital,Cholera,0
2026-02-03,Nairobi County Hospital,Cholera,2
2026-02-04,Nairobi County Hospital,Cholera,2
2026-02-05,Nairobi County Hospital,Cholera,0
2026-02-06,Nairobi County Hospital,Cholera,1
2026-02-07,Nairobi County Hospital,Cholera,1
2026-02-08,Nairobi County Hospital,Cholera,1
2026-02-09,Nairobi County Hospital,Cholera,2
2026-02-10,Nairobi County Hospital,Cholera,3
2026-02-11,Nairobi County Hospital,Cholera,1
2026-02-12,Nairobi County Hospital,Cholera,4
2026-02-13,Nairobi County Hospital,Cholera,5
2026-02-14,Nairobi County Hospital,Cholera,0
2026-02-15,Nairobi County Hospital,Cholera,2
2026-02-16,Nairobi County Hospital,Cholera,3
2026-02-17,Nairobi County Hospital,Cholera,0
2026-02-18,Nairobi County Hospital,Cholera,1
2026-02-19,Nairobi County Hospital,Cholera,1
2026-02-20,Nairobi County Hospital,Cholera,2
2026-02-21,Nairobi County Hospital,Cholera,2
2026-02-22,Nairobi County Hospital,Cholera,0
2026-02-23,Nairobi County Hospital,Cholera,1
2026-02-24,Nairobi County Hospital,Cholera,2
2026-02-25,Nairobi County Hospital,Cholera,1
2026-02-26,Nairobi County Hospital,Cholera,1
2026-02-27,Nairobi County Hospital,Cholera,1
2026-02-28,Nairobi County Hospital,Cholera,1
2026-03-01,Nairobi County Hospital,Cholera,4
2026-03-02,Nairobi County Hospital,Cholera,1
2026-03-03,Nairobi County Hospital,Cholera,2
2026-03-04,Nairobi County Hospital,Cholera,0
2026-03-05,Nairobi County Hospital,Cholera,2
2026-03-06,Nairobi County Hospital,Cholera,1
2026-03-07,Nairobi County Hospital,Cholera,1
2026-03-08,Nairobi County Hospital,Cholera,3
2026-03-09,Nairobi County Hospital,Cholera,1
2026-03-10,Nairobi County Hospital,Cholera,2
2026-03-11,Nairobi County Hospital,Cholera,1
2026-03-12,Nairobi County Hospital,Cholera,0
2026-03-13,Nairobi County Hospital,Cholera,3
2026-03-14,Nairobi County Hospital,Cholera,0
2026-03-15,Nairobi County Hospital,Cholera,0
2026-03-16,Nairobi County Hospital,Cholera,2
2026-03-17,Nairobi County Hospital,Cholera,3
2026-03-18,Nairobi County Hospital,Cholera,0
2026-03-19,Nairobi County Hospital,Cholera,1
2026-03-20,Nairobi County Hospital,Cholera,3
2026-03-21,Nairobi County Hospital,Cholera,1
2026-03-22,Nairobi County Hospital,Cholera,0
2026-03-23,Nairobi County Hospital,Cholera,4
2026-03-24,Nairobi County Hospital,Cholera,2
2026-03-25,Nairobi County Hospital,Cholera,2
2026-03-26,Nairobi County Hospital,Cholera,2
2026-03-27,Nairobi County Hospital,Cholera,0
2026-03-28,Nairobi County Hospital,Cholera,0
2026-03-29,Nairobi County Hospital,Cholera,2
2026-03-30,Nairobi County Hospital,Cholera,0
2026-03-31,Nairobi County Hospital,Cholera,0
2026-04-01,Nairobi County Hospital,Cholera,1
2026-04-02,Nairobi County Hospital,Cholera,2
2026-04-03,Nairobi County Hospital,Cholera,2
2026-04-04,Nairobi County Hospital,Cholera,1
2026-04-05,Nairobi County Hospital,Cholera,0
2026-04-06,Nairobi County Hospital,Cholera,1
2026-04-07,Nairobi County Hospital,Cholera,3
2026-04-08,Nairobi County Hospital,Cholera,2
2026-04-09,Nairobi County Hospital,Cholera,1
2026-04-10,Nairobi County Hospital,Cholera,0
2026-04-11,Nairobi County Hospital,Cholera,0
2026-04-12,Nairobi County Hospital,Cholera,1
2026-04-13,Nairobi County Hospital,Cholera,1
2026-04-14,Nairobi County Hospital,Cholera,2
2026-04-15,Nairobi County Hospital,Cholera,0
2026-04-16,Nairobi County Hospital,Cholera,1
2026-04-17,Nairobi County Hospital,Cholera,2
2026-04-18,Nairobi County Hospital,Cholera,0
2026-04-19,Nairobi County Hospital,Cholera,3
2026-04-20,Nairobi County Hospital,Cholera,2
2026-04-21,Nairobi County Hospital,Cholera,2
2026-04-22,Nairobi County Hospital,Cholera,1
2026-04-23,Nairobi County Hospital,Cholera,1
2026-04-24,Nairobi County Hospital,Cholera,1
2026-04-25,Nairobi County Hospital,Cholera,2
2026-04-26,Nairobi County Hospital,Cholera,1
2026-04-27,Nairobi County Hospital,Cholera,2
2026-04-28,Nairobi County Hospital,Cholera,3
2026-04-29,Nairobi County Hospital,Cholera,1
2026-04-30,Nairobi County Hospital,Cholera,4
2026-05-01,Nairobi County Hospital,Cholera,2
2026-05-02,Nairobi County Hospital,Cholera,4
2026-05-03,Nairobi County Hospital,Cholera,1
2026-05-04,Nairobi County Hospital,Cholera,1
2026-05-05,Nairobi County Hospital,Cholera,2
2026-05-06,Nairobi County Hospital,Cholera,0
2026-05-07,Nairobi County Hospital,Cholera,1
2026-05-08,Nairobi County Hospital,Cholera,0
2026-05-09,Nairobi County Hospital,Cholera,0
2026-05-10,Nairobi County Hospital,Cholera,2
2026-05-11,Nairobi County Hospital,Cholera,1
2026-05-12,Nairobi County Hospital,Cholera,0
2026-05-13,Nairobi County Hospital,Cholera,1
2026-05-14,Nairobi County Hospital,Cholera,0
2026-05-15,Nairobi County Hospital,Cholera,0
2026-05-16,Nairobi County Hospital,Cholera,1
2026-05-17,Nairobi County Hospital,Cholera,0
2026-05-18,Nairobi County Hospital,Cholera,3
2026-05-19,Nairobi County Hospital,Cholera,4
2026-05-20,Nairobi County Hospital,Cholera,2
2026-05-21,Nairobi County Hospital,Cholera,0
2026-05-22,Nairobi County Hospital,Cholera,1
2026-05-23,Nairobi County Hospital,Cholera,2
2026-05-24,Nairobi County Hospital,Cholera,0
2026-05-25,Nairobi County Hospital,Cholera,3
2026-05-26,Nairobi County Hospital,Cholera,0
2026-05-27,Nairobi County Hospital,Cholera,0
2026-05-28,Nairobi County Hospital,Cholera,0
2026-05-29,Nairobi County Hospital,Cholera,1
2026-05-30,Nairobi County Hospital,Cholera,0
2026-05-31,Nairobi County Hospital,Cholera,1
2026-06-01,Nairobi County Hospital,Cholera,0
2026-06-02,Nairobi County Hospital,Cholera,2
2026-06-03,Nairobi County Hospital,Cholera,1
2026-06-04,Nairobi County Hospital,Cholera,2
2026-06-05,Nairobi County Hospital,Cholera,2
2026-06-06,Nairobi County Hospital,Cholera,1
2026-06-07,Nairobi County Hospital,Cholera,1
2026-06-08,Nairobi County Hospital,Cholera,2
2026-06-09,Nairobi County Hospital,Cholera,0
2026-06-10,Nairobi County Hospital,Cholera,2
2026-06-11,Nairobi County Hospital,Cholera,0
2026-06-12,Nairobi County Hospital,Cholera,1
2026-06-13,Nairobi County Hospital,Cholera,2
2026-06-14,Nairobi County Hospital,Cholera,1
2026-06-15,Nairobi County Hospital,Cholera,0
2026-06-16,Nairobi County Hospital,Cholera,1
2026-06-17,Nairobi County Hospital,Cholera,2
2026-06-18,Nairobi County Hospital,Cholera,2
2026-06-19,Nairobi County Hospital,Cholera,2
2026-06-20,Nairobi County Hospital,Cholera,1
2026-06-21,Nairobi County Hospital,Cholera,0
2026-06-22,Nairobi County Hospital,Cholera,0
2026-06-23,Nairobi County Hospital,Cholera,3
2026-06-24,Nairobi County Hospital,Cholera,1
2026-06-25,Nairobi County Hospital,Cholera,1
2026-06-26,Nairobi County Hospital,Cholera,0
2026-06-27,Nairobi County Hospital,Cholera,2
2026-06-28,Nairobi County Hospital,Cholera,4
2026-06-29,Nairobi County Hospital,Cholera,0
2026-06-30,Nairobi County Hospital,Cholera,0
2026-07-01,Nairobi County Hospital,Cholera,1
2026-07-02,Nairobi County Hospital,Cholera,1
2026-07-03,Nairobi County Hospital,Cholera,1
2026-07-04,Nairobi County Hospital,Cholera,1
2026-07-05,Nairobi County Hospital,Cholera,0
2026-07-06,Nairobi County Hospital,Cholera,1
2026-07-07,Nairobi County Hospital,Cholera,0
2026-07-08,Nairobi County Hospital,Cholera,2
2026-07-09,Nairobi County Hospital,Cholera,1
2026-07-10,Nairobi County Hospital,Cholera,0
2026-07-11,Nairobi County Hospital,Cholera,1
2026-07-12,Nairobi County Hospital,Cholera,1
2026-07-13,Nairobi County Hospital,Cholera,2
2026-07-14,Nairobi County Hospital,Cholera,2
2026-07-15,Nairobi County Hospital,Cholera,1
2026-07-16,Nairobi County Hospital,Cholera,0
2026-07-17,Nairobi County Hospital,Cholera,1
2026-07-18,Nairobi County Hospital,Cholera,1
2026-07-19,Nairobi County Hospital,Cholera,1
2026-07-20,Nairobi County Hospital,Cholera,0
2026-07-21,Nairobi County Hospital,Cholera,0
2026-07-22,Nairobi County Hospital,Cholera,0
2026-07-23,Nairobi County Hospital,Cholera,4
2026-07-24,Nairobi County Hospital,Cholera,0
2026-07-25,Nairobi County Hospital,Cholera,0
2026-07-26,Nairobi County Hospital,Cholera,1
2026-07-27,Nairobi County Hospital,Cholera,0
2026-07-28,Nairobi County Hospital,Cholera,1
2026-07-29,Nairobi County Hospital,Cholera,1
2026-07-30,Nairobi County Hospital,Cholera,1
2026-07-31,Nairobi County Hospital,Cholera,2
2026-08-01,Nairobi County Hospital,Cholera,2
2026-08-02,Nairobi County Hospital,Cholera,2
2026-08-03,Nairobi County Hospital,Cholera,0
2026-08-04,Nairobi County Hospital,Cholera,0
2026-08-05,Nairobi County Hospital,Cholera,2
2026-08-06,Nairobi County Hospital,Cholera,0
2026-08-07,Nairobi County Hospital,Cholera,2
2026-08-08,Nairobi County Hospital,Cholera,1
2026-08-09,Nairobi County Hospital,Cholera,1
2026-08-10,Nairobi County Hospital,Cholera,1
2026-08-11,Nairobi County Hospital,Cholera,0
2026-08-12,Nairobi County Hospital,Cholera,2
2026-08-13,Nairobi County Hospital,Cholera,0
2026-08-14,Nairobi County Hospital,Cholera,2
2026-08-15,Nairobi County Hospital,Cholera,0
2026-08-16,Nairobi County Hospital,Cholera,0
2026-08-17,Nairobi County Hospital,Cholera,1
2026-08-18,Nairobi County Hospital,Cholera,1
2026-08-19,Nairobi County Hospital,Cholera,1
2026-08-20,Nairobi County Hospital,Cholera,1
2026-08-21,Nairobi County Hospital,Cholera,0
2026-08-22,Nairobi County Hospital,Cholera,0
2026-08-23,Nairobi County Hospital,Cholera,0
2026-08-24,Nairobi County Hospital,Cholera,0
2026-08-25,Nairobi County Hospital,Cholera,2
2026-08-26,Nairobi County Hospital,Cholera,1
2026-08-27,Nairobi County Hospital,Cholera,1
2026-08-28,Nairobi County Hospital,Cholera,0
2026-08-29,Nairobi County Hospital,Cholera,0
2026-08-30,Nairobi County Hospital,Cholera,0
2026-08-31,Nairobi County Hospital,Cholera,1
2022-01-01,Nairobi County Hospital,Respiratory Infections,2
2022-01-02,Nairobi County Hospital,Respiratory Infections,4
2022-01-03,Nairobi County Hospital,Respiratory Infections,6
2022-01-04,Nairobi County Hospital,Respiratory Infections,5
2022-01-05,Nairobi County Hospital,Respiratory Infections,5
2022-01-06,Nairobi County Hospital,Respiratory Infections,4
2022-01-07,Nairobi County Hospital,Respiratory Infections,4
2022-01-08,Nairobi County Hospital,Respiratory Infections,4
2022-01-09,Nairobi County Hospital,Respiratory Infections,6
2022-01-10,Nairobi County Hospital,Respiratory Infections,4
2022-01-11,Nairobi County Hospital,Respiratory Infections,6
2022-01-12,Nairobi County Hospital,Respiratory Infections,6
2022-01-13,Nairobi County Hospital,Respiratory Infections,6
2022-01-14,Nairobi County Hospital,Respiratory Infections,7
2022-01-15,Nairobi County Hospital,Respiratory Infections,2
2022-01-16,Nairobi County Hospital,Respiratory Infections,5
2022-01-17,Nairobi County Hospital,Respiratory Infections,4
2022-01-18,Nairobi County Hospital,Respiratory Infections,4
2022-01-19,Nairobi County Hospital,Respiratory Infections,2
2022-01-20,Nairobi County Hospital,Respiratory Infections,2
2022-01-21,Nairobi County Hospital,Respiratory Infections,3
2022-01-22,Nairobi County Hospital,Respiratory Infections,1
2022-01-23,Nairobi County Hospital,Respiratory Infections,4
2022-01-24,Nairobi County Hospital,Respiratory Infections,2
2022-01-25,Nairobi County Hospital,Respiratory Infections,4
2022-01-26,Nairobi County Hospital,Respiratory Infections,2
2022-01-27,Nairobi County Hospital,Respiratory Infections,5
2022-01-28,Nairobi County Hospital,Respiratory Infections,4
2022-01-29,Nairobi County Hospital,Respiratory Infections,6
2022-01-30,Nairobi County Hospital,Respiratory Infections,5
2022-01-31,Nairobi County Hospital,Respiratory Infections,2
2022-02-01,Nairobi County Hospital,Respiratory Infections,2
2022-02-02,Nairobi County Hospital,Respiratory Infections,5
2022-02-03,Nairobi County Hospital,Respiratory Infections,4
2022-02-04,Nairobi County Hospital,Respiratory Infections,9
2022-02-05,Nairobi County Hospital,Respiratory Infections,6
2022-02-06,Nairobi County Hospital,Respiratory Infections,3
2022-02-07,Nairobi County Hospital,Respiratory Infections,3
2022-02-08,Nairobi County Hospital,Respiratory Infections,2
2022-02-09,Nairobi County Hospital,Respiratory Infections,5
2022-02-10,Nairobi County Hospital,Respiratory Infections,3
2022-02-11,Nairobi County Hospital,Respiratory Infections,5
2022-02-12,Nairobi County Hospital,Respiratory Infections,6
2022-02-13,Nairobi County Hospital,Respiratory Infections,3
2022-02-14,Nairobi County Hospital,Respiratory Infections,6
2022-02-15,Nairobi County Hospital,Respiratory Infections,4
2022-02-16,Nairobi County Hospital,Respiratory Infections,10
2022-02-17,Nairobi County Hospital,Respiratory Infections,7
2022-02-18,Nairobi County Hospital,Respiratory Infections,4
2022-02-19,Nairobi County Hospital,Respiratory Infections,4
2022-02-20,Nairobi County Hospital,Respiratory Infections,5
2022-02-21,Nairobi County Hospital,Respiratory Infections,3
2022-02-22,Nairobi County Hospital,Respiratory Infections,5
2022-02-23,Nairobi County Hospital,Respiratory Infections,4
2022-02-24,Nairobi County Hospital,Respiratory Infections,4
2022-02-25,Nairobi County Hospital,Respiratory Infections,4
2022-02-26,Nairobi County Hospital,Respiratory Infections,3
2022-02-27,Nairobi County Hospital,Respiratory Infections,8
2022-02-28,Nairobi County Hospital,Respiratory Infections,3
2022-03-01,Nairobi County Hospital,Respiratory Infections,8
2022-03-02,Nairobi County Hospital,Respiratory Infections,4
2022-03-03,Nairobi County Hospital,Respiratory Infections,5
2022-03-04,Nairobi County Hospital,Respiratory Infections,10
2022-03-05,Nairobi County Hospital,Respiratory Infections,4
2022-03-06,Nairobi County Hospital,Respiratory Infections,8
2022-03-07,Nairobi County Hospital,Respiratory Infections,7
2022-03-08,Nairobi County Hospital,Respiratory Infections,10
2022-03-09,Nairobi County Hospital,Respiratory Infections,4
2022-03-10,Nairobi County Hospital,Respiratory Infections,10
2022-03-11,Nairobi County Hospital,Respiratory Infections,5
2022-03-12,Nairobi County Hospital,Respiratory Infections,5
2022-03-13,Nairobi County Hospital,Respiratory Infections,6
2022-03-14,Nairobi County Hospital,Respiratory Infections,3
2022-03-15,Nairobi County Hospital,Respiratory Infections,3
2022-03-16,Nairobi County Hospital,Respiratory Infections,9
2022-03-17,Nairobi County Hospital,Respiratory Infections,4
2022-03-18,Nairobi County Hospital,Respiratory Infections,8
2022-03-19,Nairobi County Hospital,Respiratory Infections,5
2022-03-20,Nairobi County Hospital,Respiratory Infections,7
2022-03-21,Nairobi County Hospital,Respiratory Infections,2
2022-03-22,Nairobi County Hospital,Respiratory Infections,6
2022-03-23,Nairobi County Hospital,Respiratory Infections,10
2022-03-24,Nairobi County Hospital,Respiratory Infections,6
2022-03-25,Nairobi County Hospital,Respiratory Infections,8
2022-03-26,Nairobi County Hospital,Respiratory Infections,4
2022-03-27,Nairobi County Hospital,Respiratory Infections,6
2022-03-28,Nairobi County Hospital,Respiratory Infections,10
2022-03-29,Nairobi County Hospital,Respiratory Infections,9
2022-03-30,Nairobi County Hospital,Respiratory Infections,2
2022-03-31,Nairobi County Hospital,Respiratory Infections,16
2022-04-01,Nairobi County Hospital,Respiratory Infections,7
2022-04-02,Nairobi County Hospital,Respiratory Infections,9
2022-04-03,Nairobi County Hospital,Respiratory Infections,11
2022-04-04,Nairobi County Hospital,Respiratory Infections,5
2022-04-05,Nairobi County Hospital,Respiratory Infections,6
2022-04-06,Nairobi County Hospital,Respiratory Infections,4
2022-04-07,Nairobi County Hospital,Respiratory Infections,6
2022-04-08,Nairobi County Hospital,Respiratory Infections,6
2022-04-09,Nairobi County Hospital,Respiratory Infections,7
2022-04-10,Nairobi County Hospital,Respiratory Infections,10
2022-04-11,Nairobi County Hospital,Respiratory Infections,8
2022-04-12,Nairobi County Hospital,Respiratory Infections,8
2022-04-13,Nairobi County Hospital,Respiratory Infections,9
2022-04-14,Nairobi County Hospital,Respiratory Infections,6
2022-04-15,Nairobi County Hospital,Respiratory Infections,10
2022-04-16,Nairobi County Hospital,Respiratory Infections,4
2022-04-17,Nairobi County Hospital,Respiratory Infections,7
2022-04-18,Nairobi County Hospital,Respiratory Infections,10
2022-04-19,Nairobi County Hospital,Respiratory Infections,9
2022-04-20,Nairobi County Hospital,Respiratory Infections,9
2022-04-21,Nairobi County Hospital,Respiratory Infections,4
2022-04-22,Nairobi County Hospital,Respiratory Infections,4
2022-04-23,Nairobi County Hospital,Respiratory Infections,13
2022-04-24,Nairobi County Hospital,Respiratory Infections,8
2022-04-25,Nairobi County Hospital,Respiratory Infections,7
2022-04-26,Nairobi County Hospital,Respiratory Infections,7
2022-04-27,Nairobi County Hospital,Respiratory Infections,7
2022-04-28,Nairobi County Hospital,Respiratory Infections,11
2022-04-29,Nairobi County Hospital,Respiratory Infections,8
2022-04-30,Nairobi County Hospital,Respiratory Infections,8
2022-05-01,Nairobi County Hospital,Respiratory Infections,8
2022-05-02,Nairobi County Hospital,Respiratory Infections,12
2022-05-03,Nairobi County Hospital,Respiratory Infections,9
2022-05-04,Nairobi County Hospital,Respiratory Infections,13
2022-05-05,Nairobi County Hospital,Respiratory Infections,19
2022-05-06,Nairobi County Hospital,Respiratory Infections,11
2022-05-07,Nairobi County Hospital,Respiratory Infections,9
2022-05-08,Nairobi County Hospital,Respiratory Infections,9
2022-05-09,Nairobi County Hospital,Respiratory Infections,5
2022-05-10,Nairobi County Hospital,Respiratory Infections,12
2022-05-11,Nairobi County Hospital,Respiratory Infections,9
2022-05-12,Nairobi County Hospital,Respiratory Infections,11
2022-05-13,Nairobi County Hospital,Respiratory Infections,10
2022-05-14,Nairobi County Hospital,Respiratory Infections,8
2022-05-15,Nairobi County Hospital,Respiratory Infections,11
2022-05-16,Nairobi County Hospital,Respiratory Infections,4
2022-05-17,Nairobi County Hospital,Respiratory Infections,15
2022-05-18,Nairobi County Hospital,Respiratory Infections,11
2022-05-19,Nairobi County Hospital,Respiratory Infections,8
2022-05-20,Nairobi County Hospital,Respiratory Infections,13
2022-05-21,Nairobi County Hospital,Respiratory Infections,13
2022-05-22,Nairobi County Hospital,Respiratory Infections,13
2022-05-23,Nairobi County Hospital,Respiratory Infections,11
2022-05-24,Nairobi County Hospital,Respiratory Infections,13
2022-05-25,Nairobi County Hospital,Respiratory Infections,14
2022-05-26,Nairobi County Hospital,Respiratory Infections,10
2022-05-27,Nairobi County Hospital,Respiratory Infections,7
2022-05-28,Nairobi County Hospital,Respiratory Infections,13
2022-05-29,Nairobi County Hospital,Respiratory Infections,10
2022-05-30,Nairobi County Hospital,Respiratory Infections,10
2022-05-31,Nairobi County Hospital,Respiratory Infections,9
2022-06-01,Nairobi County Hospital,Respiratory Infections,8
2022-06-02,Nairobi County Hospital,Respiratory Infections,12
2022-06-03,Nairobi County Hospital,Respiratory Infections,7
2022-06-04,Nairobi County Hospital,Respiratory Infections,13
2022-06-05,Nairobi County Hospital,Respiratory Infections,7
2022-06-06,Nairobi County Hospital,Respiratory Infections,7
2022-06-07,Nairobi County Hospital,Respiratory Infections,17
2022-06-08,Nairobi County Hospital,Respiratory Infections,10
2022-06-09,Nairobi County Hospital,Respiratory Infections,8
2022-06-10,Nairobi County Hospital,Respiratory Infections,10
2022-06-11,Nairobi County Hospital,Respiratory Infections,9
2022-06-12,Nairobi County Hospital,Respiratory Infections,9
2022-06-13,Nairobi County Hospital,Respiratory Infections,13
2022-06-14,Nairobi County Hospital,Respiratory Infections,17
2022-06-15,Nairobi County Hospital,Respiratory Infections,15
2022-06-16,Nairobi County Hospital,Respiratory Infections,13
2022-06-17,Nairobi County Hospital,Respiratory Infections,13
2022-06-18,Nairobi County Hospital,Respiratory Infections,10
2022-06-19,Nairobi County Hospital,Respiratory Infections,11
2022-06-20,Nairobi County Hospital,Respiratory Infections,8
2022-06-21,Nairobi County Hospital,Respiratory Infections,15
2022-06-22,Nairobi County Hospital,Respiratory Infections,17
2022-06-23,Nairobi County Hospital,Respiratory Infections,8
2022-06-24,Nairobi County Hospital,Respiratory Infections,12
2022-06-25,Nairobi County Hospital,Respiratory Infections,9
2022-06-26,Nairobi County Hospital,Respiratory Infections,12
2022-06-27,Nairobi County Hospital,Respiratory Infections,11
2022-06-28,Nairobi County Hospital,Respiratory Infections,11
2022-06-29,Nairobi County Hospital,Respiratory Infections,8
2022-06-30,Nairobi County Hospital,Respiratory Infections,14
2022-07-01,Nairobi County Hospital,Respiratory Infections,13
2022-07-02,Nairobi County Hospital,Respiratory Infections,15
2022-07-03,Nairobi County Hospital,Respiratory Infections,15
2022-07-04,Nairobi County Hospital,Respiratory Infections,13
2022-07-05,Nairobi County Hospital,Respiratory Infections,10
2022-07-06,Nairobi County Hospital,Respiratory Infections,7
2022-07-07,Nairobi County Hospital,Respiratory Infections,14
2022-07-08,Nairobi County Hospital,Respiratory Infections,11
2022-07-09,Nairobi County Hospital,Respiratory Infections,10
2022-07-10,Nairobi County Hospital,Respiratory Infections,10
2022-07-11,Nairobi County Hospital,Respiratory Infections,12
2022-07-12,Nairobi County Hospital,Respiratory Infections,20
2022-07-13,Nairobi County Hospital,Respiratory Infections,11
2022-07-14,Nairobi County Hospital,Respiratory Infections,10
2022-07-15,Nairobi County Hospital,Respiratory Infections,10
2022-07-16,Nairobi County Hospital,Respiratory Infections,15
2022-07-17,Nairobi County Hospital,Respiratory Infections,8
2022-07-18,Nairobi County Hospital,Respiratory Infections,11
2022-07-19,Nairobi County Hospital,Respiratory Infections,16
2022-07-20,Nairobi County Hospital,Respiratory Infections,9
2022-07-21,Nairobi County Hospital,Respiratory Infections,19
2022-07-22,Nairobi County Hospital,Respiratory Infections,15
2022-07-23,Nairobi County Hospital,Respiratory Infections,14
2022-07-24,Nairobi County Hospital,Respiratory Infections,17
2022-07-25,Nairobi County Hospital,Respiratory Infections,5
2022-07-26,Nairobi County Hospital,Respiratory Infections,13
2022-07-27,Nairobi County Hospital,Respiratory Infections,28
2022-07-28,Nairobi County Hospital,Respiratory Infections,17
2022-07-29,Nairobi County Hospital,Respiratory Infections,11
2022-07-30,Nairobi County Hospital,Respiratory Infections,11
2022-07-31,Nairobi County Hospital,Respiratory Infections,10
2022-08-01,Nairobi County Hospital,Respiratory Infections,11
2022-08-02,Nairobi County Hospital,Respiratory Infections,8
2022-08-03,Nairobi County Hospital,Respiratory Infections,15
2022-08-04,Nairobi County Hospital,Respiratory Infections,22
2022-08-05,Nairobi County Hospital,Respiratory Infections,12
2022-08-06,Nairobi County Hospital,Respiratory Infections,10
2022-08-07,Nairobi County Hospital,Respiratory Infections,12
2022-08-08,Nairobi County Hospital,Respiratory Infections,15
2022-08-09,Nairobi County Hospital,Respiratory Infections,15
2022-08-10,Nairobi County Hospital,Respiratory Infections,10
2022-08-11,Nairobi County Hospital,Respiratory Infections,8
2022-08-12,Nairobi County Hospital,Respiratory Infections,14
2022-08-13,Nairobi County Hospital,Respiratory Infections,7
2022-08-14,Nairobi County Hospital,Respiratory Infections,10
2022-08-15,Nairobi County Hospital,Respiratory Infections,13
2022-08-16,Nairobi County Hospital,Respiratory Infections,14
2022-08-17,Nairobi County Hospital,Respiratory Infections,15
2022-08-18,Nairobi County Hospital,Respiratory Infections,11
2022-08-19,Nairobi County Hospital,Respiratory Infections,17
2022-08-20,Nairobi County Hospital,Respiratory Infections,10
2022-08-21,Nairobi County Hospital,Respiratory Infections,12
2022-08-22,Nairobi County Hospital,Respiratory Infections,10
2022-08-23,Nairobi County Hospital,Respiratory Infections,14
2022-08-24,Nairobi County Hospital,Respiratory Infections,15
2022-08-25,Nairobi County Hospital,Respiratory Infections,12
2022-08-26,Nairobi County Hospital,Respiratory Infections,7
2022-08-27,Nairobi County Hospital,Respiratory Infections,14
2022-08-28,Nairobi County Hospital,Respiratory Infections,15
2022-08-29,Nairobi County Hospital,Respiratory Infections,10
2022-08-30,Nairobi County Hospital,Respiratory Infections,11
2022-08-31,Nairobi County Hospital,Respiratory Infections,11
2022-09-01,Nairobi County Hospital,Respiratory Infections,20
2022-09-02,Nairobi County Hospital,Respiratory Infections,12
2022-09-03,Nairobi County Hospital,Respiratory Infections,11
2022-09-04,Nairobi County Hospital,Respiratory Infections,14
2022-09-05,Nairobi County Hospital,Respiratory Infections,8
2022-09-06,Nairobi County Hospital,Respiratory Infections,11
2022-09-07,Nairobi County Hospital,Respiratory Infections,7
2022-09-08,Nairobi County Hospital,Respiratory Infections,10
2022-09-09,Nairobi County Hospital,Respiratory Infections,10
2022-09-10,Nairobi County Hospital,Respiratory Infections,9
2022-09-11,Nairobi County Hospital,Respiratory Infections,12
2022-09-12,Nairobi County Hospital,Respiratory Infections,12
2022-09-13,Nairobi County Hospital,Respiratory Infections,11
2022-09-14,Nairobi County Hospital,Respiratory Infections,18
2022-09-15,Nairobi County Hospital,Respiratory Infections,13
2022-09-16,Nairobi County Hospital,Respiratory Infections,12
2022-09-17,Nairobi County Hospital,Respiratory Infections,15
2022-09-18,Nairobi County Hospital,Respiratory Infections,10
2022-09-19,Nairobi County Hospital,Respiratory Infections,11
2022-09-20,Nairobi County Hospital,Respiratory Infections,13
2022-09-21,Nairobi County Hospital,Respiratory Infections,11
2022-09-22,Nairobi County Hospital,Respiratory Infections,12
2022-09-23,Nairobi County Hospital,Respiratory Infections,11
2022-09-24,Nairobi County Hospital,Respiratory Infections,9
2022-09-25,Nairobi County Hospital,Respiratory Infections,11
2022-09-26,Nairobi County Hospital,Respiratory Infections,12
2022-09-27,Nairobi County Hospital,Respiratory Infections,14
2022-09-28,Nairobi County Hospital,Respiratory Infections,16
2022-09-29,Nairobi County Hospital,Respiratory Infections,15
2022-09-30,Nairobi County Hospital,Respiratory Infections,15
2022-10-01,Nairobi County Hospital,Respiratory Infections,7
2022-10-02,Nairobi County Hospital,Respiratory Infections,12
2022-10-03,Nairobi County Hospital,Respiratory Infections,9
2022-10-04,Nairobi County Hospital,Respiratory Infections,6
2022-10-05,Nairobi County Hospital,Respiratory Infections,5
2022-10-06,Nairobi County Hospital,Respiratory Infections,9
2022-10-07,Nairobi County Hospital,Respiratory Infections,9
2022-10-08,Nairobi County Hospital,Respiratory Infections,9
2022-10-09,Nairobi County Hospital,Respiratory Infections,6
2022-10-10,Nairobi County Hospital,Respiratory Infections,8
2022-10-11,Nairobi County Hospital,Respiratory Infections,9
2022-10-12,Nairobi County Hospital,Respiratory Infections,12
2022-10-13,Nairobi County Hospital,Respiratory Infections,2
2022-10-14,Nairobi County Hospital,Respiratory Infections,11
2022-10-15,Nairobi County Hospital,Respiratory Infections,14
2022-10-16,Nairobi County Hospital,Respiratory Infections,8
2022-10-17,Nairobi County Hospital,Respiratory Infections,11
2022-10-18,Nairobi County Hospital,Respiratory Infections,10
2022-10-19,Nairobi County Hospital,Respiratory Infections,6
2022-10-20,Nairobi County Hospital,Respiratory Infections,8
2022-10-21,Nairobi County Hospital,Respiratory Infections,9
2022-10-22,Nairobi County Hospital,Respiratory Infections,7
2022-10-23,Nairobi County Hospital,Respiratory Infections,7
2022-10-24,Nairobi County Hospital,Respiratory Infections,3
2022-10-25,Nairobi County Hospital,Respiratory Infections,11
2022-10-26,Nairobi County Hospital,Respiratory Infections,5
2022-10-27,Nairobi County Hospital,Respiratory Infections,6
2022-10-28,Nairobi County Hospital,Respiratory Infections,10
2022-10-29,Nairobi County Hospital,Respiratory Infections,6
2022-10-30,Nairobi County Hospital,Respiratory Infections,3
2022-10-31,Nairobi County Hospital,Respiratory Infections,8
2022-11-01,Nairobi County Hospital,Respiratory Infections,11
2022-11-02,Nairobi County Hospital,Respiratory Infections,13
2022-11-03,Nairobi County Hospital,Respiratory Infections,9
2022-11-04,Nairobi County Hospital,Respiratory Infections,11
2022-11-05,Nairobi County Hospital,Respiratory Infections,7
2022-11-06,Nairobi County Hospital,Respiratory Infections,5
2022-11-07,Nairobi County Hospital,Respiratory Infections,7
2022-11-08,Nairobi County Hospital,Respiratory Infections,11
2022-11-09,Nairobi County Hospital,Respiratory Infections,8
2022-11-10,Nairobi County Hospital,Respiratory Infections,6
2022-11-11,Nairobi County Hospital,Respiratory Infections,8
2022-11-12,Nairobi County Hospital,Respiratory Infections,5
2022-11-13,Nairobi County Hospital,Respiratory Infections,7
2022-11-14,Nairobi County Hospital,Respiratory Infections,8
2022-11-15,Nairobi County Hospital,Respiratory Infections,7
2022-11-16,Nairobi County Hospital,Respiratory Infections,7
2022-11-17,Nairobi County Hospital,Respiratory Infections,9
2022-11-18,Nairobi County Hospital,Respiratory Infections,2
2022-11-19,Nairobi County Hospital,Respiratory Infections,5
2022-11-20,Nairobi County Hospital,Respiratory Infections,7
2022-11-21,Nairobi County Hospital,Respiratory Infections,7
2022-11-22,Nairobi County Hospital,Respiratory Infections,3
2022-11-23,Nairobi County Hospital,Respiratory Infections,4
2022-11-24,Nairobi County Hospital,Respiratory Infections,7
2022-11-25,Nairobi County Hospital,Respiratory Infections,3
2022-11-26,Nairobi County Hospital,Respiratory Infections,7
2022-11-27,Nairobi County Hospital,Respiratory Infections,2
2022-11-28,Nairobi County Hospital,Respiratory Infections,4
2022-11-29,Nairobi County Hospital,Respiratory Infections,11
2022-11-30,Nairobi County Hospital,Respiratory Infections,8
2022-12-01,Nairobi County Hospital,Respiratory Infections,7
2022-12-02,Nairobi County Hospital,Respiratory Infections,5
2022-12-03,Nairobi County Hospital,Respiratory Infections,7
2022-12-04,Nairobi County Hospital,Respiratory Infections,1
2022-12-05,Nairobi County Hospital,Respiratory Infections,4
2022-12-06,Nairobi County Hospital,Respiratory Infections,7
2022-12-07,Nairobi County Hospital,Respiratory Infections,5
2022-12-08,Nairobi County Hospital,Respiratory Infections,3
2022-12-09,Nairobi County Hospital,Respiratory Infections,7
2022-12-10,Nairobi County Hospital,Respiratory Infections,9
2022-12-11,Nairobi County Hospital,Respiratory Infections,7
2022-12-12,Nairobi County Hospital,Respiratory Infections,2
2022-12-13,Nairobi County Hospital,Respiratory Infections,7
2022-12-14,Nairobi County Hospital,Respiratory Infections,7
2022-12-15,Nairobi County Hospital,Respiratory Infections,5
2022-12-16,Nairobi County Hospital,Respiratory Infections,4
2022-12-17,Nairobi County Hospital,Respiratory Infections,3
2022-12-18,Nairobi County Hospital,Respiratory Infections,3
2022-12-19,Nairobi County Hospital,Respiratory Infections,5
2022-12-20,Nairobi County Hospital,Respiratory Infections,3
2022-12-21,Nairobi County Hospital,Respiratory Infections,7
2022-12-22,Nairobi County Hospital,Respiratory Infections,1
2022-12-23,Nairobi County Hospital,Respiratory Infections,5
2022-12-24,Nairobi County Hospital,Respiratory Infections,3
2022-12-25,Nairobi County Hospital,Respiratory Infections,4
2022-12-26,Nairobi County Hospital,Respiratory Infections,6
2022-12-27,Nairobi County Hospital,Respiratory Infections,7
2022-12-28,Nairobi County Hospital,Respiratory Infections,3
2022-12-29,Nairobi County Hospital,Respiratory Infections,7
2022-12-30,Nairobi County Hospital,Respiratory Infections,5
2022-12-31,Nairobi County Hospital,Respiratory Infections,4
2023-01-01,Nairobi County Hospital,Respiratory Infections,4
2023-01-02,Nairobi County Hospital,Respiratory Infections,5
2023-01-03,Nairobi County Hospital,Respiratory Infections,1
2023-01-04,Nairobi County Hospital,Respiratory Infections,7
2023-01-05,Nairobi County Hospital,Respiratory Infections,7
2023-01-06,Nairobi County Hospital,Respiratory Infections,4
2023-01-07,Nairobi County Hospital,Respiratory Infections,4
2023-01-08,Nairobi County Hospital,Respiratory Infections,2
2023-01-09,Nairobi County Hospital,Respiratory Infections,4
2023-01-10,Nairobi County Hospital,Respiratory Infections,3
2023-01-11,Nairobi County Hospital,Respiratory Infections,2
2023-01-12,Nairobi County Hospital,Respiratory Infections,6
2023-01-13,Nairobi County Hospital,Respiratory Infections,4
2023-01-14,Nairobi County Hospital,Respiratory Infections,6
2023-01-15,Nairobi County Hospital,Respiratory Infections,4
2023-01-16,Nairobi County Hospital,Respiratory Infections,4
2023-01-17,Nairobi County Hospital,Respiratory Infections,4
2023-01-18,Nairobi County Hospital,Respiratory Infections,3
2023-01-19,Nairobi County Hospital,Respiratory Infections,4
2023-01-20,Nairobi County Hospital,Respiratory Infections,2
2023-01-21,Nairobi County Hospital,Respiratory Infections,4
2023-01-22,Nairobi County Hospital,Respiratory Infections,1
2023-01-23,Nairobi County Hospital,Respiratory Infections,5
2023-01-24,Nairobi County Hospital,Respiratory Infections,3
2023-01-25,Nairobi County Hospital,Respiratory Infections,10
2023-01-26,Nairobi County Hospital,Respiratory Infections,9
2023-01-27,Nairobi County Hospital,Respiratory Infections,4
2023-01-28,Nairobi County Hospital,Respiratory Infections,2
2023-01-29,Nairobi County Hospital,Respiratory Infections,3
2023-01-30,Nairobi County Hospital,Respiratory Infections,4
2023-01-31,Nairobi County Hospital,Respiratory Infections,3
2023-02-01,Nairobi County Hospital,Respiratory Infections,3
2023-02-02,Nairobi County Hospital,Respiratory Infections,6
2023-02-03,Nairobi County Hospital,Respiratory Infections,8
2023-02-04,Nairobi County Hospital,Respiratory Infections,4
2023-02-05,Nairobi County Hospital,Respiratory Infections,1
2023-02-06,Nairobi County Hospital,Respiratory Infections,3
2023-02-07,Nairobi County Hospital,Respiratory Infections,8
2023-02-08,Nairobi County Hospital,Respiratory Infections,9
2023-02-09,Nairobi County Hospital,Respiratory Infections,6
2023-02-10,Nairobi County Hospital,Respiratory Infections,3
2023-02-11,Nairobi County Hospital,Respiratory Infections,6
2023-02-12,Nairobi County Hospital,Respiratory Infections,5
2023-02-13,Nairobi County Hospital,Respiratory Infections,4
2023-02-14,Nairobi County Hospital,Respiratory Infections,8
2023-02-15,Nairobi County Hospital,Respiratory Infections,7
2023-02-16,Nairobi County Hospital,Respiratory Infections,5
2023-02-17,Nairobi County Hospital,Respiratory Infections,7
2023-02-18,Nairobi County Hospital,Respiratory Infections,4
2023-02-19,Nairobi County Hospital,Respiratory Infections,5
2023-02-20,Nairobi County Hospital,Respiratory Infections,4
2023-02-21,Nairobi County Hospital,Respiratory Infections,3
2023-02-22,Nairobi County Hospital,Respiratory Infections,5
2023-02-23,Nairobi County Hospital,Respiratory Infections,7
2023-02-24,Nairobi County Hospital,Respiratory Infections,9
2023-02-25,Nairobi County Hospital,Respiratory Infections,4
2023-02-26,Nairobi County Hospital,Respiratory Infections,7
2023-02-27,Nairobi County Hospital,Respiratory Infections,5
2023-02-28,Nairobi County Hospital,Respiratory Infections,6
2023-03-01,Nairobi County Hospital,Respiratory Infections,4
2023-03-02,Nairobi County Hospital,Respiratory Infections,6
2023-03-03,Nairobi County Hospital,Respiratory Infections,6
2023-03-04,Nairobi County Hospital,Respiratory Infections,9
2023-03-05,Nairobi County Hospital,Respiratory Infections,2
2023-03-06,Nairobi County Hospital,Respiratory Infections,4
2023-03-07,Nairobi County Hospital,Respiratory Infections,2
2023-03-08,Nairobi County Hospital,Respiratory Infections,7
2023-03-09,Nairobi County Hospital,Respiratory Infections,7
2023-03-10,Nairobi County Hospital,Respiratory Infections,5
2023-03-11,Nairobi County Hospital,Respiratory Infections,10
2023-03-12,Nairobi County Hospital,Respiratory Infections,8
2023-03-13,Nairobi County Hospital,Respiratory Infections,8
2023-03-14,Nairobi County Hospital,Respiratory Infections,6
2023-03-15,Nairobi County Hospital,Respiratory Infections,4
2023-03-16,Nairobi County Hospital,Respiratory Infections,8
2023-03-17,Nairobi County Hospital,Respiratory Infections,13
2023-03-18,Nairobi County Hospital,Respiratory Infections,11
2023-03-19,Nairobi County Hospital,Respiratory Infections,5
2023-03-20,Nairobi County Hospital,Respiratory Infections,3
2023-03-21,Nairobi County Hospital,Respiratory Infections,5
2023-03-22,Nairobi County Hospital,Respiratory Infections,10
2023-03-23,Nairobi County Hospital,Respiratory Infections,5
2023-03-24,Nairobi County Hospital,Respiratory Infections,12
2023-03-25,Nairobi County Hospital,Respiratory Infections,7
2023-03-26,Nairobi County Hospital,Respiratory Infections,9
2023-03-27,Nairobi County Hospital,Respiratory Infections,7
2023-03-28,Nairobi County Hospital,Respiratory Infections,5
2023-03-29,Nairobi County Hospital,Respiratory Infections,6
2023-03-30,Nairobi County Hospital,Respiratory Infections,11
2023-03-31,Nairobi County Hospital,Respiratory Infections,13
2023-04-01,Nairobi County Hospital,Respiratory Infections,6
2023-04-02,Nairobi County Hospital,Respiratory Infections,6
2023-04-03,Nairobi County Hospital,Respiratory Infections,9
2023-04-04,Nairobi County Hospital,Respiratory Infections,8
2023-04-05,Nairobi County Hospital,Respiratory Infections,5
2023-04-06,Nairobi County Hospital,Respiratory Infections,9
2023-04-07,Nairobi County Hospital,Respiratory Infections,10
2023-04-08,Nairobi County Hospital,Respiratory Infections,12
2023-04-09,Nairobi County Hospital,Respiratory Infections,10
2023-04-10,Nairobi County Hospital,Respiratory Infections,11
2023-04-11,Nairobi County Hospital,Respiratory Infections,7
2023-04-12,Nairobi County Hospital,Respiratory Infections,6
2023-04-13,Nairobi County Hospital,Respiratory Infections,5
2023-04-14,Nairobi County Hospital,Respiratory Infections,9
2023-04-15,Nairobi County Hospital,Respiratory Infections,7
2023-04-16,Nairobi County Hospital,Respiratory Infections,3
2023-04-17,Nairobi County Hospital,Respiratory Infections,9
2023-04-18,Nairobi County Hospital,Respiratory Infections,10
2023-04-19,Nairobi County Hospital,Respiratory Infections,13
2023-04-20,Nairobi County Hospital,Respiratory Infections,7
2023-04-21,Nairobi County Hospital,Respiratory Infections,8
2023-04-22,Nairobi County Hospital,Respiratory Infections,9
2023-04-23,Nairobi County Hospital,Respiratory Infections,8
2023-04-24,Nairobi County Hospital,Respiratory Infections,10
2023-04-25,Nairobi County Hospital,Respiratory Infections,5
2023-04-26,Nairobi County Hospital,Respiratory Infections,12
2023-04-27,Nairobi County Hospital,Respiratory Infections,13
2023-04-28,Nairobi County Hospital,Respiratory Infections,8
2023-04-29,Nairobi County Hospital,Respiratory Infections,3
2023-04-30,Nairobi County Hospital,Respiratory Infections,8
2023-05-01,Nairobi County Hospital,Respiratory Infections,9
2023-05-02,Nairobi County Hospital,Respiratory Infections,9
2023-05-03,Nairobi County Hospital,Respiratory Infections,11
2023-05-04,Nairobi County Hospital,Respiratory Infections,15
2023-05-05,Nairobi County Hospital,Respiratory Infections,5
2023-05-06,Nairobi County Hospital,Respiratory Infections,9
2023-05-07,Nairobi County Hospital,Respiratory Infections,10
2023-05-08,Nairobi County Hospital,Respiratory Infections,9
2023-05-09,Nairobi County Hospital,Respiratory Infections,6
2023-05-10,Nairobi County Hospital,Respiratory Infections,14
2023-05-11,Nairobi County Hospital,Respiratory Infections,26
2023-05-12,Nairobi County Hospital,Respiratory Infections,8
2023-05-13,Nairobi County Hospital,Respiratory Infections,7
2023-05-14,Nairobi County Hospital,Respiratory Infections,15
2023-05-15,Nairobi County Hospital,Respiratory Infections,6
2023-05-16,Nairobi County Hospital,Respiratory Infections,15
2023-05-17,Nairobi County Hospital,Respiratory Infections,11
2023-05-18,Nairobi County Hospital,Respiratory Infections,11
2023-05-19,Nairobi County Hospital,Respiratory Infections,14
2023-05-20,Nairobi County Hospital,Respiratory Infections,10
2023-05-21,Nairobi County Hospital,Respiratory Infections,13
2023-05-22,Nairobi County Hospital,Respiratory Infections,10
2023-05-23,Nairobi County Hospital,Respiratory Infections,9
2023-05-24,Nairobi County Hospital,Respiratory Infections,8
2023-05-25,Nairobi County Hospital,Respiratory Infections,17
2023-05-26,Nairobi County Hospital,Respiratory Infections,18
2023-05-27,Nairobi County Hospital,Respiratory Infections,12
2023-05-28,Nairobi County Hospital,Respiratory Infections,11
2023-05-29,Nairobi County Hospital,Respiratory Infections,15
2023-05-30,Nairobi County Hospital,Respiratory Infections,7
2023-05-31,Nairobi County Hospital,Respiratory Infections,14
2023-06-01,Nairobi County Hospital,Respiratory Infections,10
2023-06-02,Nairobi County Hospital,Respiratory Infections,21
2023-06-03,Nairobi County Hospital,Respiratory Infections,8
2023-06-04,Nairobi County Hospital,Respiratory Infections,13
2023-06-05,Nairobi County Hospital,Respiratory Infections,10
2023-06-06,Nairobi County Hospital,Respiratory Infections,8
2023-06-07,Nairobi County Hospital,Respiratory Infections,11
2023-06-08,Nairobi County Hospital,Respiratory Infections,10
2023-06-09,Nairobi County Hospital,Respiratory Infections,18
2023-06-10,Nairobi County Hospital,Respiratory Infections,15
2023-06-11,Nairobi County Hospital,Respiratory Infections,5
2023-06-12,Nairobi County Hospital,Respiratory Infections,10
2023-06-13,Nairobi County Hospital,Respiratory Infections,15
2023-06-14,Nairobi County Hospital,Respiratory Infections,13
2023-06-15,Nairobi County Hospital,Respiratory Infections,15
2023-06-16,Nairobi County Hospital,Respiratory Infections,17
2023-06-17,Nairobi County Hospital,Respiratory Infections,13
2023-06-18,Nairobi County Hospital,Respiratory Infections,9
2023-06-19,Nairobi County Hospital,Respiratory Infections,15
2023-06-20,Nairobi County Hospital,Respiratory Infections,17
2023-06-21,Nairobi County Hospital,Respiratory Infections,10
2023-06-22,Nairobi County Hospital,Respiratory Infections,16
2023-06-23,Nairobi County Hospital,Respiratory Infections,16
2023-06-24,Nairobi County Hospital,Respiratory Infections,12
2023-06-25,Nairobi County Hospital,Respiratory Infections,9
2023-06-26,Nairobi County Hospital,Respiratory Infections,13
2023-06-27,Nairobi County Hospital,Respiratory Infections,15
2023-06-28,Nairobi County Hospital,Respiratory Infections,15
2023-06-29,Nairobi County Hospital,Respiratory Infections,14
2023-06-30,Nairobi County Hospital,Respiratory Infections,12
2023-07-01,Nairobi County Hospital,Respiratory Infections,14
2023-07-02,Nairobi County Hospital,Respiratory Infections,9
2023-07-03,Nairobi County Hospital,Respiratory Infections,5
2023-07-04,Nairobi County Hospital,Respiratory Infections,11
2023-07-05,Nairobi County Hospital,Respiratory Infections,10
2023-07-06,Nairobi County Hospital,Respiratory Infections,7
2023-07-07,Nairobi County Hospital,Respiratory Infections,11
2023-07-08,Nairobi County Hospital,Respiratory Infections,10
2023-07-09,Nairobi County Hospital,Respiratory Infections,9
2023-07-10,Nairobi County Hospital,Respiratory Infections,16
2023-07-11,Nairobi County Hospital,Respiratory Infections,21
2023-07-12,Nairobi County Hospital,Respiratory Infections,16
2023-07-13,Nairobi County Hospital,Respiratory Infections,19
2023-07-14,Nairobi County Hospital,Respiratory Infections,12
2023-07-15,Nairobi County Hospital,Respiratory Infections,13
2023-07-16,Nairobi County Hospital,Respiratory Infections,15
2023-07-17,Nairobi County Hospital,Respiratory Infections,18
2023-07-18,Nairobi County Hospital,Respiratory Infections,15
2023-07-19,Nairobi County Hospital,Respiratory Infections,12
2023-07-20,Nairobi County Hospital,Respiratory Infections,10
2023-07-21,Nairobi County Hospital,Respiratory Infections,17
2023-07-22,Nairobi County Hospital,Respiratory Infections,14
2023-07-23,Nairobi County Hospital,Respiratory Infections,15
2023-07-24,Nairobi County Hospital,Respiratory Infections,7
2023-07-25,Nairobi County Hospital,Respiratory Infections,11
2023-07-26,Nairobi County Hospital,Respiratory Infections,12
2023-07-27,Nairobi County Hospital,Respiratory Infections,19
2023-07-28,Nairobi County Hospital,Respiratory Infections,10
2023-07-29,Nairobi County Hospital,Respiratory Infections,9
2023-07-30,Nairobi County Hospital,Respiratory Infections,13
2023-07-31,Nairobi County Hospital,Respiratory Infections,7
2023-08-01,Nairobi County Hospital,Respiratory Infections,14
2023-08-02,Nairobi County Hospital,Respiratory Infections,8
2023-08-03,Nairobi County Hospital,Respiratory Infections,15
2023-08-04,Nairobi County Hospital,Respiratory Infections,14
2023-08-05,Nairobi County Hospital,Respiratory Infections,16
2023-08-06,Nairobi County Hospital,Respiratory Infections,13
2023-08-07,Nairobi County Hospital,Respiratory Infections,15
2023-08-08,Nairobi County Hospital,Respiratory Infections,10
2023-08-09,Nairobi County Hospital,Respiratory Infections,16
2023-08-10,Nairobi County Hospital,Respiratory Infections,5
2023-08-11,Nairobi County Hospital,Respiratory Infections,11
2023-08-12,Nairobi County Hospital,Respiratory Infections,11
2023-08-13,Nairobi County Hospital,Respiratory Infections,15
2023-08-14,Nairobi County Hospital,Respiratory Infections,15
2023-08-15,Nairobi County Hospital,Respiratory Infections,12
2023-08-16,Nairobi County Hospital,Respiratory Infections,11
2023-08-17,Nairobi County Hospital,Respiratory Infections,12
2023-08-18,Nairobi County Hospital,Respiratory Infections,17
2023-08-19,Nairobi County Hospital,Respiratory Infections,11
2023-08-20,Nairobi County Hospital,Respiratory Infections,11
2023-08-21,Nairobi County Hospital,Respiratory Infections,18
2023-08-22,Nairobi County Hospital,Respiratory Infections,9
2023-08-23,Nairobi County Hospital,Respiratory Infections,17
2023-08-24,Nairobi County Hospital,Respiratory Infections,15
2023-08-25,Nairobi County Hospital,Respiratory Infections,10
2023-08-26,Nairobi County Hospital,Respiratory Infections,13
2023-08-27,Nairobi County Hospital,Respiratory Infections,18
2023-08-28,Nairobi County Hospital,Respiratory Infections,19
2023-08-29,Nairobi County Hospital,Respiratory Infections,11
2023-08-30,Nairobi County Hospital,Respiratory Infections,11
2023-08-31,Nairobi County Hospital,Respiratory Infections,14
2023-09-01,Nairobi County Hospital,Respiratory Infections,10
2023-09-02,Nairobi County Hospital,Respiratory Infections,8
2023-09-03,Nairobi County Hospital,Respiratory Infections,8
2023-09-04,Nairobi County Hospital,Respiratory Infections,13
2023-09-05,Nairobi County Hospital,Respiratory Infections,17
2023-09-06,Nairobi County Hospital,Respiratory Infections,17
2023-09-07,Nairobi County Hospital,Respiratory Infections,11
2023-09-08,Nairobi County Hospital,Respiratory Infections,13
2023-09-09,Nairobi County Hospital,Respiratory Infections,9
2023-09-10,Nairobi County Hospital,Respiratory Infections,8
2023-09-11,Nairobi County Hospital,Respiratory Infections,10
2023-09-12,Nairobi County Hospital,Respiratory Infections,20
2023-09-13,Nairobi County Hospital,Respiratory Infections,5
2023-09-14,Nairobi County Hospital,Respiratory Infections,8
2023-09-15,Nairobi County Hospital,Respiratory Infections,16
2023-09-16,Nairobi County Hospital,Respiratory Infections,10
2023-09-17,Nairobi County Hospital,Respiratory Infections,8
2023-09-18,Nairobi County Hospital,Respiratory Infections,6
2023-09-19,Nairobi County Hospital,Respiratory Infections,6
2023-09-20,Nairobi County Hospital,Respiratory Infections,15
2023-09-21,Nairobi County Hospital,Respiratory Infections,11
2023-09-22,Nairobi County Hospital,Respiratory Infections,12
2023-09-23,Nairobi County Hospital,Respiratory Infections,11
2023-09-24,Nairobi County Hospital,Respiratory Infections,10
2023-09-25,Nairobi County Hospital,Respiratory Infections,9
2023-09-26,Nairobi County Hospital,Respiratory Infections,12
2023-09-27,Nairobi County Hospital,Respiratory Infections,14
2023-09-28,Nairobi County Hospital,Respiratory Infections,8
2023-09-29,Nairobi County Hospital,Respiratory Infections,13
2023-09-30,Nairobi County Hospital,Respiratory Infections,7
2023-10-01,Nairobi County Hospital,Respiratory Infections,4
2023-10-02,Nairobi County Hospital,Respiratory Infections,11
2023-10-03,Nairobi County Hospital,Respiratory Infections,10
2023-10-04,Nairobi County Hospital,Respiratory Infections,11
2023-10-05,Nairobi County Hospital,Respiratory Infections,11
2023-10-06,Nairobi County Hospital,Respiratory Infections,12
2023-10-07,Nairobi County Hospital,Respiratory Infections,8
2023-10-08,Nairobi County Hospital,Respiratory Infections,11
2023-10-09,Nairobi County Hospital,Respiratory Infections,10
2023-10-10,Nairobi County Hospital,Respiratory Infections,10
2023-10-11,Nairobi County Hospital,Respiratory Infections,12
2023-10-12,Nairobi County Hospital,Respiratory Infections,13
2023-10-13,Nairobi County Hospital,Respiratory Infections,4
2023-10-14,Nairobi County Hospital,Respiratory Infections,9
2023-10-15,Nairobi County Hospital,Respiratory Infections,4
2023-10-16,Nairobi County Hospital,Respiratory Infections,6
2023-10-17,Nairobi County Hospital,Respiratory Infections,9
2023-10-18,Nairobi County Hospital,Respiratory Infections,9
2023-10-19,Nairobi County Hospital,Respiratory Infections,9
2023-10-20,Nairobi County Hospital,Respiratory Infections,9
2023-10-21,Nairobi County Hospital,Respiratory Infections,4
2023-10-22,Nairobi County Hospital,Respiratory Infections,12
2023-10-23,Nairobi County Hospital,Respiratory Infections,10
2023-10-24,Nairobi County Hospital,Respiratory Infections,1
2023-10-25,Nairobi County Hospital,Respiratory Infections,14
2023-10-26,Nairobi County Hospital,Respiratory Infections,6
2023-10-27,Nairobi County Hospital,Respiratory Infections,8
2023-10-28,Nairobi County Hospital,Respiratory Infections,7
2023-10-29,Nairobi County Hospital,Respiratory Infections,4
2023-10-30,Nairobi County Hospital,Respiratory Infections,5
2023-10-31,Nairobi County Hospital,Respiratory Infections,7
2023-11-01,Nairobi County Hospital,Respiratory Infections,6
2023-11-02,Nairobi County Hospital,Respiratory Infections,4
2023-11-03,Nairobi County Hospital,Respiratory Infections,9
2023-11-04,Nairobi County Hospital,Respiratory Infections,11
2023-11-05,Nairobi County Hospital,Respiratory Infections,6
2023-11-06,Nairobi County Hospital,Respiratory Infections,9
2023-11-07,Nairobi County Hospital,Respiratory Infections,12
2023-11-08,Nairobi County Hospital,Respiratory Infections,8
2023-11-09,Nairobi County Hospital,Respiratory Infections,13
2023-11-10,Nairobi County Hospital,Respiratory Infections,6
2023-11-11,Nairobi County Hospital,Respiratory Infections,13
2023-11-12,Nairobi County Hospital,Respiratory Infections,3
2023-11-13,Nairobi County Hospital,Respiratory Infections,5
2023-11-14,Nairobi County Hospital,Respiratory Infections,8
2023-11-15,Nairobi County Hospital,Respiratory Infections,6
2023-11-16,Nairobi County Hospital,Respiratory Infections,7
2023-11-17,Nairobi County Hospital,Respiratory Infections,2
2023-11-18,Nairobi County Hospital,Respiratory Infections,6
2023-11-19,Nairobi County Hospital,Respiratory Infections,5
2023-11-20,Nairobi County Hospital,Respiratory Infections,4
2023-11-21,Nairobi County Hospital,Respiratory Infections,5
2023-11-22,Nairobi County Hospital,Respiratory Infections,7
2023-11-23,Nairobi County Hospital,Respiratory Infections,3
2023-11-24,Nairobi County Hospital,Respiratory Infections,7
2023-11-25,Nairobi County Hospital,Respiratory Infections,7
2023-11-26,Nairobi County Hospital,Respiratory Infections,5
2023-11-27,Nairobi County Hospital,Respiratory Infections,5
2023-11-28,Nairobi County Hospital,Respiratory Infections,3
2023-11-29,Nairobi County Hospital,Respiratory Infections,1
2023-11-30,Nairobi County Hospital,Respiratory Infections,11
2023-12-01,Nairobi County Hospital,Respiratory Infections,7
2023-12-02,Nairobi County Hospital,Respiratory Infections,3
2023-12-03,Nairobi County Hospital,Respiratory Infections,3
2023-12-04,Nairobi County Hospital,Respiratory Infections,6
2023-12-05,Nairobi County Hospital,Respiratory Infections,6
2023-12-06,Nairobi County Hospital,Respiratory Infections,10
2023-12-07,Nairobi County Hospital,Respiratory Infections,6
2023-12-08,Nairobi County Hospital,Respiratory Infections,4
2023-12-09,Nairobi County Hospital,Respiratory Infections,4
2023-12-10,Nairobi County Hospital,Respiratory Infections,9
2023-12-11,Nairobi County Hospital,Respiratory Infections,6
2023-12-12,Nairobi County Hospital,Respiratory Infections,10
2023-12-13,Nairobi County Hospital,Respiratory Infections,7
2023-12-14,Nairobi County Hospital,Respiratory Infections,6
2023-12-15,Nairobi County Hospital,Respiratory Infections,3
2023-12-16,Nairobi County Hospital,Respiratory Infections,6
2023-12-17,Nairobi County Hospital,Respiratory Infections,7
2023-12-18,Nairobi County Hospital,Respiratory Infections,3
2023-12-19,Nairobi County Hospital,Respiratory Infections,5
2023-12-20,Nairobi County Hospital,Respiratory Infections,4
2023-12-21,Nairobi County Hospital,Respiratory Infections,6
2023-12-22,Nairobi County Hospital,Respiratory Infections,8
2023-12-23,Nairobi County Hospital,Respiratory Infections,5
2023-12-24,Nairobi County Hospital,Respiratory Infections,4
2023-12-25,Nairobi County Hospital,Respiratory Infections,8
2023-12-26,Nairobi County Hospital,Respiratory Infections,5
2023-12-27,Nairobi County Hospital,Respiratory Infections,5
2023-12-28,Nairobi County Hospital,Respiratory Infections,7
2023-12-29,Nairobi County Hospital,Respiratory Infections,7
2023-12-30,Nairobi County Hospital,Respiratory Infections,2
2023-12-31,Nairobi County Hospital,Respiratory Infections,6
2024-01-01,Nairobi County Hospital,Respiratory Infections,2
2024-01-02,Nairobi County Hospital,Respiratory Infections,3
2024-01-03,Nairobi County Hospital,Respiratory Infections,3
2024-01-04,Nairobi County Hospital,Respiratory Infections,2
2024-01-05,Nairobi County Hospital,Respiratory Infections,4
2024-01-06,Nairobi County Hospital,Respiratory Infections,9
2024-01-07,Nairobi County Hospital,Respiratory Infections,1
2024-01-08,Nairobi County Hospital,Respiratory Infections,3
2024-01-09,Nairobi County Hospital,Respiratory Infections,3
2024-01-10,Nairobi County Hospital,Respiratory Infections,2
2024-01-11,Nairobi County Hospital,Respiratory Infections,6
2024-01-12,Nairobi County Hospital,Respiratory Infections,6
2024-01-13,Nairobi County Hospital,Respiratory Infections,5
2024-01-14,Nairobi County Hospital,Respiratory Infections,4
2024-01-15,Nairobi County Hospital,Respiratory Infections,7
2024-01-16,Nairobi County Hospital,Respiratory Infections,0
2024-01-17,Nairobi County Hospital,Respiratory Infections,4
2024-01-18,Nairobi County Hospital,Respiratory Infections,8
2024-01-19,Nairobi County Hospital,Respiratory Infections,4
2024-01-20,Nairobi County Hospital,Respiratory Infections,3
2024-01-21,Nairobi County Hospital,Respiratory Infections,1
2024-01-22,Nairobi County Hospital,Respiratory Infections,7
2024-01-23,Nairobi County Hospital,Respiratory Infections,4
2024-01-24,Nairobi County Hospital,Respiratory Infections,4
2024-01-25,Nairobi County Hospital,Respiratory Infections,2
2024-01-26,Nairobi County Hospital,Respiratory Infections,4
2024-01-27,Nairobi County Hospital,Respiratory Infections,4
2024-01-28,Nairobi County Hospital,Respiratory Infections,4
2024-01-29,Nairobi County Hospital,Respiratory Infections,4
2024-01-30,Nairobi County Hospital,Respiratory Infections,6
2024-01-31,Nairobi County Hospital,Respiratory Infections,3
2024-02-01,Nairobi County Hospital,Respiratory Infections,4
2024-02-02,Nairobi County Hospital,Respiratory Infections,4
2024-02-03,Nairobi County Hospital,Respiratory Infections,3
2024-02-04,Nairobi County Hospital,Respiratory Infections,7
2024-02-05,Nairobi County Hospital,Respiratory Infections,4
2024-02-06,Nairobi County Hospital,Respiratory Infections,8
2024-02-07,Nairobi County Hospital,Respiratory Infections,4
2024-02-08,Nairobi County Hospital,Respiratory Infections,5
2024-02-09,Nairobi County Hospital,Respiratory Infections,3
2024-02-10,Nairobi County Hospital,Respiratory Infections,4
2024-02-11,Nairobi County Hospital,Respiratory Infections,8
2024-02-12,Nairobi County Hospital,Respiratory Infections,2
2024-02-13,Nairobi County Hospital,Respiratory Infections,3
2024-02-14,Nairobi County Hospital,Respiratory Infections,1
2024-02-15,Nairobi County Hospital,Respiratory Infections,3
2024-02-16,Nairobi County Hospital,Respiratory Infections,4
2024-02-17,Nairobi County Hospital,Respiratory Infections,5
2024-02-18,Nairobi County Hospital,Respiratory Infections,4
2024-02-19,Nairobi County Hospital,Respiratory Infections,6
2024-02-20,Nairobi County Hospital,Respiratory Infections,4
2024-02-21,Nairobi County Hospital,Respiratory Infections,5
2024-02-22,Nairobi County Hospital,Respiratory Infections,7
2024-02-23,Nairobi County Hospital,Respiratory Infections,5
2024-02-24,Nairobi County Hospital,Respiratory Infections,10
2024-02-25,Nairobi County Hospital,Respiratory Infections,9
2024-02-26,Nairobi County Hospital,Respiratory Infections,8
2024-02-27,Nairobi County Hospital,Respiratory Infections,7
2024-02-28,Nairobi County Hospital,Respiratory Infections,8
2024-02-29,Nairobi County Hospital,Respiratory Infections,6
2024-03-01,Nairobi County Hospital,Respiratory Infections,3
2024-03-02,Nairobi County Hospital,Respiratory Infections,4
2024-03-03,Nairobi County Hospital,Respiratory Infections,7
2024-03-04,Nairobi County Hospital,Respiratory Infections,8
2024-03-05,Nairobi County Hospital,Respiratory Infections,4
2024-03-06,Nairobi County Hospital,Respiratory Infections,5
2024-03-07,Nairobi County Hospital,Respiratory Infections,5
2024-03-08,Nairobi County Hospital,Respiratory Infections,8
2024-03-09,Nairobi County Hospital,Respiratory Infections,5
2024-03-10,Nairobi County Hospital,Respiratory Infections,4
2024-03-11,Nairobi County Hospital,Respiratory Infections,9
2024-03-12,Nairobi County Hospital,Respiratory Infections,3
2024-03-13,Nairobi County Hospital,Respiratory Infections,8
2024-03-14,Nairobi County Hospital,Respiratory Infections,9
2024-03-15,Nairobi County Hospital,Respiratory Infections,9
2024-03-16,Nairobi County Hospital,Respiratory Infections,5
2024-03-17,Nairobi County Hospital,Respiratory Infections,8
2024-03-18,Nairobi County Hospital,Respiratory Infections,7
2024-03-19,Nairobi County Hospital,Respiratory Infections,4
2024-03-20,Nairobi County Hospital,Respiratory Infections,7
2024-03-21,Nairobi County Hospital,Respiratory Infections,6
2024-03-22,Nairobi County Hospital,Respiratory Infections,8
2024-03-23,Nairobi County Hospital,Respiratory Infections,6
2024-03-24,Nairobi County Hospital,Respiratory Infections,6
2024-03-25,Nairobi County Hospital,Respiratory Infections,8
2024-03-26,Nairobi County Hospital,Respiratory Infections,6
2024-03-27,Nairobi County Hospital,Respiratory Infections,8
2024-03-28,Nairobi County Hospital,Respiratory Infections,8
2024-03-29,Nairobi County Hospital,Respiratory Infections,6
2024-03-30,Nairobi County Hospital,Respiratory Infections,4
2024-03-31,Nairobi County Hospital,Respiratory Infections,9
2024-04-01,Nairobi County Hospital,Respiratory Infections,7
2024-04-02,Nairobi County Hospital,Respiratory Infections,10
2024-04-03,Nairobi County Hospital,Respiratory Infections,7
2024-04-04,Nairobi County Hospital,Respiratory Infections,4
2024-04-05,Nairobi County Hospital,Respiratory Infections,8
2024-04-06,Nairobi County Hospital,Respiratory Infections,10
2024-04-07,Nairobi County Hospital,Respiratory Infections,6
2024-04-08,Nairobi County Hospital,Respiratory Infections,15
2024-04-09,Nairobi County Hospital,Respiratory Infections,12
2024-04-10,Nairobi County Hospital,Respiratory Infections,14
2024-04-11,Nairobi County Hospital,Respiratory Infections,16
2024-04-12,Nairobi County Hospital,Respiratory Infections,12
2024-04-13,Nairobi County Hospital,Respiratory Infections,5
2024-04-14,Nairobi County Hospital,Respiratory Infections,5
2024-04-15,Nairobi County Hospital,Respiratory Infections,10
2024-04-16,Nairobi County Hospital,Respiratory Infections,6
2024-04-17,Nairobi County Hospital,Respiratory Infections,7
2024-04-18,Nairobi County Hospital,Respiratory Infections,12
2024-04-19,Nairobi County Hospital,Respiratory Infections,12
2024-04-20,Nairobi County Hospital,Respiratory Infections,5
2024-04-21,Nairobi County Hospital,Respiratory Infections,13
2024-04-22,Nairobi County Hospital,Respiratory Infections,8
2024-04-23,Nairobi County Hospital,Respiratory Infections,12
2024-04-24,Nairobi County Hospital,Respiratory Infections,5
2024-04-25,Nairobi County Hospital,Respiratory Infections,6
2024-04-26,Nairobi County Hospital,Respiratory Infections,15
2024-04-27,Nairobi County Hospital,Respiratory Infections,7
2024-04-28,Nairobi County Hospital,Respiratory Infections,12
2024-04-29,Nairobi County Hospital,Respiratory Infections,10
2024-04-30,Nairobi County Hospital,Respiratory Infections,14
2024-05-01,Nairobi County Hospital,Respiratory Infections,20
2024-05-02,Nairobi County Hospital,Respiratory Infections,11
2024-05-03,Nairobi County Hospital,Respiratory Infections,12
2024-05-04,Nairobi County Hospital,Respiratory Infections,7
2024-05-05,Nairobi County Hospital,Respiratory Infections,12
2024-05-06,Nairobi County Hospital,Respiratory Infections,14
2024-05-07,Nairobi County Hospital,Respiratory Infections,12
2024-05-08,Nairobi County Hospital,Respiratory Infections,9
2024-05-09,Nairobi County Hospital,Respiratory Infections,10
2024-05-10,Nairobi County Hospital,Respiratory Infections,15
2024-05-11,Nairobi County Hospital,Respiratory Infections,8
2024-05-12,Nairobi County Hospital,Respiratory Infections,9
2024-05-13,Nairobi County Hospital,Respiratory Infections,12
2024-05-14,Nairobi County Hospital,Respiratory Infections,10
2024-05-15,Nairobi County Hospital,Respiratory Infections,21
2024-05-16,Nairobi County Hospital,Respiratory Infections,13
2024-05-17,Nairobi County Hospital,Respiratory Infections,13
2024-05-18,Nairobi County Hospital,Respiratory Infections,11
2024-05-19,Nairobi County Hospital,Respiratory Infections,12
2024-05-20,Nairobi County Hospital,Respiratory Infections,8
2024-05-21,Nairobi County Hospital,Respiratory Infections,16
2024-05-22,Nairobi County Hospital,Respiratory Infections,8
2024-05-23,Nairobi County Hospital,Respiratory Infections,13
2024-05-24,Nairobi County Hospital,Respiratory Infections,17
2024-05-25,Nairobi County Hospital,Respiratory Infections,16
2024-05-26,Nairobi County Hospital,Respiratory Infections,10
2024-05-27,Nairobi County Hospital,Respiratory Infections,12
2024-05-28,Nairobi County Hospital,Respiratory Infections,16
2024-05-29,Nairobi County Hospital,Respiratory Infections,13
2024-05-30,Nairobi County Hospital,Respiratory Infections,11
2024-05-31,Nairobi County Hospital,Respiratory Infections,12
2024-06-01,Nairobi County Hospital,Respiratory Infections,11
2024-06-02,Nairobi County Hospital,Respiratory Infections,11
2024-06-03,Nairobi County Hospital,Respiratory Infections,5
2024-06-04,Nairobi County Hospital,Respiratory Infections,7
2024-06-05,Nairobi County Hospital,Respiratory Infections,14
2024-06-06,Nairobi County Hospital,Respiratory Infections,7
2024-06-07,Nairobi County Hospital,Respiratory Infections,13
2024-06-08,Nairobi County Hospital,Respiratory Infections,7
2024-06-09,Nairobi County Hospital,Respiratory Infections,13
2024-06-10,Nairobi County Hospital,Respiratory Infections,17
2024-06-11,Nairobi County Hospital,Respiratory Infections,14
2024-06-12,Nairobi County Hospital,Respiratory Infections,13
2024-06-13,Nairobi County Hospital,Respiratory Infections,13
2024-06-14,Nairobi County Hospital,Respiratory Infections,12
2024-06-15,Nairobi County Hospital,Respiratory Infections,9
2024-06-16,Nairobi County Hospital,Respiratory Infections,6
2024-06-17,Nairobi County Hospital,Respiratory Infections,9
2024-06-18,Nairobi County Hospital,Respiratory Infections,9
2024-06-19,Nairobi County Hospital,Respiratory Infections,16
2024-06-20,Nairobi County Hospital,Respiratory Infections,9
2024-06-21,Nairobi County Hospital,Respiratory Infections,5
2024-06-22,Nairobi County Hospital,Respiratory Infections,11
2024-06-23,Nairobi County Hospital,Respiratory Infections,11
2024-06-24,Nairobi County Hospital,Respiratory Infections,20
2024-06-25,Nairobi County Hospital,Respiratory Infections,17
2024-06-26,Nairobi County Hospital,Respiratory Infections,14
2024-06-27,Nairobi County Hospital,Respiratory Infections,13
2024-06-28,Nairobi County Hospital,Respiratory Infections,15
2024-06-29,Nairobi County Hospital,Respiratory Infections,9
2024-06-30,Nairobi County Hospital,Respiratory Infections,10
2024-07-01,Nairobi County Hospital,Respiratory Infections,19
2024-07-02,Nairobi County Hospital,Respiratory Infections,17
2024-07-03,Nairobi County Hospital,Respiratory Infections,26
2024-07-04,Nairobi County Hospital,Respiratory Infections,30
2024-07-05,Nairobi County Hospital,Respiratory Infections,32
2024-07-06,Nairobi County Hospital,Respiratory Infections,31
2024-07-07,Nairobi County Hospital,Respiratory Infections,34
2024-07-08,Nairobi County Hospital,Respiratory Infections,41
2024-07-09,Nairobi County Hospital,Respiratory Infections,44
2024-07-10,Nairobi County Hospital,Respiratory Infections,58
2024-07-11,Nairobi County Hospital,Respiratory Infections,65
2024-07-12,Nairobi County Hospital,Respiratory Infections,68
2024-07-13,Nairobi County Hospital,Respiratory Infections,53
2024-07-14,Nairobi County Hospital,Respiratory Infections,46
2024-07-15,Nairobi County Hospital,Respiratory Infections,79
2024-07-16,Nairobi County Hospital,Respiratory Infections,63
2024-07-17,Nairobi County Hospital,Respiratory Infections,69
2024-07-18,Nairobi County Hospital,Respiratory Infections,48
2024-07-19,Nairobi County Hospital,Respiratory Infections,54
2024-07-20,Nairobi County Hospital,Respiratory Infections,46
2024-07-21,Nairobi County Hospital,Respiratory Infections,56
2024-07-22,Nairobi County Hospital,Respiratory Infections,45
2024-07-23,Nairobi County Hospital,Respiratory Infections,49
2024-07-24,Nairobi County Hospital,Respiratory Infections,41
2024-07-25,Nairobi County Hospital,Respiratory Infections,45
2024-07-26,Nairobi County Hospital,Respiratory Infections,32
2024-07-27,Nairobi County Hospital,Respiratory Infections,22
2024-07-28,Nairobi County Hospital,Respiratory Infections,17
2024-07-29,Nairobi County Hospital,Respiratory Infections,7
2024-07-30,Nairobi County Hospital,Respiratory Infections,23
2024-07-31,Nairobi County Hospital,Respiratory Infections,15
2024-08-01,Nairobi County Hospital,Respiratory Infections,21
2024-08-02,Nairobi County Hospital,Respiratory Infections,16
2024-08-03,Nairobi County Hospital,Respiratory Infections,11
2024-08-04,Nairobi County Hospital,Respiratory Infections,18
2024-08-05,Nairobi County Hospital,Respiratory Infections,14
2024-08-06,Nairobi County Hospital,Respiratory Infections,16
2024-08-07,Nairobi County Hospital,Respiratory Infections,21
2024-08-08,Nairobi County Hospital,Respiratory Infections,19
2024-08-09,Nairobi County Hospital,Respiratory Infections,13
2024-08-10,Nairobi County Hospital,Respiratory Infections,15
2024-08-11,Nairobi County Hospital,Respiratory Infections,11
2024-08-12,Nairobi County Hospital,Respiratory Infections,11
2024-08-13,Nairobi County Hospital,Respiratory Infections,10
2024-08-14,Nairobi County Hospital,Respiratory Infections,14
2024-08-15,Nairobi County Hospital,Respiratory Infections,13
2024-08-16,Nairobi County Hospital,Respiratory Infections,17
2024-08-17,Nairobi County Hospital,Respiratory Infections,9
2024-08-18,Nairobi County Hospital,Respiratory Infections,13
2024-08-19,Nairobi County Hospital,Respiratory Infections,17
2024-08-20,Nairobi County Hospital,Respiratory Infections,9
2024-08-21,Nairobi County Hospital,Respiratory Infections,9
2024-08-22,Nairobi County Hospital,Respiratory Infections,15
2024-08-23,Nairobi County Hospital,Respiratory Infections,14
2024-08-24,Nairobi County Hospital,Respiratory Infections,16
2024-08-25,Nairobi County Hospital,Respiratory Infections,8
2024-08-26,Nairobi County Hospital,Respiratory Infections,8
2024-08-27,Nairobi County Hospital,Respiratory Infections,17
2024-08-28,Nairobi County Hospital,Respiratory Infections,7
2024-08-29,Nairobi County Hospital,Respiratory Infections,13
2024-08-30,Nairobi County Hospital,Respiratory Infections,11
2024-08-31,Nairobi County Hospital,Respiratory Infections,13
2024-09-01,Nairobi County Hospital,Respiratory Infections,12
2024-09-02,Nairobi County Hospital,Respiratory Infections,10
2024-09-03,Nairobi County Hospital,Respiratory Infections,15
2024-09-04,Nairobi County Hospital,Respiratory Infections,6
2024-09-05,Nairobi County Hospital,Respiratory Infections,15
2024-09-06,Nairobi County Hospital,Respiratory Infections,12
2024-09-07,Nairobi County Hospital,Respiratory Infections,16
2024-09-08,Nairobi County Hospital,Respiratory Infections,3
2024-09-09,Nairobi County Hospital,Respiratory Infections,8
2024-09-10,Nairobi County Hospital,Respiratory Infections,12
2024-09-11,Nairobi County Hospital,Respiratory Infections,14
2024-09-12,Nairobi County Hospital,Respiratory Infections,12
2024-09-13,Nairobi County Hospital,Respiratory Infections,11
2024-09-14,Nairobi County Hospital,Respiratory Infections,6
2024-09-15,Nairobi County Hospital,Respiratory Infections,5
2024-09-16,Nairobi County Hospital,Respiratory Infections,15
2024-09-17,Nairobi County Hospital,Respiratory Infections,11
2024-09-18,Nairobi County Hospital,Respiratory Infections,9
2024-09-19,Nairobi County Hospital,Respiratory Infections,11
2024-09-20,Nairobi County Hospital,Respiratory Infections,13
2024-09-21,Nairobi County Hospital,Respiratory Infections,9
2024-09-22,Nairobi County Hospital,Respiratory Infections,5
2024-09-23,Nairobi County Hospital,Respiratory Infections,7
2024-09-24,Nairobi County Hospital,Respiratory Infections,8
2024-09-25,Nairobi County Hospital,Respiratory Infections,9
2024-09-26,Nairobi County Hospital,Respiratory Infections,11
2024-09-27,Nairobi County Hospital,Respiratory Infections,11
2024-09-28,Nairobi County Hospital,Respiratory Infections,9
2024-09-29,Nairobi County Hospital,Respiratory Infections,8
2024-09-30,Nairobi County Hospital,Respiratory Infections,12
2024-10-01,Nairobi County Hospital,Respiratory Infections,12
2024-10-02,Nairobi County Hospital,Respiratory Infections,11
2024-10-03,Nairobi County Hospital,Respiratory Infections,13
2024-10-04,Nairobi County Hospital,Respiratory Infections,15
2024-10-05,Nairobi County Hospital,Respiratory Infections,6
2024-10-06,Nairobi County Hospital,Respiratory Infections,5
2024-10-07,Nairobi County Hospital,Respiratory Infections,11
2024-10-08,Nairobi County Hospital,Respiratory Infections,9
2024-10-09,Nairobi County Hospital,Respiratory Infections,10
2024-10-10,Nairobi County Hospital,Respiratory Infections,18
2024-10-11,Nairobi County Hospital,Respiratory Infections,8
2024-10-12,Nairobi County Hospital,Respiratory Infections,10
2024-10-13,Nairobi County Hospital,Respiratory Infections,8
2024-10-14,Nairobi County Hospital,Respiratory Infections,12
2024-10-15,Nairobi County Hospital,Respiratory Infections,15
2024-10-16,Nairobi County Hospital,Respiratory Infections,15
2024-10-17,Nairobi County Hospital,Respiratory Infections,13
2024-10-18,Nairobi County Hospital,Respiratory Infections,11
2024-10-19,Nairobi County Hospital,Respiratory Infections,6
2024-10-20,Nairobi County Hospital,Respiratory Infections,10
2024-10-21,Nairobi County Hospital,Respiratory Infections,7
2024-10-22,Nairobi County Hospital,Respiratory Infections,9
2024-10-23,Nairobi County Hospital,Respiratory Infections,14
2024-10-24,Nairobi County Hospital,Respiratory Infections,5
2024-10-25,Nairobi County Hospital,Respiratory Infections,9
2024-10-26,Nairobi County Hospital,Respiratory Infections,4
2024-10-27,Nairobi County Hospital,Respiratory Infections,8
2024-10-28,Nairobi County Hospital,Respiratory Infections,10
2024-10-29,Nairobi County Hospital,Respiratory Infections,8
2024-10-30,Nairobi County Hospital,Respiratory Infections,10
2024-10-31,Nairobi County Hospital,Respiratory Infections,5
2024-11-01,Nairobi County Hospital,Respiratory Infections,9
2024-11-02,Nairobi County Hospital,Respiratory Infections,4
2024-11-03,Nairobi County Hospital,Respiratory Infections,10
2024-11-04,Nairobi County Hospital,Respiratory Infections,8
2024-11-05,Nairobi County Hospital,Respiratory Infections,9
2024-11-06,Nairobi County Hospital,Respiratory Infections,7
2024-11-07,Nairobi County Hospital,Respiratory Infections,5
2024-11-08,Nairobi County Hospital,Respiratory Infections,4
2024-11-09,Nairobi County Hospital,Respiratory Infections,6
2024-11-10,Nairobi County Hospital,Respiratory Infections,5
2024-11-11,Nairobi County Hospital,Respiratory Infections,11
2024-11-12,Nairobi County Hospital,Respiratory Infections,5
2024-11-13,Nairobi County Hospital,Respiratory Infections,7
2024-11-14,Nairobi County Hospital,Respiratory Infections,7
2024-11-15,Nairobi County Hospital,Respiratory Infections,9
2024-11-16,Nairobi County Hospital,Respiratory Infections,4
2024-11-17,Nairobi County Hospital,Respiratory Infections,4
2024-11-18,Nairobi County Hospital,Respiratory Infections,7
2024-11-19,Nairobi County Hospital,Respiratory Infections,10
2024-11-20,Nairobi County Hospital,Respiratory Infections,11
2024-11-21,Nairobi County Hospital,Respiratory Infections,10
2024-11-22,Nairobi County Hospital,Respiratory Infections,10
2024-11-23,Nairobi County Hospital,Respiratory Infections,4
2024-11-24,Nairobi County Hospital,Respiratory Infections,4
2024-11-25,Nairobi County Hospital,Respiratory Infections,12
2024-11-26,Nairobi County Hospital,Respiratory Infections,9
2024-11-27,Nairobi County Hospital,Respiratory Infections,8
2024-11-28,Nairobi County Hospital,Respiratory Infections,3
2024-11-29,Nairobi County Hospital,Respiratory Infections,6
2024-11-30,Nairobi County Hospital,Respiratory Infections,1
2024-12-01,Nairobi County Hospital,Respiratory Infections,12
2024-12-02,Nairobi County Hospital,Respiratory Infections,7
2024-12-03,Nairobi County Hospital,Respiratory Infections,6
2024-12-04,Nairobi County Hospital,Respiratory Infections,6
2024-12-05,Nairobi County Hospital,Respiratory Infections,5
2024-12-06,Nairobi County Hospital,Respiratory Infections,5
2024-12-07,Nairobi County Hospital,Respiratory Infections,7
2024-12-08,Nairobi County Hospital,Respiratory Infections,4
2024-12-09,Nairobi County Hospital,Respiratory Infections,7
2024-12-10,Nairobi County Hospital,Respiratory Infections,5
2024-12-11,Nairobi County Hospital,Respiratory Infections,8
2024-12-12,Nairobi County Hospital,Respiratory Infections,6
2024-12-13,Nairobi County Hospital,Respiratory Infections,8
2024-12-14,Nairobi County Hospital,Respiratory Infections,6
2024-12-15,Nairobi County Hospital,Respiratory Infections,8
2024-12-16,Nairobi County Hospital,Respiratory Infections,12
2024-12-17,Nairobi County Hospital,Respiratory Infections,4
2024-12-18,Nairobi County Hospital,Respiratory Infections,3
2024-12-19,Nairobi County Hospital,Respiratory Infections,2
2024-12-20,Nairobi County Hospital,Respiratory Infections,7
2024-12-21,Nairobi County Hospital,Respiratory Infections,3
2024-12-22,Nairobi County Hospital,Respiratory Infections,4
2024-12-23,Nairobi County Hospital,Respiratory Infections,10
2024-12-24,Nairobi County Hospital,Respiratory Infections,5
2024-12-25,Nairobi County Hospital,Respiratory Infections,5
2024-12-26,Nairobi County Hospital,Respiratory Infections,5
2024-12-27,Nairobi County Hospital,Respiratory Infections,3
2024-12-28,Nairobi County Hospital,Respiratory Infections,7
2024-12-29,Nairobi County Hospital,Respiratory Infections,6
2024-12-30,Nairobi County Hospital,Respiratory Infections,4
2024-12-31,Nairobi County Hospital,Respiratory Infections,2
2025-01-01,Nairobi County Hospital,Respiratory Infections,3
2025-01-02,Nairobi County Hospital,Respiratory Infections,7
2025-01-03,Nairobi County Hospital,Respiratory Infections,4
2025-01-04,Nairobi County Hospital,Respiratory Infections,5
2025-01-05,Nairobi County Hospital,Respiratory Infections,3
2025-01-06,Nairobi County Hospital,Respiratory Infections,5
2025-01-07,Nairobi County Hospital,Respiratory Infections,3
2025-01-08,Nairobi County Hospital,Respiratory Infections,6
2025-01-09,Nairobi County Hospital,Respiratory Infections,5
2025-01-10,Nairobi County Hospital,Respiratory Infections,4
2025-01-11,Nairobi County Hospital,Respiratory Infections,4
2025-01-12,Nairobi County Hospital,Respiratory Infections,5
2025-01-13,Nairobi County Hospital,Respiratory Infections,9
2025-01-14,Nairobi County Hospital,Respiratory Infections,5
2025-01-15,Nairobi County Hospital,Respiratory Infections,5
2025-01-16,Nairobi County Hospital,Respiratory Infections,8
2025-01-17,Nairobi County Hospital,Respiratory Infections,5
2025-01-18,Nairobi County Hospital,Respiratory Infections,3
2025-01-19,Nairobi County Hospital,Respiratory Infections,7
2025-01-20,Nairobi County Hospital,Respiratory Infections,3
2025-01-21,Nairobi County Hospital,Respiratory Infections,4
2025-01-22,Nairobi County Hospital,Respiratory Infections,10
2025-01-23,Nairobi County Hospital,Respiratory Infections,8
2025-01-24,Nairobi County Hospital,Respiratory Infections,4
2025-01-25,Nairobi County Hospital,Respiratory Infections,5
2025-01-26,Nairobi County Hospital,Respiratory Infections,2
2025-01-27,Nairobi County Hospital,Respiratory Infections,9
2025-01-28,Nairobi County Hospital,Respiratory Infections,8
2025-01-29,Nairobi County Hospital,Respiratory Infections,7
2025-01-30,Nairobi County Hospital,Respiratory Infections,4
2025-01-31,Nairobi County Hospital,Respiratory Infections,5
2025-02-01,Nairobi County Hospital,Respiratory Infections,5
2025-02-02,Nairobi County Hospital,Respiratory Infections,3
2025-02-03,Nairobi County Hospital,Respiratory Infections,2
2025-02-04,Nairobi County Hospital,Respiratory Infections,5
2025-02-05,Nairobi County Hospital,Respiratory Infections,12
2025-02-06,Nairobi County Hospital,Respiratory Infections,4
2025-02-07,Nairobi County Hospital,Respiratory Infections,5
2025-02-08,Nairobi County Hospital,Respiratory Infections,6
2025-02-09,Nairobi County Hospital,Respiratory Infections,5
2025-02-10,Nairobi County Hospital,Respiratory Infections,6
2025-02-11,Nairobi County Hospital,Respiratory Infections,8
2025-02-12,Nairobi County Hospital,Respiratory Infections,6
2025-02-13,Nairobi County Hospital,Respiratory Infections,7
2025-02-14,Nairobi County Hospital,Respiratory Infections,6
2025-02-15,Nairobi County Hospital,Respiratory Infections,2
2025-02-16,Nairobi County Hospital,Respiratory Infections,3
2025-02-17,Nairobi County Hospital,Respiratory Infections,6
2025-02-18,Nairobi County Hospital,Respiratory Infections,3
2025-02-19,Nairobi County Hospital,Respiratory Infections,6
2025-02-20,Nairobi County Hospital,Respiratory Infections,3
2025-02-21,Nairobi County Hospital,Respiratory Infections,3
2025-02-22,Nairobi County Hospital,Respiratory Infections,6
2025-02-23,Nairobi County Hospital,Respiratory Infections,5
2025-02-24,Nairobi County Hospital,Respiratory Infections,7
2025-02-25,Nairobi County Hospital,Respiratory Infections,2
2025-02-26,Nairobi County Hospital,Respiratory Infections,5
2025-02-27,Nairobi County Hospital,Respiratory Infections,5
2025-02-28,Nairobi County Hospital,Respiratory Infections,3
2025-03-01,Nairobi County Hospital,Respiratory Infections,4
2025-03-02,Nairobi County Hospital,Respiratory Infections,2
2025-03-03,Nairobi County Hospital,Respiratory Infections,3
2025-03-04,Nairobi County Hospital,Respiratory Infections,8
2025-03-05,Nairobi County Hospital,Respiratory Infections,7
2025-03-06,Nairobi County Hospital,Respiratory Infections,5
2025-03-07,Nairobi County Hospital,Respiratory Infections,4
2025-03-08,Nairobi County Hospital,Respiratory Infections,8
2025-03-09,Nairobi County Hospital,Respiratory Infections,9
2025-03-10,Nairobi County Hospital,Respiratory Infections,4
2025-03-11,Nairobi County Hospital,Respiratory Infections,9
2025-03-12,Nairobi County Hospital,Respiratory Infections,9
2025-03-13,Nairobi County Hospital,Respiratory Infections,6
2025-03-14,Nairobi County Hospital,Respiratory Infections,11
2025-03-15,Nairobi County Hospital,Respiratory Infections,4
2025-03-16,Nairobi County Hospital,Respiratory Infections,9
2025-03-17,Nairobi County Hospital,Respiratory Infections,7
2025-03-18,Nairobi County Hospital,Respiratory Infections,7
2025-03-19,Nairobi County Hospital,Respiratory Infections,9
2025-03-20,Nairobi County Hospital,Respiratory Infections,7
2025-03-21,Nairobi County Hospital,Respiratory Infections,5
2025-03-22,Nairobi County Hospital,Respiratory Infections,7
2025-03-23,Nairobi County Hospital,Respiratory Infections,8
2025-03-24,Nairobi County Hospital,Respiratory Infections,5
2025-03-25,Nairobi County Hospital,Respiratory Infections,10
2025-03-26,Nairobi County Hospital,Respiratory Infections,3
2025-03-27,Nairobi County Hospital,Respiratory Infections,7
2025-03-28,Nairobi County Hospital,Respiratory Infections,6
2025-03-29,Nairobi County Hospital,Respiratory Infections,1
2025-03-30,Nairobi County Hospital,Respiratory Infections,7
2025-03-31,Nairobi County Hospital,Respiratory Infections,7
2025-04-01,Nairobi County Hospital,Respiratory Infections,8
2025-04-02,Nairobi County Hospital,Respiratory Infections,4
2025-04-03,Nairobi County Hospital,Respiratory Infections,6
2025-04-04,Nairobi County Hospital,Respiratory Infections,9
2025-04-05,Nairobi County Hospital,Respiratory Infections,4
2025-04-06,Nairobi County Hospital,Respiratory Infections,11
2025-04-07,Nairobi County Hospital,Respiratory Infections,11
2025-04-08,Nairobi County Hospital,Respiratory Infections,7
2025-04-09,Nairobi County Hospital,Respiratory Infections,9
2025-04-10,Nairobi County Hospital,Respiratory Infections,9
2025-04-11,Nairobi County Hospital,Respiratory Infections,7
2025-04-12,Nairobi County Hospital,Respiratory Infections,14
2025-04-13,Nairobi County Hospital,Respiratory Infections,12
2025-04-14,Nairobi County Hospital,Respiratory Infections,7
2025-04-15,Nairobi County Hospital,Respiratory Infections,15
2025-04-16,Nairobi County Hospital,Respiratory Infections,11
2025-04-17,Nairobi County Hospital,Respiratory Infections,10
2025-04-18,Nairobi County Hospital,Respiratory Infections,10
2025-04-19,Nairobi County Hospital,Respiratory Infections,9
2025-04-20,Nairobi County Hospital,Respiratory Infections,14
2025-04-21,Nairobi County Hospital,Respiratory Infections,8
2025-04-22,Nairobi County Hospital,Respiratory Infections,11
2025-04-23,Nairobi County Hospital,Respiratory Infections,9
2025-04-24,Nairobi County Hospital,Respiratory Infections,5
2025-04-25,Nairobi County Hospital,Respiratory Infections,14
2025-04-26,Nairobi County Hospital,Respiratory Infections,7
2025-04-27,Nairobi County Hospital,Respiratory Infections,5
2025-04-28,Nairobi County Hospital,Respiratory Infections,8
2025-04-29,Nairobi County Hospital,Respiratory Infections,10
2025-04-30,Nairobi County Hospital,Respiratory Infections,10
2025-05-01,Nairobi County Hospital,Respiratory Infections,10
2025-05-02,Nairobi County Hospital,Respiratory Infections,10
2025-05-03,Nairobi County Hospital,Respiratory Infections,8
2025-05-04,Nairobi County Hospital,Respiratory Infections,12
2025-05-05,Nairobi County Hospital,Respiratory Infections,14
2025-05-06,Nairobi County Hospital,Respiratory Infections,14
2025-05-07,Nairobi County Hospital,Respiratory Infections,14
2025-05-08,Nairobi County Hospital,Respiratory Infections,19
2025-05-09,Nairobi County Hospital,Respiratory Infections,14
2025-05-10,Nairobi County Hospital,Respiratory Infections,10
2025-05-11,Nairobi County Hospital,Respiratory Infections,7
2025-05-12,Nairobi County Hospital,Respiratory Infections,15
2025-05-13,Nairobi County Hospital,Respiratory Infections,13
2025-05-14,Nairobi County Hospital,Respiratory Infections,9
2025-05-15,Nairobi County Hospital,Respiratory Infections,13
2025-05-16,Nairobi County Hospital,Respiratory Infections,9
2025-05-17,Nairobi County Hospital,Respiratory Infections,8
2025-05-18,Nairobi County Hospital,Respiratory Infections,14
2025-05-19,Nairobi County Hospital,Respiratory Infections,15
2025-05-20,Nairobi County Hospital,Respiratory Infections,12
2025-05-21,Nairobi County Hospital,Respiratory Infections,15
2025-05-22,Nairobi County Hospital,Respiratory Infections,11
2025-05-23,Nairobi County Hospital,Respiratory Infections,13
2025-05-24,Nairobi County Hospital,Respiratory Infections,10
2025-05-25,Nairobi County Hospital,Respiratory Infections,18
2025-05-26,Nairobi County Hospital,Respiratory Infections,12
2025-05-27,Nairobi County Hospital,Respiratory Infections,8
2025-05-28,Nairobi County Hospital,Respiratory Infections,16
2025-05-29,Nairobi County Hospital,Respiratory Infections,12
2025-05-30,Nairobi County Hospital,Respiratory Infections,20
2025-05-31,Nairobi County Hospital,Respiratory Infections,14
2025-06-01,Nairobi County Hospital,Respiratory Infections,9
2025-06-02,Nairobi County Hospital,Respiratory Infections,7
2025-06-03,Nairobi County Hospital,Respiratory Infections,12
2025-06-04,Nairobi County Hospital,Respiratory Infections,13
2025-06-05,Nairobi County Hospital,Respiratory Infections,16
2025-06-06,Nairobi County Hospital,Respiratory Infections,12
2025-06-07,Nairobi County Hospital,Respiratory Infections,8
2025-06-08,Nairobi County Hospital,Respiratory Infections,11
2025-06-09,Nairobi County Hospital,Respiratory Infections,15
2025-06-10,Nairobi County Hospital,Respiratory Infections,12
2025-06-11,Nairobi County Hospital,Respiratory Infections,16
2025-06-12,Nairobi County Hospital,Respiratory Infections,13
2025-06-13,Nairobi County Hospital,Respiratory Infections,14
2025-06-14,Nairobi County Hospital,Respiratory Infections,7
2025-06-15,Nairobi County Hospital,Respiratory Infections,9
2025-06-16,Nairobi County Hospital,Respiratory Infections,13
2025-06-17,Nairobi County Hospital,Respiratory Infections,13
2025-06-18,Nairobi County Hospital,Respiratory Infections,14
2025-06-19,Nairobi County Hospital,Respiratory Infections,11
2025-06-20,Nairobi County Hospital,Respiratory Infections,14
2025-06-21,Nairobi County Hospital,Respiratory Infections,10
2025-06-22,Nairobi County Hospital,Respiratory Infections,10
2025-06-23,Nairobi County Hospital,Respiratory Infections,18
2025-06-24,Nairobi County Hospital,Respiratory Infections,17
2025-06-25,Nairobi County Hospital,Respiratory Infections,11
2025-06-26,Nairobi County Hospital,Respiratory Infections,18
2025-06-27,Nairobi County Hospital,Respiratory Infections,16
2025-06-28,Nairobi County Hospital,Respiratory Infections,5
2025-06-29,Nairobi County Hospital,Respiratory Infections,12
2025-06-30,Nairobi County Hospital,Respiratory Infections,17
2025-07-01,Nairobi County Hospital,Respiratory Infections,18
2025-07-02,Nairobi County Hospital,Respiratory Infections,14
2025-07-03,Nairobi County Hospital,Respiratory Infections,13
2025-07-04,Nairobi County Hospital,Respiratory Infections,12
2025-07-05,Nairobi County Hospital,Respiratory Infections,8
2025-07-06,Nairobi County Hospital,Respiratory Infections,10
2025-07-07,Nairobi County Hospital,Respiratory Infections,12
2025-07-08,Nairobi County Hospital,Respiratory Infections,15
2025-07-09,Nairobi County Hospital,Respiratory Infections,16
2025-07-10,Nairobi County Hospital,Respiratory Infections,14
2025-07-11,Nairobi County Hospital,Respiratory Infections,14
2025-07-12,Nairobi County Hospital,Respiratory Infections,8
2025-07-13,Nairobi County Hospital,Respiratory Infections,14
2025-07-14,Nairobi County Hospital,Respiratory Infections,16
2025-07-15,Nairobi County Hospital,Respiratory Infections,17
2025-07-16,Nairobi County Hospital,Respiratory Infections,15
2025-07-17,Nairobi County Hospital,Respiratory Infections,12
2025-07-18,Nairobi County Hospital,Respiratory Infections,10
2025-07-19,Nairobi County Hospital,Respiratory Infections,13
2025-07-20,Nairobi County Hospital,Respiratory Infections,6
2025-07-21,Nairobi County Hospital,Respiratory Infections,8
2025-07-22,Nairobi County Hospital,Respiratory Infections,16
2025-07-23,Nairobi County Hospital,Respiratory Infections,16
2025-07-24,Nairobi County Hospital,Respiratory Infections,11
2025-07-25,Nairobi County Hospital,Respiratory Infections,13
2025-07-26,Nairobi County Hospital,Respiratory Infections,8
2025-07-27,Nairobi County Hospital,Respiratory Infections,21
2025-07-28,Nairobi County Hospital,Respiratory Infections,11
2025-07-29,Nairobi County Hospital,Respiratory Infections,9
2025-07-30,Nairobi County Hospital,Respiratory Infections,10
2025-07-31,Nairobi County Hospital,Respiratory Infections,24
2025-08-01,Nairobi County Hospital,Respiratory Infections,11
2025-08-02,Nairobi County Hospital,Respiratory Infections,12
2025-08-03,Nairobi County Hospital,Respiratory Infections,18
2025-08-04,Nairobi County Hospital,Respiratory Infections,21
2025-08-05,Nairobi County Hospital,Respiratory Infections,13
2025-08-06,Nairobi County Hospital,Respiratory Infections,13
2025-08-07,Nairobi County Hospital,Respiratory Infections,18
2025-08-08,Nairobi County Hospital,Respiratory Infections,12
2025-08-09,Nairobi County Hospital,Respiratory Infections,9
2025-08-10,Nairobi County Hospital,Respiratory Infections,10
2025-08-11,Nairobi County Hospital,Respiratory Infections,14
2025-08-12,Nairobi County Hospital,Respiratory Infections,18
2025-08-13,Nairobi County Hospital,Respiratory Infections,12
2025-08-14,Nairobi County Hospital,Respiratory Infections,13
2025-08-15,Nairobi County Hospital,Respiratory Infections,11
2025-08-16,Nairobi County Hospital,Respiratory Infections,9
2025-08-17,Nairobi County Hospital,Respiratory Infections,12
2025-08-18,Nairobi County Hospital,Respiratory Infections,16
2025-08-19,Nairobi County Hospital,Respiratory Infections,9
2025-08-20,Nairobi County Hospital,Respiratory Infections,10
2025-08-21,Nairobi County Hospital,Respiratory Infections,24
2025-08-22,Nairobi County Hospital,Respiratory Infections,12
2025-08-23,Nairobi County Hospital,Respiratory Infections,10
2025-08-24,Nairobi County Hospital,Respiratory Infections,14
2025-08-25,Nairobi County Hospital,Respiratory Infections,14
2025-08-26,Nairobi County Hospital,Respiratory Infections,8
2025-08-27,Nairobi County Hospital,Respiratory Infections,10
2025-08-28,Nairobi County Hospital,Respiratory Infections,10
2025-08-29,Nairobi County Hospital,Respiratory Infections,10
2025-08-30,Nairobi County Hospital,Respiratory Infections,10
2025-08-31,Nairobi County Hospital,Respiratory Infections,8
2025-09-01,Nairobi County Hospital,Respiratory Infections,11
2025-09-02,Nairobi County Hospital,Respiratory Infections,18
2025-09-03,Nairobi County Hospital,Respiratory Infections,14
2025-09-04,Nairobi County Hospital,Respiratory Infections,19
2025-09-05,Nairobi County Hospital,Respiratory Infections,9
2025-09-06,Nairobi County Hospital,Respiratory Infections,13
2025-09-07,Nairobi County Hospital,Respiratory Infections,9
2025-09-08,Nairobi County Hospital,Respiratory Infections,11
2025-09-09,Nairobi County Hospital,Respiratory Infections,13
2025-09-10,Nairobi County Hospital,Respiratory Infections,12
2025-09-11,Nairobi County Hospital,Respiratory Infections,5
2025-09-12,Nairobi County Hospital,Respiratory Infections,21
2025-09-13,Nairobi County Hospital,Respiratory Infections,15
2025-09-14,Nairobi County Hospital,Respiratory Infections,8
2025-09-15,Nairobi County Hospital,Respiratory Infections,14
2025-09-16,Nairobi County Hospital,Respiratory Infections,14
2025-09-17,Nairobi County Hospital,Respiratory Infections,15
2025-09-18,Nairobi County Hospital,Respiratory Infections,16
2025-09-19,Nairobi County Hospital,Respiratory Infections,10
2025-09-20,Nairobi County Hospital,Respiratory Infections,9
2025-09-21,Nairobi County Hospital,Respiratory Infections,10
2025-09-22,Nairobi County Hospital,Respiratory Infections,11
2025-09-23,Nairobi County Hospital,Respiratory Infections,13
2025-09-24,Nairobi County Hospital,Respiratory Infections,15
2025-09-25,Nairobi County Hospital,Respiratory Infections,15
2025-09-26,Nairobi County Hospital,Respiratory Infections,11
2025-09-27,Nairobi County Hospital,Respiratory Infections,6
2025-09-28,Nairobi County Hospital,Respiratory Infections,9
2025-09-29,Nairobi County Hospital,Respiratory Infections,6
2025-09-30,Nairobi County Hospital,Respiratory Infections,7
2025-10-01,Nairobi County Hospital,Respiratory Infections,10
2025-10-02,Nairobi County Hospital,Respiratory Infections,12
2025-10-03,Nairobi County Hospital,Respiratory Infections,9
2025-10-04,Nairobi County Hospital,Respiratory Infections,8
2025-10-05,Nairobi County Hospital,Respiratory Infections,9
2025-10-06,Nairobi County Hospital,Respiratory Infections,11
2025-10-07,Nairobi County Hospital,Respiratory Infections,13
2025-10-08,Nairobi County Hospital,Respiratory Infections,11
2025-10-09,Nairobi County Hospital,Respiratory Infections,9
2025-10-10,Nairobi County Hospital,Respiratory Infections,3
2025-10-11,Nairobi County Hospital,Respiratory Infections,7
2025-10-12,Nairobi County Hospital,Respiratory Infections,12
2025-10-13,Nairobi County Hospital,Respiratory Infections,7
2025-10-14,Nairobi County Hospital,Respiratory Infections,7
2025-10-15,Nairobi County Hospital,Respiratory Infections,8
2025-10-16,Nairobi County Hospital,Respiratory Infections,6
2025-10-17,Nairobi County Hospital,Respiratory Infections,7
2025-10-18,Nairobi County Hospital,Respiratory Infections,8
2025-10-19,Nairobi County Hospital,Respiratory Infections,5
2025-10-20,Nairobi County Hospital,Respiratory Infections,12
2025-10-21,Nairobi County Hospital,Respiratory Infections,8
2025-10-22,Nairobi County Hospital,Respiratory Infections,11
2025-10-23,Nairobi County Hospital,Respiratory Infections,13
2025-10-24,Nairobi County Hospital,Respiratory Infections,9
2025-10-25,Nairobi County Hospital,Respiratory Infections,9
2025-10-26,Nairobi County Hospital,Respiratory Infections,8
2025-10-27,Nairobi County Hospital,Respiratory Infections,10
2025-10-28,Nairobi County Hospital,Respiratory Infections,3
2025-10-29,Nairobi County Hospital,Respiratory Infections,8
2025-10-30,Nairobi County Hospital,Respiratory Infections,8
2025-10-31,Nairobi County Hospital,Respiratory Infections,10
2025-11-01,Nairobi County Hospital,Respiratory Infections,7
2025-11-02,Nairobi County Hospital,Respiratory Infections,10
2025-11-03,Nairobi County Hospital,Respiratory Infections,8
2025-11-04,Nairobi County Hospital,Respiratory Infections,2
2025-11-05,Nairobi County Hospital,Respiratory Infections,10
2025-11-06,Nairobi County Hospital,Respiratory Infections,10
2025-11-07,Nairobi County Hospital,Respiratory Infections,6
2025-11-08,Nairobi County Hospital,Respiratory Infections,8
2025-11-09,Nairobi County Hospital,Respiratory Infections,12
2025-11-10,Nairobi County Hospital,Respiratory Infections,5
2025-11-11,Nairobi County Hospital,Respiratory Infections,8
2025-11-12,Nairobi County Hospital,Respiratory Infections,10
2025-11-13,Nairobi County Hospital,Respiratory Infections,8
2025-11-14,Nairobi County Hospital,Respiratory Infections,10
2025-11-15,Nairobi County Hospital,Respiratory Infections,4
2025-11-16,Nairobi County Hospital,Respiratory Infections,10
2025-11-17,Nairobi County Hospital,Respiratory Infections,4
2025-11-18,Nairobi County Hospital,Respiratory Infections,4
2025-11-19,Nairobi County Hospital,Respiratory Infections,6
2025-11-20,Nairobi County Hospital,Respiratory Infections,7
2025-11-21,Nairobi County Hospital,Respiratory Infections,9
2025-11-22,Nairobi County Hospital,Respiratory Infections,4
2025-11-23,Nairobi County Hospital,Respiratory Infections,5
2025-11-24,Nairobi County Hospital,Respiratory Infections,7
2025-11-25,Nairobi County Hospital,Respiratory Infections,5
2025-11-26,Nairobi County Hospital,Respiratory Infections,4
2025-11-27,Nairobi County Hospital,Respiratory Infections,5
2025-11-28,Nairobi County Hospital,Respiratory Infections,2
2025-11-29,Nairobi County Hospital,Respiratory Infections,11
2025-11-30,Nairobi County Hospital,Respiratory Infections,2
2025-12-01,Nairobi County Hospital,Respiratory Infections,9
2025-12-02,Nairobi County Hospital,Respiratory Infections,2
2025-12-03,Nairobi County Hospital,Respiratory Infections,6
2025-12-04,Nairobi County Hospital,Respiratory Infections,2
2025-12-05,Nairobi County Hospital,Respiratory Infections,6
2025-12-06,Nairobi County Hospital,Respiratory Infections,3
2025-12-07,Nairobi County Hospital,Respiratory Infections,9
2025-12-08,Nairobi County Hospital,Respiratory Infections,3
2025-12-09,Nairobi County Hospital,Respiratory Infections,2
2025-12-10,Nairobi County Hospital,Respiratory Infections,5
2025-12-11,Nairobi County Hospital,Respiratory Infections,3
2025-12-12,Nairobi County Hospital,Respiratory Infections,5
2025-12-13,Nairobi County Hospital,Respiratory Infections,5
2025-12-14,Nairobi County Hospital,Respiratory Infections,3
2025-12-15,Nairobi County Hospital,Respiratory Infections,4
2025-12-16,Nairobi County Hospital,Respiratory Infections,5
2025-12-17,Nairobi County Hospital,Respiratory Infections,10
2025-12-18,Nairobi County Hospital,Respiratory Infections,5
2025-12-19,Nairobi County Hospital,Respiratory Infections,4
2025-12-20,Nairobi County Hospital,Respiratory Infections,6
2025-12-21,Nairobi County Hospital,Respiratory Infections,4
2025-12-22,Nairobi County Hospital,Respiratory Infections,3
2025-12-23,Nairobi County Hospital,Respiratory Infections,5
2025-12-24,Nairobi County Hospital,Respiratory Infections,10
2025-12-25,Nairobi County Hospital,Respiratory Infections,1
2025-12-26,Nairobi County Hospital,Respiratory Infections,2
2025-12-27,Nairobi County Hospital,Respiratory Infections,6
2025-12-28,Nairobi County Hospital,Respiratory Infections,10
2025-12-29,Nairobi County Hospital,Respiratory Infections,0
2025-12-30,Nairobi County Hospital,Respiratory Infections,9
2025-12-31,Nairobi County Hospital,Respiratory Infections,4
2026-01-01,Nairobi County Hospital,Respiratory Infections,5
2026-01-02,Nairobi County Hospital,Respiratory Infections,4
2026-01-03,Nairobi County Hospital,Respiratory Infections,2
2026-01-04,Nairobi County Hospital,Respiratory Infections,2
2026-01-05,Nairobi County Hospital,Respiratory Infections,7
2026-01-06,Nairobi County Hospital,Respiratory Infections,2
2026-01-07,Nairobi County Hospital,Respiratory Infections,3
2026-01-08,Nairobi County Hospital,Respiratory Infections,4
2026-01-09,Nairobi County Hospital,Respiratory Infections,3
2026-01-10,Nairobi County Hospital,Respiratory Infections,5
2026-01-11,Nairobi County Hospital,Respiratory Infections,5
2026-01-12,Nairobi County Hospital,Respiratory Infections,9
2026-01-13,Nairobi County Hospital,Respiratory Infections,5
2026-01-14,Nairobi County Hospital,Respiratory Infections,4
2026-01-15,Nairobi County Hospital,Respiratory Infections,2
2026-01-16,Nairobi County Hospital,Respiratory Infections,6
2026-01-17,Nairobi County Hospital,Respiratory Infections,3
2026-01-18,Nairobi County Hospital,Respiratory Infections,3
2026-01-19,Nairobi County Hospital,Respiratory Infections,4
2026-01-20,Nairobi County Hospital,Respiratory Infections,1
2026-01-21,Nairobi County Hospital,Respiratory Infections,5
2026-01-22,Nairobi County Hospital,Respiratory Infections,6
2026-01-23,Nairobi County Hospital,Respiratory Infections,6
2026-01-24,Nairobi County Hospital,Respiratory Infections,6
2026-01-25,Nairobi County Hospital,Respiratory Infections,2
2026-01-26,Nairobi County Hospital,Respiratory Infections,7
2026-01-27,Nairobi County Hospital,Respiratory Infections,6
2026-01-28,Nairobi County Hospital,Respiratory Infections,6
2026-01-29,Nairobi County Hospital,Respiratory Infections,3
2026-01-30,Nairobi County Hospital,Respiratory Infections,7
2026-01-31,Nairobi County Hospital,Respiratory Infections,4
2026-02-01,Nairobi County Hospital,Respiratory Infections,6
2026-02-02,Nairobi County Hospital,Respiratory Infections,2
2026-02-03,Nairobi County Hospital,Respiratory Infections,6
2026-02-04,Nairobi County Hospital,Respiratory Infections,3
2026-02-05,Nairobi County Hospital,Respiratory Infections,5
2026-02-06,Nairobi County Hospital,Respiratory Infections,8
2026-02-07,Nairobi County Hospital,Respiratory Infections,3
2026-02-08,Nairobi County Hospital,Respiratory Infections,4
2026-02-09,Nairobi County Hospital,Respiratory Infections,5
2026-02-10,Nairobi County Hospital,Respiratory Infections,2
2026-02-11,Nairobi County Hospital,Respiratory Infections,1
2026-02-12,Nairobi County Hospital,Respiratory Infections,4
2026-02-13,Nairobi County Hospital,Respiratory Infections,7
2026-02-14,Nairobi County Hospital,Respiratory Infections,1
2026-02-15,Nairobi County Hospital,Respiratory Infections,1
2026-02-16,Nairobi County Hospital,Respiratory Infections,5
2026-02-17,Nairobi County Hospital,Respiratory Infections,4
2026-02-18,Nairobi County Hospital,Respiratory Infections,5
2026-02-19,Nairobi County Hospital,Respiratory Infections,3
2026-02-20,Nairobi County Hospital,Respiratory Infections,3
2026-02-21,Nairobi County Hospital,Respiratory Infections,4
2026-02-22,Nairobi County Hospital,Respiratory Infections,5
2026-02-23,Nairobi County Hospital,Respiratory Infections,3
2026-02-24,Nairobi County Hospital,Respiratory Infections,5
2026-02-25,Nairobi County Hospital,Respiratory Infections,7
2026-02-26,Nairobi County Hospital,Respiratory Infections,2
2026-02-27,Nairobi County Hospital,Respiratory Infections,3
2026-02-28,Nairobi County Hospital,Respiratory Infections,5
2026-03-01,Nairobi County Hospital,Respiratory Infections,7
2026-03-02,Nairobi County Hospital,Respiratory Infections,12
2026-03-03,Nairobi County Hospital,Respiratory Infections,7
2026-03-04,Nairobi County Hospital,Respiratory Infections,8
2026-03-05,Nairobi County Hospital,Respiratory Infections,2
2026-03-06,Nairobi County Hospital,Respiratory Infections,12
2026-03-07,Nairobi County Hospital,Respiratory Infections,5
2026-03-08,Nairobi County Hospital,Respiratory Infections,11
2026-03-09,Nairobi County Hospital,Respiratory Infections,9
2026-03-10,Nairobi County Hospital,Respiratory Infections,5
2026-03-11,Nairobi County Hospital,Respiratory Infections,3
2026-03-12,Nairobi County Hospital,Respiratory Infections,8
2026-03-13,Nairobi County Hospital,Respiratory Infections,11
2026-03-14,Nairobi County Hospital,Respiratory Infections,4
2026-03-15,Nairobi County Hospital,Respiratory Infections,9
2026-03-16,Nairobi County Hospital,Respiratory Infections,10
2026-03-17,Nairobi County Hospital,Respiratory Infections,6
2026-03-18,Nairobi County Hospital,Respiratory Infections,11
2026-03-19,Nairobi County Hospital,Respiratory Infections,7
2026-03-20,Nairobi County Hospital,Respiratory Infections,9
2026-03-21,Nairobi County Hospital,Respiratory Infections,8
2026-03-22,Nairobi County Hospital,Respiratory Infections,4
2026-03-23,Nairobi County Hospital,Respiratory Infections,6
2026-03-24,Nairobi County Hospital,Respiratory Infections,5
2026-03-25,Nairobi County Hospital,Respiratory Infections,4
2026-03-26,Nairobi County Hospital,Respiratory Infections,8
2026-03-27,Nairobi County Hospital,Respiratory Infections,8
2026-03-28,Nairobi County Hospital,Respiratory Infections,7
2026-03-29,Nairobi County Hospital,Respiratory Infections,11
2026-03-30,Nairobi County Hospital,Respiratory Infections,4
2026-03-31,Nairobi County Hospital,Respiratory Infections,6
2026-04-01,Nairobi County Hospital,Respiratory Infections,7
2026-04-02,Nairobi County Hospital,Respiratory Infections,4
2026-04-03,Nairobi County Hospital,Respiratory Infections,6
2026-04-04,Nairobi County Hospital,Respiratory Infections,11
2026-04-05,Nairobi County Hospital,Respiratory Infections,6
2026-04-06,Nairobi County Hospital,Respiratory Infections,7
2026-04-07,Nairobi County Hospital,Respiratory Infections,8
2026-04-08,Nairobi County Hospital,Respiratory Infections,9
2026-04-09,Nairobi County Hospital,Respiratory Infections,10
2026-04-10,Nairobi County Hospital,Respiratory Infections,7
2026-04-11,Nairobi County Hospital,Respiratory Infections,6
2026-04-12,Nairobi County Hospital,Respiratory Infections,6
2026-04-13,Nairobi County Hospital,Respiratory Infections,4
2026-04-14,Nairobi County Hospital,Respiratory Infections,7
2026-04-15,Nairobi County Hospital,Respiratory Infections,11
2026-04-16,Nairobi County Hospital,Respiratory Infections,12
2026-04-17,Nairobi County Hospital,Respiratory Infections,10
2026-04-18,Nairobi County Hospital,Respiratory Infections,12
2026-04-19,Nairobi County Hospital,Respiratory Infections,6
2026-04-20,Nairobi County Hospital,Respiratory Infections,10
2026-04-21,Nairobi County Hospital,Respiratory Infections,6
2026-04-22,Nairobi County Hospital,Respiratory Infections,14
2026-04-23,Nairobi County Hospital,Respiratory Infections,7
2026-04-24,Nairobi County Hospital,Respiratory Infections,12
2026-04-25,Nairobi County Hospital,Respiratory Infections,9
2026-04-26,Nairobi County Hospital,Respiratory Infections,10
2026-04-27,Nairobi County Hospital,Respiratory Infections,10
2026-04-28,Nairobi County Hospital,Respiratory Infections,15
2026-04-29,Nairobi County Hospital,Respiratory Infections,9
2026-04-30,Nairobi County Hospital,Respiratory Infections,10
2026-05-01,Nairobi County Hospital,Respiratory Infections,7
2026-05-02,Nairobi County Hospital,Respiratory Infections,8
2026-05-03,Nairobi County Hospital,Respiratory Infections,7
2026-05-04,Nairobi County Hospital,Respiratory Infections,15
2026-05-05,Nairobi County Hospital,Respiratory Infections,7
2026-05-06,Nairobi County Hospital,Respiratory Infections,7
2026-05-07,Nairobi County Hospital,Respiratory Infections,11
2026-05-08,Nairobi County Hospital,Respiratory Infections,12
2026-05-09,Nairobi County Hospital,Respiratory Infections,6
2026-05-10,Nairobi County Hospital,Respiratory Infections,6
2026-05-11,Nairobi County Hospital,Respiratory Infections,14
2026-05-12,Nairobi County Hospital,Respiratory Infections,22
2026-05-13,Nairobi County Hospital,Respiratory Infections,7
2026-05-14,Nairobi County Hospital,Respiratory Infections,10
2026-05-15,Nairobi County Hospital,Respiratory Infections,10
2026-05-16,Nairobi County Hospital,Respiratory Infections,11
2026-05-17,Nairobi County Hospital,Respiratory Infections,13
2026-05-18,Nairobi County Hospital,Respiratory Infections,15
2026-05-19,Nairobi County Hospital,Respiratory Infections,21
2026-05-20,Nairobi County Hospital,Respiratory Infections,13
2026-05-21,Nairobi County Hospital,Respiratory Infections,11
2026-05-22,Nairobi County Hospital,Respiratory Infections,10
2026-05-23,Nairobi County Hospital,Respiratory Infections,7
2026-05-24,Nairobi County Hospital,Respiratory Infections,16
2026-05-25,Nairobi County Hospital,Respiratory Infections,12
2026-05-26,Nairobi County Hospital,Respiratory Infections,11
2026-05-27,Nairobi County Hospital,Respiratory Infections,13
2026-05-28,Nairobi County Hospital,Respiratory Infections,15
2026-05-29,Nairobi County Hospital,Respiratory Infections,12
2026-05-30,Nairobi County Hospital,Respiratory Infections,7
2026-05-31,Nairobi County Hospital,Respiratory Infections,13
2026-06-01,Nairobi County Hospital,Respiratory Infections,11
2026-06-02,Nairobi County Hospital,Respiratory Infections,17
2026-06-03,Nairobi County Hospital,Respiratory Infections,17
2026-06-04,Nairobi County Hospital,Respiratory Infections,15
2026-06-05,Nairobi County Hospital,Respiratory Infections,13
2026-06-06,Nairobi County Hospital,Respiratory Infections,6
2026-06-07,Nairobi County Hospital,Respiratory Infections,11
2026-06-08,Nairobi County Hospital,Respiratory Infections,9
2026-06-09,Nairobi County Hospital,Respiratory Infections,13
2026-06-10,Nairobi County Hospital,Respiratory Infections,15
2026-06-11,Nairobi County Hospital,Respiratory Infections,14
2026-06-12,Nairobi County Hospital,Respiratory Infections,17
2026-06-13,Nairobi County Hospital,Respiratory Infections,18
2026-06-14,Nairobi County Hospital,Respiratory Infections,9
2026-06-15,Nairobi County Hospital,Respiratory Infections,12
2026-06-16,Nairobi County Hospital,Respiratory Infections,18
2026-06-17,Nairobi County Hospital,Respiratory Infections,24
2026-06-18,Nairobi County Hospital,Respiratory Infections,15
2026-06-19,Nairobi County Hospital,Respiratory Infections,13
2026-06-20,Nairobi County Hospital,Respiratory Infections,14
2026-06-21,Nairobi County Hospital,Respiratory Infections,9
2026-06-22,Nairobi County Hospital,Respiratory Infections,13
2026-06-23,Nairobi County Hospital,Respiratory Infections,16
2026-06-24,Nairobi County Hospital,Respiratory Infections,13
2026-06-25,Nairobi County Hospital,Respiratory Infections,17
2026-06-26,Nairobi County Hospital,Respiratory Infections,18
2026-06-27,Nairobi County Hospital,Respiratory Infections,14
2026-06-28,Nairobi County Hospital,Respiratory Infections,16
2026-06-29,Nairobi County Hospital,Respiratory Infections,9
2026-06-30,Nairobi County Hospital,Respiratory Infections,17
2026-07-01,Nairobi County Hospital,Respiratory Infections,11
2026-07-02,Nairobi County Hospital,Respiratory Infections,13
2026-07-03,Nairobi County Hospital,Respiratory Infections,15
2026-07-04,Nairobi County Hospital,Respiratory Infections,13
2026-07-05,Nairobi County Hospital,Respiratory Infections,12
2026-07-06,Nairobi County Hospital,Respiratory Infections,12
2026-07-07,Nairobi County Hospital,Respiratory Infections,12
2026-07-08,Nairobi County Hospital,Respiratory Infections,14
2026-07-09,Nairobi County Hospital,Respiratory Infections,15
2026-07-10,Nairobi County Hospital,Respiratory Infections,10
2026-07-11,Nairobi County Hospital,Respiratory Infections,4
2026-07-12,Nairobi County Hospital,Respiratory Infections,19
2026-07-13,Nairobi County Hospital,Respiratory Infections,9
2026-07-14,Nairobi County Hospital,Respiratory Infections,15
2026-07-15,Nairobi County Hospital,Respiratory Infections,16
2026-07-16,Nairobi County Hospital,Respiratory Infections,16
2026-07-17,Nairobi County Hospital,Respiratory Infections,16
2026-07-18,Nairobi County Hospital,Respiratory Infections,9
2026-07-19,Nairobi County Hospital,Respiratory Infections,14
2026-07-20,Nairobi County Hospital,Respiratory Infections,23
2026-07-21,Nairobi County Hospital,Respiratory Infections,11
2026-07-22,Nairobi County Hospital,Respiratory Infections,13
2026-07-23,Nairobi County Hospital,Respiratory Infections,12
2026-07-24,Nairobi County Hospital,Respiratory Infections,16
2026-07-25,Nairobi County Hospital,Respiratory Infections,15
2026-07-26,Nairobi County Hospital,Respiratory Infections,10
2026-07-27,Nairobi County Hospital,Respiratory Infections,14
2026-07-28,Nairobi County Hospital,Respiratory Infections,15
2026-07-29,Nairobi County Hospital,Respiratory Infections,18
2026-07-30,Nairobi County Hospital,Respiratory Infections,16
2026-07-31,Nairobi County Hospital,Respiratory Infections,14
2026-08-01,Nairobi County Hospital,Respiratory Infections,10
2026-08-02,Nairobi County Hospital,Respiratory Infections,13
2026-08-03,Nairobi County Hospital,Respiratory Infections,9
2026-08-04,Nairobi County Hospital,Respiratory Infections,18
2026-08-05,Nairobi County Hospital,Respiratory Infections,13
2026-08-06,Nairobi County Hospital,Respiratory Infections,10
2026-08-07,Nairobi County Hospital,Respiratory Infections,7
2026-08-08,Nairobi County Hospital,Respiratory Infections,13
2026-08-09,Nairobi County Hospital,Respiratory Infections,9
2026-08-10,Nairobi County Hospital,Respiratory Infections,13
2026-08-11,Nairobi County Hospital,Respiratory Infections,11
2026-08-12,Nairobi County Hospital,Respiratory Infections,9
2026-08-13,Nairobi County Hospital,Respiratory Infections,15
2026-08-14,Nairobi County Hospital,Respiratory Infections,15
2026-08-15,Nairobi County Hospital,Respiratory Infections,12
2026-08-16,Nairobi County Hospital,Respiratory Infections,11
2026-08-17,Nairobi County Hospital,Respiratory Infections,13
2026-08-18,Nairobi County Hospital,Respiratory Infections,19
2026-08-19,Nairobi County Hospital,Respiratory Infections,12
2026-08-20,Nairobi County Hospital,Respiratory Infections,11
2026-08-21,Nairobi County Hospital,Respiratory Infections,12
2026-08-22,Nairobi County Hospital,Respiratory Infections,8
2026-08-23,Nairobi County Hospital,Respiratory Infections,6
2026-08-24,Nairobi County Hospital,Respiratory Infections,18
2026-08-25,Nairobi County Hospital,Respiratory Infections,11
2026-08-26,Nairobi County Hospital,Respiratory Infections,11
2026-08-27,Nairobi County Hospital,Respiratory Infections,13
2026-08-28,Nairobi County Hospital,Respiratory Infections,16
2026-08-29,Nairobi County Hospital,Respiratory Infections,10
2026-08-30,Nairobi County Hospital,Respiratory Infections,11
2026-08-31,Nairobi County Hospital,Respiratory Infections,10
2022-01-01,Kisumu Referral Hospital,Malaria,8
2022-01-02,Kisumu Referral Hospital,Malaria,8
2022-01-03,Kisumu Referral Hospital,Malaria,7
2022-01-04,Kisumu Referral Hospital,Malaria,7
2022-01-05,Kisumu Referral Hospital,Malaria,12
2022-01-06,Kisumu Referral Hospital,Malaria,9
2022-01-07,Kisumu Referral Hospital,Malaria,6
2022-01-08,Kisumu Referral Hospital,Malaria,6
2022-01-09,Kisumu Referral Hospital,Malaria,4
2022-01-10,Kisumu Referral Hospital,Malaria,8
2022-01-11,Kisumu Referral Hospital,Malaria,8
2022-01-12,Kisumu Referral Hospital,Malaria,5
2022-01-13,Kisumu Referral Hospital,Malaria,10
2022-01-14,Kisumu Referral Hospital,Malaria,12
2022-01-15,Kisumu Referral Hospital,Malaria,4
2022-01-16,Kisumu Referral Hospital,Malaria,8
2022-01-17,Kisumu Referral Hospital,Malaria,8
2022-01-18,Kisumu Referral Hospital,Malaria,8
2022-01-19,Kisumu Referral Hospital,Malaria,5
2022-01-20,Kisumu Referral Hospital,Malaria,11
2022-01-21,Kisumu Referral Hospital,Malaria,13
2022-01-22,Kisumu Referral Hospital,Malaria,6
2022-01-23,Kisumu Referral Hospital,Malaria,14
2022-01-24,Kisumu Referral Hospital,Malaria,7
2022-01-25,Kisumu Referral Hospital,Malaria,7
2022-01-26,Kisumu Referral Hospital,Malaria,8
2022-01-27,Kisumu Referral Hospital,Malaria,11
2022-01-28,Kisumu Referral Hospital,Malaria,8
2022-01-29,Kisumu Referral Hospital,Malaria,7
2022-01-30,Kisumu Referral Hospital,Malaria,9
2022-01-31,Kisumu Referral Hospital,Malaria,12
2022-02-01,Kisumu Referral Hospital,Malaria,16
2022-02-02,Kisumu Referral Hospital,Malaria,13
2022-02-03,Kisumu Referral Hospital,Malaria,14
2022-02-04,Kisumu Referral Hospital,Malaria,15
2022-02-05,Kisumu Referral Hospital,Malaria,3
2022-02-06,Kisumu Referral Hospital,Malaria,10
2022-02-07,Kisumu Referral Hospital,Malaria,10
2022-02-08,Kisumu Referral Hospital,Malaria,10
2022-02-09,Kisumu Referral Hospital,Malaria,12
2022-02-10,Kisumu Referral Hospital,Malaria,14
2022-02-11,Kisumu Referral Hospital,Malaria,17
2022-02-12,Kisumu Referral Hospital,Malaria,8
2022-02-13,Kisumu Referral Hospital,Malaria,9
2022-02-14,Kisumu Referral Hospital,Malaria,18
2022-02-15,Kisumu Referral Hospital,Malaria,8
2022-02-16,Kisumu Referral Hospital,Malaria,16
2022-02-17,Kisumu Referral Hospital,Malaria,13
2022-02-18,Kisumu Referral Hospital,Malaria,13
2022-02-19,Kisumu Referral Hospital,Malaria,14
2022-02-20,Kisumu Referral Hospital,Malaria,14
2022-02-21,Kisumu Referral Hospital,Malaria,14
2022-02-22,Kisumu Referral Hospital,Malaria,13
2022-02-23,Kisumu Referral Hospital,Malaria,13
2022-02-24,Kisumu Referral Hospital,Malaria,18
2022-02-25,Kisumu Referral Hospital,Malaria,15
2022-02-26,Kisumu Referral Hospital,Malaria,8
2022-02-27,Kisumu Referral Hospital,Malaria,8
2022-02-28,Kisumu Referral Hospital,Malaria,15
2022-03-01,Kisumu Referral Hospital,Malaria,9
2022-03-02,Kisumu Referral Hospital,Malaria,14
2022-03-03,Kisumu Referral Hospital,Malaria,12
2022-03-04,Kisumu Referral Hospital,Malaria,15
2022-03-05,Kisumu Referral Hospital,Malaria,16
2022-03-06,Kisumu Referral Hospital,Malaria,12
2022-03-07,Kisumu Referral Hospital,Malaria,17
2022-03-08,Kisumu Referral Hospital,Malaria,20
2022-03-09,Kisumu Referral Hospital,Malaria,12
2022-03-10,Kisumu Referral Hospital,Malaria,14
2022-03-11,Kisumu Referral Hospital,Malaria,14
2022-03-12,Kisumu Referral Hospital,Malaria,15
2022-03-13,Kisumu Referral Hospital,Malaria,21
2022-03-14,Kisumu Referral Hospital,Malaria,20
2022-03-15,Kisumu Referral Hospital,Malaria,11
2022-03-16,Kisumu Referral Hospital,Malaria,11
2022-03-17,Kisumu Referral Hospital,Malaria,16
2022-03-18,Kisumu Referral Hospital,Malaria,12
2022-03-19,Kisumu Referral Hospital,Malaria,12
2022-03-20,Kisumu Referral Hospital,Malaria,14
2022-03-21,Kisumu Referral Hospital,Malaria,18
2022-03-22,Kisumu Referral Hospital,Malaria,11
2022-03-23,Kisumu Referral Hospital,Malaria,17
2022-03-24,Kisumu Referral Hospital,Malaria,21
2022-03-25,Kisumu Referral Hospital,Malaria,21
2022-03-26,Kisumu Referral Hospital,Malaria,26
2022-03-27,Kisumu Referral Hospital,Malaria,12
2022-03-28,Kisumu Referral Hospital,Malaria,13
2022-03-29,Kisumu Referral Hospital,Malaria,21
2022-03-30,Kisumu Referral Hospital,Malaria,16
2022-03-31,Kisumu Referral Hospital,Malaria,22
2022-04-01,Kisumu Referral Hospital,Malaria,18
2022-04-02,Kisumu Referral Hospital,Malaria,11
2022-04-03,Kisumu Referral Hospital,Malaria,15
2022-04-04,Kisumu Referral Hospital,Malaria,16
2022-04-05,Kisumu Referral Hospital,Malaria,20
2022-04-06,Kisumu Referral Hospital,Malaria,15
2022-04-07,Kisumu Referral Hospital,Malaria,19
2022-04-08,Kisumu Referral Hospital,Malaria,14
2022-04-09,Kisumu Referral Hospital,Malaria,11
2022-04-10,Kisumu Referral Hospital,Malaria,16
2022-04-11,Kisumu Referral Hospital,Malaria,22
2022-04-12,Kisumu Referral Hospital,Malaria,27
2022-04-13,Kisumu Referral Hospital,Malaria,20
2022-04-14,Kisumu Referral Hospital,Malaria,19
2022-04-15,Kisumu Referral Hospital,Malaria,22
2022-04-16,Kisumu Referral Hospital,Malaria,20
2022-04-17,Kisumu Referral Hospital,Malaria,15
2022-04-18,Kisumu Referral Hospital,Malaria,20
2022-04-19,Kisumu Referral Hospital,Malaria,18
2022-04-20,Kisumu Referral Hospital,Malaria,16
2022-04-21,Kisumu Referral Hospital,Malaria,14
2022-04-22,Kisumu Referral Hospital,Malaria,17
2022-04-23,Kisumu Referral Hospital,Malaria,11
2022-04-24,Kisumu Referral Hospital,Malaria,9
2022-04-25,Kisumu Referral Hospital,Malaria,19
2022-04-26,Kisumu Referral Hospital,Malaria,21
2022-04-27,Kisumu Referral Hospital,Malaria,17
2022-04-28,Kisumu Referral Hospital,Malaria,19
2022-04-29,Kisumu Referral Hospital,Malaria,21
2022-04-30,Kisumu Referral Hospital,Malaria,16
2022-05-01,Kisumu Referral Hospital,Malaria,14
2022-05-02,Kisumu Referral Hospital,Malaria,17
2022-05-03,Kisumu Referral Hospital,Malaria,25
2022-05-04,Kisumu Referral Hospital,Malaria,15
2022-05-05,Kisumu Referral Hospital,Malaria,21
2022-05-06,Kisumu Referral Hospital,Malaria,25
2022-05-07,Kisumu Referral Hospital,Malaria,12
2022-05-08,Kisumu Referral Hospital,Malaria,22
2022-05-09,Kisumu Referral Hospital,Malaria,22
2022-05-10,Kisumu Referral Hospital,Malaria,15
2022-05-11,Kisumu Referral Hospital,Malaria,21
2022-05-12,Kisumu Referral Hospital,Malaria,18
2022-05-13,Kisumu Referral Hospital,Malaria,22
2022-05-14,Kisumu Referral Hospital,Malaria,13
2022-05-15,Kisumu Referral Hospital,Malaria,17
2022-05-16,Kisumu Referral Hospital,Malaria,17
2022-05-17,Kisumu Referral Hospital,Malaria,21
2022-05-18,Kisumu Referral Hospital,Malaria,21
2022-05-19,Kisumu Referral Hospital,Malaria,25
2022-05-20,Kisumu Referral Hospital,Malaria,14
2022-05-21,Kisumu Referral Hospital,Malaria,19
2022-05-22,Kisumu Referral Hospital,Malaria,16
2022-05-23,Kisumu Referral Hospital,Malaria,28
2022-05-24,Kisumu Referral Hospital,Malaria,23
2022-05-25,Kisumu Referral Hospital,Malaria,20
2022-05-26,Kisumu Referral Hospital,Malaria,15
2022-05-27,Kisumu Referral Hospital,Malaria,19
2022-05-28,Kisumu Referral Hospital,Malaria,12
2022-05-29,Kisumu Referral Hospital,Malaria,26
2022-05-30,Kisumu Referral Hospital,Malaria,24
2022-05-31,Kisumu Referral Hospital,Malaria,18
2022-06-01,Kisumu Referral Hospital,Malaria,20
2022-06-02,Kisumu Referral Hospital,Malaria,24
2022-06-03,Kisumu Referral Hospital,Malaria,24
2022-06-04,Kisumu Referral Hospital,Malaria,26
2022-06-05,Kisumu Referral Hospital,Malaria,10
2022-06-06,Kisumu Referral Hospital,Malaria,22
2022-06-07,Kisumu Referral Hospital,Malaria,26
2022-06-08,Kisumu Referral Hospital,Malaria,25
2022-06-09,Kisumu Referral Hospital,Malaria,31
2022-06-10,Kisumu Referral Hospital,Malaria,22
2022-06-11,Kisumu Referral Hospital,Malaria,18
2022-06-12,Kisumu Referral Hospital,Malaria,8
2022-06-13,Kisumu Referral Hospital,Malaria,21
2022-06-14,Kisumu Referral Hospital,Malaria,22
2022-06-15,Kisumu Referral Hospital,Malaria,9
2022-06-16,Kisumu Referral Hospital,Malaria,24
2022-06-17,Kisumu Referral Hospital,Malaria,23
2022-06-18,Kisumu Referral Hospital,Malaria,19
2022-06-19,Kisumu Referral Hospital,Malaria,17
2022-06-20,Kisumu Referral Hospital,Malaria,23
2022-06-21,Kisumu Referral Hospital,Malaria,22
2022-06-22,Kisumu Referral Hospital,Malaria,20
2022-06-23,Kisumu Referral Hospital,Malaria,24
2022-06-24,Kisumu Referral Hospital,Malaria,18
2022-06-25,Kisumu Referral Hospital,Malaria,13
2022-06-26,Kisumu Referral Hospital,Malaria,13
2022-06-27,Kisumu Referral Hospital,Malaria,11
2022-06-28,Kisumu Referral Hospital,Malaria,30
2022-06-29,Kisumu Referral Hospital,Malaria,25
2022-06-30,Kisumu Referral Hospital,Malaria,13
2022-07-01,Kisumu Referral Hospital,Malaria,18
2022-07-02,Kisumu Referral Hospital,Malaria,17
2022-07-03,Kisumu Referral Hospital,Malaria,10
2022-07-04,Kisumu Referral Hospital,Malaria,19
2022-07-05,Kisumu Referral Hospital,Malaria,19
2022-07-06,Kisumu Referral Hospital,Malaria,23
2022-07-07,Kisumu Referral Hospital,Malaria,15
2022-07-08,Kisumu Referral Hospital,Malaria,19
2022-07-09,Kisumu Referral Hospital,Malaria,17
2022-07-10,Kisumu Referral Hospital,Malaria,16
2022-07-11,Kisumu Referral Hospital,Malaria,22
2022-07-12,Kisumu Referral Hospital,Malaria,19
2022-07-13,Kisumu Referral Hospital,Malaria,20
2022-07-14,Kisumu Referral Hospital,Malaria,21
2022-07-15,Kisumu Referral Hospital,Malaria,20
2022-07-16,Kisumu Referral Hospital,Malaria,22
2022-07-17,Kisumu Referral Hospital,Malaria,19
2022-07-18,Kisumu Referral Hospital,Malaria,17
2022-07-19,Kisumu Referral Hospital,Malaria,26
2022-07-20,Kisumu Referral Hospital,Malaria,28
2022-07-21,Kisumu Referral Hospital,Malaria,25
2022-07-22,Kisumu Referral Hospital,Malaria,21
2022-07-23,Kisumu Referral Hospital,Malaria,16
2022-07-24,Kisumu Referral Hospital,Malaria,17
2022-07-25,Kisumu Referral Hospital,Malaria,21
2022-07-26,Kisumu Referral Hospital,Malaria,16
2022-07-27,Kisumu Referral Hospital,Malaria,14
2022-07-28,Kisumu Referral Hospital,Malaria,16
2022-07-29,Kisumu Referral Hospital,Malaria,15
2022-07-30,Kisumu Referral Hospital,Malaria,11
2022-07-31,Kisumu Referral Hospital,Malaria,17
2022-08-01,Kisumu Referral Hospital,Malaria,27
2022-08-02,Kisumu Referral Hospital,Malaria,15
2022-08-03,Kisumu Referral Hospital,Malaria,18
2022-08-04,Kisumu Referral Hospital,Malaria,13
2022-08-05,Kisumu Referral Hospital,Malaria,15
2022-08-06,Kisumu Referral Hospital,Malaria,13
2022-08-07,Kisumu Referral Hospital,Malaria,14
2022-08-08,Kisumu Referral Hospital,Malaria,7
2022-08-09,Kisumu Referral Hospital,Malaria,13
2022-08-10,Kisumu Referral Hospital,Malaria,18
2022-08-11,Kisumu Referral Hospital,Malaria,11
2022-08-12,Kisumu Referral Hospital,Malaria,19
2022-08-13,Kisumu Referral Hospital,Malaria,20
2022-08-14,Kisumu Referral Hospital,Malaria,15
2022-08-15,Kisumu Referral Hospital,Malaria,15
2022-08-16,Kisumu Referral Hospital,Malaria,11
2022-08-17,Kisumu Referral Hospital,Malaria,11
2022-08-18,Kisumu Referral Hospital,Malaria,16
2022-08-19,Kisumu Referral Hospital,Malaria,6
2022-08-20,Kisumu Referral Hospital,Malaria,4
2022-08-21,Kisumu Referral Hospital,Malaria,9
2022-08-22,Kisumu Referral Hospital,Malaria,16
2022-08-23,Kisumu Referral Hospital,Malaria,12
2022-08-24,Kisumu Referral Hospital,Malaria,5
2022-08-25,Kisumu Referral Hospital,Malaria,19
2022-08-26,Kisumu Referral Hospital,Malaria,20
2022-08-27,Kisumu Referral Hospital,Malaria,7
2022-08-28,Kisumu Referral Hospital,Malaria,11
2022-08-29,Kisumu Referral Hospital,Malaria,14
2022-08-30,Kisumu Referral Hospital,Malaria,12
2022-08-31,Kisumu Referral Hospital,Malaria,12
2022-09-01,Kisumu Referral Hospital,Malaria,9
2022-09-02,Kisumu Referral Hospital,Malaria,16
2022-09-03,Kisumu Referral Hospital,Malaria,12
2022-09-04,Kisumu Referral Hospital,Malaria,12
2022-09-05,Kisumu Referral Hospital,Malaria,10
2022-09-06,Kisumu Referral Hospital,Malaria,6
2022-09-07,Kisumu Referral Hospital,Malaria,15
2022-09-08,Kisumu Referral Hospital,Malaria,12
2022-09-09,Kisumu Referral Hospital,Malaria,11
2022-09-10,Kisumu Referral Hospital,Malaria,15
2022-09-11,Kisumu Referral Hospital,Malaria,14
2022-09-12,Kisumu Referral Hospital,Malaria,9
2022-09-13,Kisumu Referral Hospital,Malaria,14
2022-09-14,Kisumu Referral Hospital,Malaria,15
2022-09-15,Kisumu Referral Hospital,Malaria,13
2022-09-16,Kisumu Referral Hospital,Malaria,9
2022-09-17,Kisumu Referral Hospital,Malaria,11
2022-09-18,Kisumu Referral Hospital,Malaria,7
2022-09-19,Kisumu Referral Hospital,Malaria,12
2022-09-20,Kisumu Referral Hospital,Malaria,9
2022-09-21,Kisumu Referral Hospital,Malaria,9
2022-09-22,Kisumu Referral Hospital,Malaria,15
2022-09-23,Kisumu Referral Hospital,Malaria,7
2022-09-24,Kisumu Referral Hospital,Malaria,6
2022-09-25,Kisumu Referral Hospital,Malaria,11
2022-09-26,Kisumu Referral Hospital,Malaria,9
2022-09-27,Kisumu Referral Hospital,Malaria,14
2022-09-28,Kisumu Referral Hospital,Malaria,12
2022-09-29,Kisumu Referral Hospital,Malaria,7
2022-09-30,Kisumu Referral Hospital,Malaria,11
2022-10-01,Kisumu Referral Hospital,Malaria,9
2022-10-02,Kisumu Referral Hospital,Malaria,7
2022-10-03,Kisumu Referral Hospital,Malaria,10
2022-10-04,Kisumu Referral Hospital,Malaria,10
2022-10-05,Kisumu Referral Hospital,Malaria,15
2022-10-06,Kisumu Referral Hospital,Malaria,10
2022-10-07,Kisumu Referral Hospital,Malaria,14
2022-10-08,Kisumu Referral Hospital,Malaria,7
2022-10-09,Kisumu Referral Hospital,Malaria,6
2022-10-10,Kisumu Referral Hospital,Malaria,9
2022-10-11,Kisumu Referral Hospital,Malaria,9
2022-10-12,Kisumu Referral Hospital,Malaria,6
2022-10-13,Kisumu Referral Hospital,Malaria,8
2022-10-14,Kisumu Referral Hospital,Malaria,6
2022-10-15,Kisumu Referral Hospital,Malaria,5
2022-10-16,Kisumu Referral Hospital,Malaria,9
2022-10-17,Kisumu Referral Hospital,Malaria,8
2022-10-18,Kisumu Referral Hospital,Malaria,11
2022-10-19,Kisumu Referral Hospital,Malaria,16
2022-10-20,Kisumu Referral Hospital,Malaria,7
2022-10-21,Kisumu Referral Hospital,Malaria,7
2022-10-22,Kisumu Referral Hospital,Malaria,12
2022-10-23,Kisumu Referral Hospital,Malaria,10
2022-10-24,Kisumu Referral Hospital,Malaria,6
2022-10-25,Kisumu Referral Hospital,Malaria,11
2022-10-26,Kisumu Referral Hospital,Malaria,8
2022-10-27,Kisumu Referral Hospital,Malaria,9
2022-10-28,Kisumu Referral Hospital,Malaria,12
2022-10-29,Kisumu Referral Hospital,Malaria,6
2022-10-30,Kisumu Referral Hospital,Malaria,8
2022-10-31,Kisumu Referral Hospital,Malaria,9
2022-11-01,Kisumu Referral Hospital,Malaria,4
2022-11-02,Kisumu Referral Hospital,Malaria,10
2022-11-03,Kisumu Referral Hospital,Malaria,8
2022-11-04,Kisumu Referral Hospital,Malaria,6
2022-11-05,Kisumu Referral Hospital,Malaria,10
2022-11-06,Kisumu Referral Hospital,Malaria,5
2022-11-07,Kisumu Referral Hospital,Malaria,15
2022-11-08,Kisumu Referral Hospital,Malaria,4
2022-11-09,Kisumu Referral Hospital,Malaria,7
2022-11-10,Kisumu Referral Hospital,Malaria,11
2022-11-11,Kisumu Referral Hospital,Malaria,4
2022-11-12,Kisumu Referral Hospital,Malaria,4
2022-11-13,Kisumu Referral Hospital,Malaria,3
2022-11-14,Kisumu Referral Hospital,Malaria,5
2022-11-15,Kisumu Referral Hospital,Malaria,8
2022-11-16,Kisumu Referral Hospital,Malaria,8
2022-11-17,Kisumu Referral Hospital,Malaria,8
2022-11-18,Kisumu Referral Hospital,Malaria,7
2022-11-19,Kisumu Referral Hospital,Malaria,6
2022-11-20,Kisumu Referral Hospital,Malaria,6
2022-11-21,Kisumu Referral Hospital,Malaria,6
2022-11-22,Kisumu Referral Hospital,Malaria,6
2022-11-23,Kisumu Referral Hospital,Malaria,8
2022-11-24,Kisumu Referral Hospital,Malaria,8
2022-11-25,Kisumu Referral Hospital,Malaria,9
2022-11-26,Kisumu Referral Hospital,Malaria,7
2022-11-27,Kisumu Referral Hospital,Malaria,4
2022-11-28,Kisumu Referral Hospital,Malaria,3
2022-11-29,Kisumu Referral Hospital,Malaria,5
2022-11-30,Kisumu Referral Hospital,Malaria,7
2022-12-01,Kisumu Referral Hospital,Malaria,11
2022-12-02,Kisumu Referral Hospital,Malaria,11
2022-12-03,Kisumu Referral Hospital,Malaria,3
2022-12-04,Kisumu Referral Hospital,Malaria,9
2022-12-05,Kisumu Referral Hospital,Malaria,7
2022-12-06,Kisumu Referral Hospital,Malaria,9
2022-12-07,Kisumu Referral Hospital,Malaria,9
2022-12-08,Kisumu Referral Hospital,Malaria,5
2022-12-09,Kisumu Referral Hospital,Malaria,8
2022-12-10,Kisumu Referral Hospital,Malaria,7
2022-12-11,Kisumu Referral Hospital,Malaria,3
2022-12-12,Kisumu Referral Hospital,Malaria,6
2022-12-13,Kisumu Referral Hospital,Malaria,10
2022-12-14,Kisumu Referral Hospital,Malaria,10
2022-12-15,Kisumu Referral Hospital,Malaria,7
2022-12-16,Kisumu Referral Hospital,Malaria,8
2022-12-17,Kisumu Referral Hospital,Malaria,2
2022-12-18,Kisumu Referral Hospital,Malaria,2
2022-12-19,Kisumu Referral Hospital,Malaria,8
2022-12-20,Kisumu Referral Hospital,Malaria,7
2022-12-21,Kisumu Referral Hospital,Malaria,5
2022-12-22,Kisumu Referral Hospital,Malaria,16
2022-12-23,Kisumu Referral Hospital,Malaria,5
2022-12-24,Kisumu Referral Hospital,Malaria,6
2022-12-25,Kisumu Referral Hospital,Malaria,8
2022-12-26,Kisumu Referral Hospital,Malaria,4
2022-12-27,Kisumu Referral Hospital,Malaria,16
2022-12-28,Kisumu Referral Hospital,Malaria,21
2022-12-29,Kisumu Referral Hospital,Malaria,8
2022-12-30,Kisumu Referral Hospital,Malaria,9
2022-12-31,Kisumu Referral Hospital,Malaria,8
2023-01-01,Kisumu Referral Hospital,Malaria,4
2023-01-02,Kisumu Referral Hospital,Malaria,9
2023-01-03,Kisumu Referral Hospital,Malaria,12
2023-01-04,Kisumu Referral Hospital,Malaria,5
2023-01-05,Kisumu Referral Hospital,Malaria,12
2023-01-06,Kisumu Referral Hospital,Malaria,6
2023-01-07,Kisumu Referral Hospital,Malaria,13
2023-01-08,Kisumu Referral Hospital,Malaria,10
2023-01-09,Kisumu Referral Hospital,Malaria,11
2023-01-10,Kisumu Referral Hospital,Malaria,8
2023-01-11,Kisumu Referral Hospital,Malaria,11
2023-01-12,Kisumu Referral Hospital,Malaria,13
2023-01-13,Kisumu Referral Hospital,Malaria,6
2023-01-14,Kisumu Referral Hospital,Malaria,9
2023-01-15,Kisumu Referral Hospital,Malaria,5
2023-01-16,Kisumu Referral Hospital,Malaria,15
2023-01-17,Kisumu Referral Hospital,Malaria,8
2023-01-18,Kisumu Referral Hospital,Malaria,12
2023-01-19,Kisumu Referral Hospital,Malaria,8
2023-01-20,Kisumu Referral Hospital,Malaria,14
2023-01-21,Kisumu Referral Hospital,Malaria,13
2023-01-22,Kisumu Referral Hospital,Malaria,7
2023-01-23,Kisumu Referral Hospital,Malaria,15
2023-01-24,Kisumu Referral Hospital,Malaria,13
2023-01-25,Kisumu Referral Hospital,Malaria,6
2023-01-26,Kisumu Referral Hospital,Malaria,17
2023-01-27,Kisumu Referral Hospital,Malaria,13
2023-01-28,Kisumu Referral Hospital,Malaria,12
2023-01-29,Kisumu Referral Hospital,Malaria,10
2023-01-30,Kisumu Referral Hospital,Malaria,11
2023-01-31,Kisumu Referral Hospital,Malaria,12
2023-02-01,Kisumu Referral Hospital,Malaria,15
2023-02-02,Kisumu Referral Hospital,Malaria,21
2023-02-03,Kisumu Referral Hospital,Malaria,11
2023-02-04,Kisumu Referral Hospital,Malaria,15
2023-02-05,Kisumu Referral Hospital,Malaria,2
2023-02-06,Kisumu Referral Hospital,Malaria,12
2023-02-07,Kisumu Referral Hospital,Malaria,8
2023-02-08,Kisumu Referral Hospital,Malaria,15
2023-02-09,Kisumu Referral Hospital,Malaria,16
2023-02-10,Kisumu Referral Hospital,Malaria,11
2023-02-11,Kisumu Referral Hospital,Malaria,14
2023-02-12,Kisumu Referral Hospital,Malaria,5
2023-02-13,Kisumu Referral Hospital,Malaria,14
2023-02-14,Kisumu Referral Hospital,Malaria,15
2023-02-15,Kisumu Referral Hospital,Malaria,14
2023-02-16,Kisumu Referral Hospital,Malaria,18
2023-02-17,Kisumu Referral Hospital,Malaria,11
2023-02-18,Kisumu Referral Hospital,Malaria,9
2023-02-19,Kisumu Referral Hospital,Malaria,8
2023-02-20,Kisumu Referral Hospital,Malaria,10
2023-02-21,Kisumu Referral Hospital,Malaria,8
2023-02-22,Kisumu Referral Hospital,Malaria,12
2023-02-23,Kisumu Referral Hospital,Malaria,16
2023-02-24,Kisumu Referral Hospital,Malaria,16
2023-02-25,Kisumu Referral Hospital,Malaria,11
2023-02-26,Kisumu Referral Hospital,Malaria,11
2023-02-27,Kisumu Referral Hospital,Malaria,18
2023-02-28,Kisumu Referral Hospital,Malaria,13
2023-03-01,Kisumu Referral Hospital,Malaria,24
2023-03-02,Kisumu Referral Hospital,Malaria,5
2023-03-03,Kisumu Referral Hospital,Malaria,12
2023-03-04,Kisumu Referral Hospital,Malaria,16
2023-03-05,Kisumu Referral Hospital,Malaria,12
2023-03-06,Kisumu Referral Hospital,Malaria,17
2023-03-07,Kisumu Referral Hospital,Malaria,16
2023-03-08,Kisumu Referral Hospital,Malaria,11
2023-03-09,Kisumu Referral Hospital,Malaria,9
2023-03-10,Kisumu Referral Hospital,Malaria,15
2023-03-11,Kisumu Referral Hospital,Malaria,15
2023-03-12,Kisumu Referral Hospital,Malaria,17
2023-03-13,Kisumu Referral Hospital,Malaria,13
2023-03-14,Kisumu Referral Hospital,Malaria,23
2023-03-15,Kisumu Referral Hospital,Malaria,18
2023-03-16,Kisumu Referral Hospital,Malaria,18
2023-03-17,Kisumu Referral Hospital,Malaria,9
2023-03-18,Kisumu Referral Hospital,Malaria,19
2023-03-19,Kisumu Referral Hospital,Malaria,13
2023-03-20,Kisumu Referral Hospital,Malaria,16
2023-03-21,Kisumu Referral Hospital,Malaria,21
2023-03-22,Kisumu Referral Hospital,Malaria,16
2023-03-23,Kisumu Referral Hospital,Malaria,15
2023-03-24,Kisumu Referral Hospital,Malaria,10
2023-03-25,Kisumu Referral Hospital,Malaria,22
2023-03-26,Kisumu Referral Hospital,Malaria,12
2023-03-27,Kisumu Referral Hospital,Malaria,23
2023-03-28,Kisumu Referral Hospital,Malaria,18
2023-03-29,Kisumu Referral Hospital,Malaria,20
2023-03-30,Kisumu Referral Hospital,Malaria,19
2023-03-31,Kisumu Referral Hospital,Malaria,20
2023-04-01,Kisumu Referral Hospital,Malaria,16
2023-04-02,Kisumu Referral Hospital,Malaria,16
2023-04-03,Kisumu Referral Hospital,Malaria,16
2023-04-04,Kisumu Referral Hospital,Malaria,15
2023-04-05,Kisumu Referral Hospital,Malaria,23
2023-04-06,Kisumu Referral Hospital,Malaria,24
2023-04-07,Kisumu Referral Hospital,Malaria,23
2023-04-08,Kisumu Referral Hospital,Malaria,19
2023-04-09,Kisumu Referral Hospital,Malaria,9
2023-04-10,Kisumu Referral Hospital,Malaria,21
2023-04-11,Kisumu Referral Hospital,Malaria,24
2023-04-12,Kisumu Referral Hospital,Malaria,19
2023-04-13,Kisumu Referral Hospital,Malaria,14
2023-04-14,Kisumu Referral Hospital,Malaria,22
2023-04-15,Kisumu Referral Hospital,Malaria,21
2023-04-16,Kisumu Referral Hospital,Malaria,16
2023-04-17,Kisumu Referral Hospital,Malaria,15
2023-04-18,Kisumu Referral Hospital,Malaria,21
2023-04-19,Kisumu Referral Hospital,Malaria,25
2023-04-20,Kisumu Referral Hospital,Malaria,21
2023-04-21,Kisumu Referral Hospital,Malaria,14
2023-04-22,Kisumu Referral Hospital,Malaria,19
2023-04-23,Kisumu Referral Hospital,Malaria,19
2023-04-24,Kisumu Referral Hospital,Malaria,23
2023-04-25,Kisumu Referral Hospital,Malaria,16
2023-04-26,Kisumu Referral Hospital,Malaria,19
2023-04-27,Kisumu Referral Hospital,Malaria,25
2023-04-28,Kisumu Referral Hospital,Malaria,22
2023-04-29,Kisumu Referral Hospital,Malaria,17
2023-04-30,Kisumu Referral Hospital,Malaria,14
2023-05-01,Kisumu Referral Hospital,Malaria,23
2023-05-02,Kisumu Referral Hospital,Malaria,22
2023-05-03,Kisumu Referral Hospital,Malaria,25
2023-05-04,Kisumu Referral Hospital,Malaria,19
2023-05-05,Kisumu Referral Hospital,Malaria,22
2023-05-06,Kisumu Referral Hospital,Malaria,16
2023-05-07,Kisumu Referral Hospital,Malaria,13
2023-05-08,Kisumu Referral Hospital,Malaria,20
2023-05-09,Kisumu Referral Hospital,Malaria,23
2023-05-10,Kisumu Referral Hospital,Malaria,23
2023-05-11,Kisumu Referral Hospital,Malaria,23
2023-05-12,Kisumu Referral Hospital,Malaria,23
2023-05-13,Kisumu Referral Hospital,Malaria,15
2023-05-14,Kisumu Referral Hospital,Malaria,17
2023-05-15,Kisumu Referral Hospital,Malaria,16
2023-05-16,Kisumu Referral Hospital,Malaria,22
2023-05-17,Kisumu Referral Hospital,Malaria,20
2023-05-18,Kisumu Referral Hospital,Malaria,26
2023-05-19,Kisumu Referral Hospital,Malaria,28
2023-05-20,Kisumu Referral Hospital,Malaria,21
2023-05-21,Kisumu Referral Hospital,Malaria,25
2023-05-22,Kisumu Referral Hospital,Malaria,19
2023-05-23,Kisumu Referral Hospital,Malaria,18
2023-05-24,Kisumu Referral Hospital,Malaria,21
2023-05-25,Kisumu Referral Hospital,Malaria,25
2023-05-26,Kisumu Referral Hospital,Malaria,15
2023-05-27,Kisumu Referral Hospital,Malaria,20
2023-05-28,Kisumu Referral Hospital,Malaria,16
2023-05-29,Kisumu Referral Hospital,Malaria,24
2023-05-30,Kisumu Referral Hospital,Malaria,30
2023-05-31,Kisumu Referral Hospital,Malaria,29
2023-06-01,Kisumu Referral Hospital,Malaria,17
2023-06-02,Kisumu Referral Hospital,Malaria,23
2023-06-03,Kisumu Referral Hospital,Malaria,18
2023-06-04,Kisumu Referral Hospital,Malaria,16
2023-06-05,Kisumu Referral Hospital,Malaria,19
2023-06-06,Kisumu Referral Hospital,Malaria,21
2023-06-07,Kisumu Referral Hospital,Malaria,20
2023-06-08,Kisumu Referral Hospital,Malaria,19
2023-06-09,Kisumu Referral Hospital,Malaria,26
2023-06-10,Kisumu Referral Hospital,Malaria,23
2023-06-11,Kisumu Referral Hospital,Malaria,12
2023-06-12,Kisumu Referral Hospital,Malaria,24
2023-06-13,Kisumu Referral Hospital,Malaria,25
2023-06-14,Kisumu Referral Hospital,Malaria,19
2023-06-15,Kisumu Referral Hospital,Malaria,26
2023-06-16,Kisumu Referral Hospital,Malaria,15
2023-06-17,Kisumu Referral Hospital,Malaria,18
2023-06-18,Kisumu Referral Hospital,Malaria,15
2023-06-19,Kisumu Referral Hospital,Malaria,19
2023-06-20,Kisumu Referral Hospital,Malaria,12
2023-06-21,Kisumu Referral Hospital,Malaria,10
2023-06-22,Kisumu Referral Hospital,Malaria,22
2023-06-23,Kisumu Referral Hospital,Malaria,17
2023-06-24,Kisumu Referral Hospital,Malaria,25
2023-06-25,Kisumu Referral Hospital,Malaria,15
2023-06-26,Kisumu Referral Hospital,Malaria,15
2023-06-27,Kisumu Referral Hospital,Malaria,26
2023-06-28,Kisumu Referral Hospital,Malaria,20
2023-06-29,Kisumu Referral Hospital,Malaria,15
2023-06-30,Kisumu Referral Hospital,Malaria,19
2023-07-01,Kisumu Referral Hospital,Malaria,21
2023-07-02,Kisumu Referral Hospital,Malaria,20
2023-07-03,Kisumu Referral Hospital,Malaria,18
2023-07-04,Kisumu Referral Hospital,Malaria,25
2023-07-05,Kisumu Referral Hospital,Malaria,23
2023-07-06,Kisumu Referral Hospital,Malaria,23
2023-07-07,Kisumu Referral Hospital,Malaria,18
2023-07-08,Kisumu Referral Hospital,Malaria,16
2023-07-09,Kisumu Referral Hospital,Malaria,13
2023-07-10,Kisumu Referral Hospital,Malaria,16
2023-07-11,Kisumu Referral Hospital,Malaria,14
2023-07-12,Kisumu Referral Hospital,Malaria,20
2023-07-13,Kisumu Referral Hospital,Malaria,34
2023-07-14,Kisumu Referral Hospital,Malaria,14
2023-07-15,Kisumu Referral Hospital,Malaria,17
2023-07-16,Kisumu Referral Hospital,Malaria,18
2023-07-17,Kisumu Referral Hospital,Malaria,23
2023-07-18,Kisumu Referral Hospital,Malaria,16
2023-07-19,Kisumu Referral Hospital,Malaria,18
2023-07-20,Kisumu Referral Hospital,Malaria,13
2023-07-21,Kisumu Referral Hospital,Malaria,21
2023-07-22,Kisumu Referral Hospital,Malaria,10
2023-07-23,Kisumu Referral Hospital,Malaria,21
2023-07-24,Kisumu Referral Hospital,Malaria,18
2023-07-25,Kisumu Referral Hospital,Malaria,11
2023-07-26,Kisumu Referral Hospital,Malaria,14
2023-07-27,Kisumu Referral Hospital,Malaria,16
2023-07-28,Kisumu Referral Hospital,Malaria,13
2023-07-29,Kisumu Referral Hospital,Malaria,14
2023-07-30,Kisumu Referral Hospital,Malaria,17
2023-07-31,Kisumu Referral Hospital,Malaria,24
2023-08-01,Kisumu Referral Hospital,Malaria,18
2023-08-02,Kisumu Referral Hospital,Malaria,17
2023-08-03,Kisumu Referral Hospital,Malaria,20
2023-08-04,Kisumu Referral Hospital,Malaria,13
2023-08-05,Kisumu Referral Hospital,Malaria,20
2023-08-06,Kisumu Referral Hospital,Malaria,11
2023-08-07,Kisumu Referral Hospital,Malaria,21
2023-08-08,Kisumu Referral Hospital,Malaria,10
2023-08-09,Kisumu Referral Hospital,Malaria,16
2023-08-10,Kisumu Referral Hospital,Malaria,16
2023-08-11,Kisumu Referral Hospital,Malaria,15
2023-08-12,Kisumu Referral Hospital,Malaria,12
2023-08-13,Kisumu Referral Hospital,Malaria,16
2023-08-14,Kisumu Referral Hospital,Malaria,17
2023-08-15,Kisumu Referral Hospital,Malaria,18
2023-08-16,Kisumu Referral Hospital,Malaria,17
2023-08-17,Kisumu Referral Hospital,Malaria,10
2023-08-18,Kisumu Referral Hospital,Malaria,12
2023-08-19,Kisumu Referral Hospital,Malaria,10
2023-08-20,Kisumu Referral Hospital,Malaria,13
2023-08-21,Kisumu Referral Hospital,Malaria,18
2023-08-22,Kisumu Referral Hospital,Malaria,13
2023-08-23,Kisumu Referral Hospital,Malaria,11
2023-08-24,Kisumu Referral Hospital,Malaria,11
2023-08-25,Kisumu Referral Hospital,Malaria,17
2023-08-26,Kisumu Referral Hospital,Malaria,12
2023-08-27,Kisumu Referral Hospital,Malaria,14
2023-08-28,Kisumu Referral Hospital,Malaria,18
2023-08-29,Kisumu Referral Hospital,Malaria,17
2023-08-30,Kisumu Referral Hospital,Malaria,13
2023-08-31,Kisumu Referral Hospital,Malaria,12
2023-09-01,Kisumu Referral Hospital,Malaria,10
2023-09-02,Kisumu Referral Hospital,Malaria,11
2023-09-03,Kisumu Referral Hospital,Malaria,6
2023-09-04,Kisumu Referral Hospital,Malaria,10
2023-09-05,Kisumu Referral Hospital,Malaria,10
2023-09-06,Kisumu Referral Hospital,Malaria,10
2023-09-07,Kisumu Referral Hospital,Malaria,10
2023-09-08,Kisumu Referral Hospital,Malaria,15
2023-09-09,Kisumu Referral Hospital,Malaria,13
2023-09-10,Kisumu Referral Hospital,Malaria,8
2023-09-11,Kisumu Referral Hospital,Malaria,13
2023-09-12,Kisumu Referral Hospital,Malaria,13
2023-09-13,Kisumu Referral Hospital,Malaria,12
2023-09-14,Kisumu Referral Hospital,Malaria,12
2023-09-15,Kisumu Referral Hospital,Malaria,13
2023-09-16,Kisumu Referral Hospital,Malaria,5
2023-09-17,Kisumu Referral Hospital,Malaria,13
2023-09-18,Kisumu Referral Hospital,Malaria,14
2023-09-19,Kisumu Referral Hospital,Malaria,11
2023-09-20,Kisumu Referral Hospital,Malaria,13
2023-09-21,Kisumu Referral Hospital,Malaria,5
2023-09-22,Kisumu Referral Hospital,Malaria,8
2023-09-23,Kisumu Referral Hospital,Malaria,18
2023-09-24,Kisumu Referral Hospital,Malaria,15
2023-09-25,Kisumu Referral Hospital,Malaria,7
2023-09-26,Kisumu Referral Hospital,Malaria,13
2023-09-27,Kisumu Referral Hospital,Malaria,8
2023-09-28,Kisumu Referral Hospital,Malaria,13
2023-09-29,Kisumu Referral Hospital,Malaria,10
2023-09-30,Kisumu Referral Hospital,Malaria,11
2023-10-01,Kisumu Referral Hospital,Malaria,14
2023-10-02,Kisumu Referral Hospital,Malaria,10
2023-10-03,Kisumu Referral Hospital,Malaria,12
2023-10-04,Kisumu Referral Hospital,Malaria,11
2023-10-05,Kisumu Referral Hospital,Malaria,3
2023-10-06,Kisumu Referral Hospital,Malaria,11
2023-10-07,Kisumu Referral Hospital,Malaria,9
2023-10-08,Kisumu Referral Hospital,Malaria,9
2023-10-09,Kisumu Referral Hospital,Malaria,9
2023-10-10,Kisumu Referral Hospital,Malaria,11
2023-10-11,Kisumu Referral Hospital,Malaria,7
2023-10-12,Kisumu Referral Hospital,Malaria,6
2023-10-13,Kisumu Referral Hospital,Malaria,5
2023-10-14,Kisumu Referral Hospital,Malaria,10
2023-10-15,Kisumu Referral Hospital,Malaria,6
2023-10-16,Kisumu Referral Hospital,Malaria,14
2023-10-17,Kisumu Referral Hospital,Malaria,11
2023-10-18,Kisumu Referral Hospital,Malaria,6
2023-10-19,Kisumu Referral Hospital,Malaria,8
2023-10-20,Kisumu Referral Hospital,Malaria,5
2023-10-21,Kisumu Referral Hospital,Malaria,7
2023-10-22,Kisumu Referral Hospital,Malaria,8
2023-10-23,Kisumu Referral Hospital,Malaria,9
2023-10-24,Kisumu Referral Hospital,Malaria,11
2023-10-25,Kisumu Referral Hospital,Malaria,13
2023-10-26,Kisumu Referral Hospital,Malaria,4
2023-10-27,Kisumu Referral Hospital,Malaria,4
2023-10-28,Kisumu Referral Hospital,Malaria,4
2023-10-29,Kisumu Referral Hospital,Malaria,7
2023-10-30,Kisumu Referral Hospital,Malaria,10
2023-10-31,Kisumu Referral Hospital,Malaria,17
2023-11-01,Kisumu Referral Hospital,Malaria,13
2023-11-02,Kisumu Referral Hospital,Malaria,9
2023-11-03,Kisumu Referral Hospital,Malaria,4
2023-11-04,Kisumu Referral Hospital,Malaria,11
2023-11-05,Kisumu Referral Hospital,Malaria,10
2023-11-06,Kisumu Referral Hospital,Malaria,10
2023-11-07,Kisumu Referral Hospital,Malaria,6
2023-11-08,Kisumu Referral Hospital,Malaria,10
2023-11-09,Kisumu Referral Hospital,Malaria,9
2023-11-10,Kisumu Referral Hospital,Malaria,6
2023-11-11,Kisumu Referral Hospital,Malaria,7
2023-11-12,Kisumu Referral Hospital,Malaria,7
2023-11-13,Kisumu Referral Hospital,Malaria,2
2023-11-14,Kisumu Referral Hospital,Malaria,7
2023-11-15,Kisumu Referral Hospital,Malaria,7
2023-11-16,Kisumu Referral Hospital,Malaria,8
2023-11-17,Kisumu Referral Hospital,Malaria,11
2023-11-18,Kisumu Referral Hospital,Malaria,5
2023-11-19,Kisumu Referral Hospital,Malaria,2
2023-11-20,Kisumu Referral Hospital,Malaria,9
2023-11-21,Kisumu Referral Hospital,Malaria,10
2023-11-22,Kisumu Referral Hospital,Malaria,13
2023-11-23,Kisumu Referral Hospital,Malaria,6
2023-11-24,Kisumu Referral Hospital,Malaria,8
2023-11-25,Kisumu Referral Hospital,Malaria,5
2023-11-26,Kisumu Referral Hospital,Malaria,6
2023-11-27,Kisumu Referral Hospital,Malaria,5
2023-11-28,Kisumu Referral Hospital,Malaria,9
2023-11-29,Kisumu Referral Hospital,Malaria,8
2023-11-30,Kisumu Referral Hospital,Malaria,9
2023-12-01,Kisumu Referral Hospital,Malaria,7
2023-12-02,Kisumu Referral Hospital,Malaria,5
2023-12-03,Kisumu Referral Hospital,Malaria,4
2023-12-04,Kisumu Referral Hospital,Malaria,6
2023-12-05,Kisumu Referral Hospital,Malaria,6
2023-12-06,Kisumu Referral Hospital,Malaria,7
2023-12-07,Kisumu Referral Hospital,Malaria,5
2023-12-08,Kisumu Referral Hospital,Malaria,3
2023-12-09,Kisumu Referral Hospital,Malaria,4
2023-12-10,Kisumu Referral Hospital,Malaria,10
2023-12-11,Kisumu Referral Hospital,Malaria,11
2023-12-12,Kisumu Referral Hospital,Malaria,11
2023-12-13,Kisumu Referral Hospital,Malaria,8
2023-12-14,Kisumu Referral Hospital,Malaria,4
2023-12-15,Kisumu Referral Hospital,Malaria,5
2023-12-16,Kisumu Referral Hospital,Malaria,6
2023-12-17,Kisumu Referral Hospital,Malaria,8
2023-12-18,Kisumu Referral Hospital,Malaria,6
2023-12-19,Kisumu Referral Hospital,Malaria,6
2023-12-20,Kisumu Referral Hospital,Malaria,4
2023-12-21,Kisumu Referral Hospital,Malaria,13
2023-12-22,Kisumu Referral Hospital,Malaria,11
2023-12-23,Kisumu Referral Hospital,Malaria,10
2023-12-24,Kisumu Referral Hospital,Malaria,5
2023-12-25,Kisumu Referral Hospital,Malaria,5
2023-12-26,Kisumu Referral Hospital,Malaria,5
2023-12-27,Kisumu Referral Hospital,Malaria,9
2023-12-28,Kisumu Referral Hospital,Malaria,9
2023-12-29,Kisumu Referral Hospital,Malaria,5
2023-12-30,Kisumu Referral Hospital,Malaria,8
2023-12-31,Kisumu Referral Hospital,Malaria,6
2024-01-01,Kisumu Referral Hospital,Malaria,8
2024-01-02,Kisumu Referral Hospital,Malaria,5
2024-01-03,Kisumu Referral Hospital,Malaria,9
2024-01-04,Kisumu Referral Hospital,Malaria,13
2024-01-05,Kisumu Referral Hospital,Malaria,5
2024-01-06,Kisumu Referral Hospital,Malaria,9
2024-01-07,Kisumu Referral Hospital,Malaria,9
2024-01-08,Kisumu Referral Hospital,Malaria,14
2024-01-09,Kisumu Referral Hospital,Malaria,8
2024-01-10,Kisumu Referral Hospital,Malaria,9
2024-01-11,Kisumu Referral Hospital,Malaria,6
2024-01-12,Kisumu Referral Hospital,Malaria,14
2024-01-13,Kisumu Referral Hospital,Malaria,8
2024-01-14,Kisumu Referral Hospital,Malaria,6
2024-01-15,Kisumu Referral Hospital,Malaria,9
2024-01-16,Kisumu Referral Hospital,Malaria,7
2024-01-17,Kisumu Referral Hospital,Malaria,9
2024-01-18,Kisumu Referral Hospital,Malaria,12
2024-01-19,Kisumu Referral Hospital,Malaria,9
2024-01-20,Kisumu Referral Hospital,Malaria,7
2024-01-21,Kisumu Referral Hospital,Malaria,6
2024-01-22,Kisumu Referral Hospital,Malaria,15
2024-01-23,Kisumu Referral Hospital,Malaria,11
2024-01-24,Kisumu Referral Hospital,Malaria,10
2024-01-25,Kisumu Referral Hospital,Malaria,10
2024-01-26,Kisumu Referral Hospital,Malaria,12
2024-01-27,Kisumu Referral Hospital,Malaria,11
2024-01-28,Kisumu Referral Hospital,Malaria,14
2024-01-29,Kisumu Referral Hospital,Malaria,9
2024-01-30,Kisumu Referral Hospital,Malaria,14
2024-01-31,Kisumu Referral Hospital,Malaria,11
2024-02-01,Kisumu Referral Hospital,Malaria,12
2024-02-02,Kisumu Referral Hospital,Malaria,7
2024-02-03,Kisumu Referral Hospital,Malaria,11
2024-02-04,Kisumu Referral Hospital,Malaria,13
2024-02-05,Kisumu Referral Hospital,Malaria,14
2024-02-06,Kisumu Referral Hospital,Malaria,9
2024-02-07,Kisumu Referral Hospital,Malaria,13
2024-02-08,Kisumu Referral Hospital,Malaria,10
2024-02-09,Kisumu Referral Hospital,Malaria,9
2024-02-10,Kisumu Referral Hospital,Malaria,8
2024-02-11,Kisumu Referral Hospital,Malaria,8
2024-02-12,Kisumu Referral Hospital,Malaria,9
2024-02-13,Kisumu Referral Hospital,Malaria,14
2024-02-14,Kisumu Referral Hospital,Malaria,11
2024-02-15,Kisumu Referral Hospital,Malaria,16
2024-02-16,Kisumu Referral Hospital,Malaria,7
2024-02-17,Kisumu Referral Hospital,Malaria,7
2024-02-18,Kisumu Referral Hospital,Malaria,14
2024-02-19,Kisumu Referral Hospital,Malaria,17
2024-02-20,Kisumu Referral Hospital,Malaria,9
2024-02-21,Kisumu Referral Hospital,Malaria,12
2024-02-22,Kisumu Referral Hospital,Malaria,17
2024-02-23,Kisumu Referral Hospital,Malaria,18
2024-02-24,Kisumu Referral Hospital,Malaria,10
2024-02-25,Kisumu Referral Hospital,Malaria,15
2024-02-26,Kisumu Referral Hospital,Malaria,12
2024-02-27,Kisumu Referral Hospital,Malaria,18
2024-02-28,Kisumu Referral Hospital,Malaria,16
2024-02-29,Kisumu Referral Hospital,Malaria,18
2024-03-01,Kisumu Referral Hospital,Malaria,18
2024-03-02,Kisumu Referral Hospital,Malaria,13
2024-03-03,Kisumu Referral Hospital,Malaria,7
2024-03-04,Kisumu Referral Hospital,Malaria,11
2024-03-05,Kisumu Referral Hospital,Malaria,16
2024-03-06,Kisumu Referral Hospital,Malaria,13
2024-03-07,Kisumu Referral Hospital,Malaria,15
2024-03-08,Kisumu Referral Hospital,Malaria,19
2024-03-09,Kisumu Referral Hospital,Malaria,14
2024-03-10,Kisumu Referral Hospital,Malaria,14
2024-03-11,Kisumu Referral Hospital,Malaria,15
2024-03-12,Kisumu Referral Hospital,Malaria,12
2024-03-13,Kisumu Referral Hospital,Malaria,25
2024-03-14,Kisumu Referral Hospital,Malaria,17
2024-03-15,Kisumu Referral Hospital,Malaria,28
2024-03-16,Kisumu Referral Hospital,Malaria,17
2024-03-17,Kisumu Referral Hospital,Malaria,12
2024-03-18,Kisumu Referral Hospital,Malaria,17
2024-03-19,Kisumu Referral Hospital,Malaria,22
2024-03-20,Kisumu Referral Hospital,Malaria,19
2024-03-21,Kisumu Referral Hospital,Malaria,11
2024-03-22,Kisumu Referral Hospital,Malaria,17
2024-03-23,Kisumu Referral Hospital,Malaria,20
2024-03-24,Kisumu Referral Hospital,Malaria,20
2024-03-25,Kisumu Referral Hospital,Malaria,24
2024-03-26,Kisumu Referral Hospital,Malaria,20
2024-03-27,Kisumu Referral Hospital,Malaria,19
2024-03-28,Kisumu Referral Hospital,Malaria,18
2024-03-29,Kisumu Referral Hospital,Malaria,17
2024-03-30,Kisumu Referral Hospital,Malaria,15
2024-03-31,Kisumu Referral Hospital,Malaria,15
2024-04-01,Kisumu Referral Hospital,Malaria,15
2024-04-02,Kisumu Referral Hospital,Malaria,24
2024-04-03,Kisumu Referral Hospital,Malaria,20
2024-04-04,Kisumu Referral Hospital,Malaria,22
2024-04-05,Kisumu Referral Hospital,Malaria,21
2024-04-06,Kisumu Referral Hospital,Malaria,15
2024-04-07,Kisumu Referral Hospital,Malaria,15
2024-04-08,Kisumu Referral Hospital,Malaria,23
2024-04-09,Kisumu Referral Hospital,Malaria,14
2024-04-10,Kisumu Referral Hospital,Malaria,21
2024-04-11,Kisumu Referral Hospital,Malaria,23
2024-04-12,Kisumu Referral Hospital,Malaria,25
2024-04-13,Kisumu Referral Hospital,Malaria,18
2024-04-14,Kisumu Referral Hospital,Malaria,22
2024-04-15,Kisumu Referral Hospital,Malaria,17
2024-04-16,Kisumu Referral Hospital,Malaria,15
2024-04-17,Kisumu Referral Hospital,Malaria,28
2024-04-18,Kisumu Referral Hospital,Malaria,22
2024-04-19,Kisumu Referral Hospital,Malaria,22
2024-04-20,Kisumu Referral Hospital,Malaria,19
2024-04-21,Kisumu Referral Hospital,Malaria,14
2024-04-22,Kisumu Referral Hospital,Malaria,16
2024-04-23,Kisumu Referral Hospital,Malaria,33
2024-04-24,Kisumu Referral Hospital,Malaria,17
2024-04-25,Kisumu Referral Hospital,Malaria,20
2024-04-26,Kisumu Referral Hospital,Malaria,23
2024-04-27,Kisumu Referral Hospital,Malaria,21
2024-04-28,Kisumu Referral Hospital,Malaria,13
2024-04-29,Kisumu Referral Hospital,Malaria,22
2024-04-30,Kisumu Referral Hospital,Malaria,22
2024-05-01,Kisumu Referral Hospital,Malaria,20
2024-05-02,Kisumu Referral Hospital,Malaria,20
2024-05-03,Kisumu Referral Hospital,Malaria,27
2024-05-04,Kisumu Referral Hospital,Malaria,15
2024-05-05,Kisumu Referral Hospital,Malaria,18
2024-05-06,Kisumu Referral Hospital,Malaria,17
2024-05-07,Kisumu Referral Hospital,Malaria,13
2024-05-08,Kisumu Referral Hospital,Malaria,27
2024-05-09,Kisumu Referral Hospital,Malaria,24
2024-05-10,Kisumu Referral Hospital,Malaria,19
2024-05-11,Kisumu Referral Hospital,Malaria,21
2024-05-12,Kisumu Referral Hospital,Malaria,23
2024-05-13,Kisumu Referral Hospital,Malaria,15
2024-05-14,Kisumu Referral Hospital,Malaria,25
2024-05-15,Kisumu Referral Hospital,Malaria,24
2024-05-16,Kisumu Referral Hospital,Malaria,20
2024-05-17,Kisumu Referral Hospital,Malaria,23
2024-05-18,Kisumu Referral Hospital,Malaria,13
2024-05-19,Kisumu Referral Hospital,Malaria,19
2024-05-20,Kisumu Referral Hospital,Malaria,19
2024-05-21,Kisumu Referral Hospital,Malaria,24
2024-05-22,Kisumu Referral Hospital,Malaria,21
2024-05-23,Kisumu Referral Hospital,Malaria,15
2024-05-24,Kisumu Referral Hospital,Malaria,34
2024-05-25,Kisumu Referral Hospital,Malaria,19
2024-05-26,Kisumu Referral Hospital,Malaria,16
2024-05-27,Kisumu Referral Hospital,Malaria,23
2024-05-28,Kisumu Referral Hospital,Malaria,21
2024-05-29,Kisumu Referral Hospital,Malaria,20
2024-05-30,Kisumu Referral Hospital,Malaria,18
2024-05-31,Kisumu Referral Hospital,Malaria,22
2024-06-01,Kisumu Referral Hospital,Malaria,13
2024-06-02,Kisumu Referral Hospital,Malaria,6
2024-06-03,Kisumu Referral Hospital,Malaria,18
2024-06-04,Kisumu Referral Hospital,Malaria,21
2024-06-05,Kisumu Referral Hospital,Malaria,18
2024-06-06,Kisumu Referral Hospital,Malaria,25
2024-06-07,Kisumu Referral Hospital,Malaria,22
2024-06-08,Kisumu Referral Hospital,Malaria,20
2024-06-09,Kisumu Referral Hospital,Malaria,11
2024-06-10,Kisumu Referral Hospital,Malaria,23
2024-06-11,Kisumu Referral Hospital,Malaria,23
2024-06-12,Kisumu Referral Hospital,Malaria,27
2024-06-13,Kisumu Referral Hospital,Malaria,15
2024-06-14,Kisumu Referral Hospital,Malaria,16
2024-06-15,Kisumu Referral Hospital,Malaria,17
2024-06-16,Kisumu Referral Hospital,Malaria,19
2024-06-17,Kisumu Referral Hospital,Malaria,18
2024-06-18,Kisumu Referral Hospital,Malaria,20
2024-06-19,Kisumu Referral Hospital,Malaria,25
2024-06-20,Kisumu Referral Hospital,Malaria,17
2024-06-21,Kisumu Referral Hospital,Malaria,20
2024-06-22,Kisumu Referral Hospital,Malaria,14
2024-06-23,Kisumu Referral Hospital,Malaria,18
2024-06-24,Kisumu Referral Hospital,Malaria,26
2024-06-25,Kisumu Referral Hospital,Malaria,26
2024-06-26,Kisumu Referral Hospital,Malaria,16
2024-06-27,Kisumu Referral Hospital,Malaria,18
2024-06-28,Kisumu Referral Hospital,Malaria,17
2024-06-29,Kisumu Referral Hospital,Malaria,24
2024-06-30,Kisumu Referral Hospital,Malaria,24
2024-07-01,Kisumu Referral Hospital,Malaria,24
2024-07-02,Kisumu Referral Hospital,Malaria,17
2024-07-03,Kisumu Referral Hospital,Malaria,15
2024-07-04,Kisumu Referral Hospital,Malaria,15
2024-07-05,Kisumu Referral Hospital,Malaria,21
2024-07-06,Kisumu Referral Hospital,Malaria,20
2024-07-07,Kisumu Referral Hospital,Malaria,16
2024-07-08,Kisumu Referral Hospital,Malaria,29
2024-07-09,Kisumu Referral Hospital,Malaria,22
2024-07-10,Kisumu Referral Hospital,Malaria,28
2024-07-11,Kisumu Referral Hospital,Malaria,25
2024-07-12,Kisumu Referral Hospital,Malaria,17
2024-07-13,Kisumu Referral Hospital,Malaria,11
2024-07-14,Kisumu Referral Hospital,Malaria,17
2024-07-15,Kisumu Referral Hospital,Malaria,16
2024-07-16,Kisumu Referral Hospital,Malaria,28
2024-07-17,Kisumu Referral Hospital,Malaria,19
2024-07-18,Kisumu Referral Hospital,Malaria,33
2024-07-19,Kisumu Referral Hospital,Malaria,25
2024-07-20,Kisumu Referral Hospital,Malaria,14
2024-07-21,Kisumu Referral Hospital,Malaria,14
2024-07-22,Kisumu Referral Hospital,Malaria,20
2024-07-23,Kisumu Referral Hospital,Malaria,19
2024-07-24,Kisumu Referral Hospital,Malaria,17
2024-07-25,Kisumu Referral Hospital,Malaria,17
2024-07-26,Kisumu Referral Hospital,Malaria,18
2024-07-27,Kisumu Referral Hospital,Malaria,16
2024-07-28,Kisumu Referral Hospital,Malaria,15
2024-07-29,Kisumu Referral Hospital,Malaria,20
2024-07-30,Kisumu Referral Hospital,Malaria,21
2024-07-31,Kisumu Referral Hospital,Malaria,23
2024-08-01,Kisumu Referral Hospital,Malaria,20
2024-08-02,Kisumu Referral Hospital,Malaria,11
2024-08-03,Kisumu Referral Hospital,Malaria,14
2024-08-04,Kisumu Referral Hospital,Malaria,15
2024-08-05,Kisumu Referral Hospital,Malaria,13
2024-08-06,Kisumu Referral Hospital,Malaria,17
2024-08-07,Kisumu Referral Hospital,Malaria,18
2024-08-08,Kisumu Referral Hospital,Malaria,17
2024-08-09,Kisumu Referral Hospital,Malaria,21
2024-08-10,Kisumu Referral Hospital,Malaria,17
2024-08-11,Kisumu Referral Hospital,Malaria,9
2024-08-12,Kisumu Referral Hospital,Malaria,11
2024-08-13,Kisumu Referral Hospital,Malaria,14
2024-08-14,Kisumu Referral Hospital,Malaria,17
2024-08-15,Kisumu Referral Hospital,Malaria,15
2024-08-16,Kisumu Referral Hospital,Malaria,12
2024-08-17,Kisumu Referral Hospital,Malaria,12
2024-08-18,Kisumu Referral Hospital,Malaria,16
2024-08-19,Kisumu Referral Hospital,Malaria,9
2024-08-20,Kisumu Referral Hospital,Malaria,21
2024-08-21,Kisumu Referral Hospital,Malaria,16
2024-08-22,Kisumu Referral Hospital,Malaria,18
2024-08-23,Kisumu Referral Hospital,Malaria,17
2024-08-24,Kisumu Referral Hospital,Malaria,12
2024-08-25,Kisumu Referral Hospital,Malaria,9
2024-08-26,Kisumu Referral Hospital,Malaria,13
2024-08-27,Kisumu Referral Hospital,Malaria,18
2024-08-28,Kisumu Referral Hospital,Malaria,14
2024-08-29,Kisumu Referral Hospital,Malaria,11
2024-08-30,Kisumu Referral Hospital,Malaria,14
2024-08-31,Kisumu Referral Hospital,Malaria,12
2024-09-01,Kisumu Referral Hospital,Malaria,11
2024-09-02,Kisumu Referral Hospital,Malaria,20
2024-09-03,Kisumu Referral Hospital,Malaria,12
2024-09-04,Kisumu Referral Hospital,Malaria,21
2024-09-05,Kisumu Referral Hospital,Malaria,9
2024-09-06,Kisumu Referral Hospital,Malaria,15
2024-09-07,Kisumu Referral Hospital,Malaria,8
2024-09-08,Kisumu Referral Hospital,Malaria,14
2024-09-09,Kisumu Referral Hospital,Malaria,13
2024-09-10,Kisumu Referral Hospital,Malaria,13
2024-09-11,Kisumu Referral Hospital,Malaria,7
2024-09-12,Kisumu Referral Hospital,Malaria,17
2024-09-13,Kisumu Referral Hospital,Malaria,10
2024-09-14,Kisumu Referral Hospital,Malaria,12
2024-09-15,Kisumu Referral Hospital,Malaria,11
2024-09-16,Kisumu Referral Hospital,Malaria,17
2024-09-17,Kisumu Referral Hospital,Malaria,16
2024-09-18,Kisumu Referral Hospital,Malaria,8
2024-09-19,Kisumu Referral Hospital,Malaria,12
2024-09-20,Kisumu Referral Hospital,Malaria,7
2024-09-21,Kisumu Referral Hospital,Malaria,12
2024-09-22,Kisumu Referral Hospital,Malaria,12
2024-09-23,Kisumu Referral Hospital,Malaria,14
2024-09-24,Kisumu Referral Hospital,Malaria,10
2024-09-25,Kisumu Referral Hospital,Malaria,19
2024-09-26,Kisumu Referral Hospital,Malaria,13
2024-09-27,Kisumu Referral Hospital,Malaria,13
2024-09-28,Kisumu Referral Hospital,Malaria,7
2024-09-29,Kisumu Referral Hospital,Malaria,5
2024-09-30,Kisumu Referral Hospital,Malaria,11
2024-10-01,Kisumu Referral Hospital,Malaria,11
2024-10-02,Kisumu Referral Hospital,Malaria,13
2024-10-03,Kisumu Referral Hospital,Malaria,13
2024-10-04,Kisumu Referral Hospital,Malaria,10
2024-10-05,Kisumu Referral Hospital,Malaria,9
2024-10-06,Kisumu Referral Hospital,Malaria,6
2024-10-07,Kisumu Referral Hospital,Malaria,8
2024-10-08,Kisumu Referral Hospital,Malaria,11
2024-10-09,Kisumu Referral Hospital,Malaria,14
2024-10-10,Kisumu Referral Hospital,Malaria,11
2024-10-11,Kisumu Referral Hospital,Malaria,8
2024-10-12,Kisumu Referral Hospital,Malaria,10
2024-10-13,Kisumu Referral Hospital,Malaria,8
2024-10-14,Kisumu Referral Hospital,Malaria,7
2024-10-15,Kisumu Referral Hospital,Malaria,5
2024-10-16,Kisumu Referral Hospital,Malaria,14
2024-10-17,Kisumu Referral Hospital,Malaria,8
2024-10-18,Kisumu Referral Hospital,Malaria,7
2024-10-19,Kisumu Referral Hospital,Malaria,10
2024-10-20,Kisumu Referral Hospital,Malaria,6
2024-10-21,Kisumu Referral Hospital,Malaria,4
2024-10-22,Kisumu Referral Hospital,Malaria,9
2024-10-23,Kisumu Referral Hospital,Malaria,8
2024-10-24,Kisumu Referral Hospital,Malaria,12
2024-10-25,Kisumu Referral Hospital,Malaria,10
2024-10-26,Kisumu Referral Hospital,Malaria,6
2024-10-27,Kisumu Referral Hospital,Malaria,5
2024-10-28,Kisumu Referral Hospital,Malaria,5
2024-10-29,Kisumu Referral Hospital,Malaria,5
2024-10-30,Kisumu Referral Hospital,Malaria,9
2024-10-31,Kisumu Referral Hospital,Malaria,12
2024-11-01,Kisumu Referral Hospital,Malaria,3
2024-11-02,Kisumu Referral Hospital,Malaria,8
2024-11-03,Kisumu Referral Hospital,Malaria,7
2024-11-04,Kisumu Referral Hospital,Malaria,9
2024-11-05,Kisumu Referral Hospital,Malaria,7
2024-11-06,Kisumu Referral Hospital,Malaria,12
2024-11-07,Kisumu Referral Hospital,Malaria,12
2024-11-08,Kisumu Referral Hospital,Malaria,11
2024-11-09,Kisumu Referral Hospital,Malaria,9
2024-11-10,Kisumu Referral Hospital,Malaria,6
2024-11-11,Kisumu Referral Hospital,Malaria,11
2024-11-12,Kisumu Referral Hospital,Malaria,10
2024-11-13,Kisumu Referral Hospital,Malaria,9
2024-11-14,Kisumu Referral Hospital,Malaria,8
2024-11-15,Kisumu Referral Hospital,Malaria,5
2024-11-16,Kisumu Referral Hospital,Malaria,10
2024-11-17,Kisumu Referral Hospital,Malaria,6
2024-11-18,Kisumu Referral Hospital,Malaria,8
2024-11-19,Kisumu Referral Hospital,Malaria,7
2024-11-20,Kisumu Referral Hospital,Malaria,3
2024-11-21,Kisumu Referral Hospital,Malaria,13
2024-11-22,Kisumu Referral Hospital,Malaria,6
2024-11-23,Kisumu Referral Hospital,Malaria,9
2024-11-24,Kisumu Referral Hospital,Malaria,3
2024-11-25,Kisumu Referral Hospital,Malaria,11
2024-11-26,Kisumu Referral Hospital,Malaria,13
2024-11-27,Kisumu Referral Hospital,Malaria,10
2024-11-28,Kisumu Referral Hospital,Malaria,11
2024-11-29,Kisumu Referral Hospital,Malaria,5
2024-11-30,Kisumu Referral Hospital,Malaria,5
2024-12-01,Kisumu Referral Hospital,Malaria,6
2024-12-02,Kisumu Referral Hospital,Malaria,4
2024-12-03,Kisumu Referral Hospital,Malaria,8
2024-12-04,Kisumu Referral Hospital,Malaria,7
2024-12-05,Kisumu Referral Hospital,Malaria,13
2024-12-06,Kisumu Referral Hospital,Malaria,5
2024-12-07,Kisumu Referral Hospital,Malaria,14
2024-12-08,Kisumu Referral Hospital,Malaria,5
2024-12-09,Kisumu Referral Hospital,Malaria,6
2024-12-10,Kisumu Referral Hospital,Malaria,2
2024-12-11,Kisumu Referral Hospital,Malaria,5
2024-12-12,Kisumu Referral Hospital,Malaria,15
2024-12-13,Kisumu Referral Hospital,Malaria,6
2024-12-14,Kisumu Referral Hospital,Malaria,6
2024-12-15,Kisumu Referral Hospital,Malaria,4
2024-12-16,Kisumu Referral Hospital,Malaria,10
2024-12-17,Kisumu Referral Hospital,Malaria,10
2024-12-18,Kisumu Referral Hospital,Malaria,6
2024-12-19,Kisumu Referral Hospital,Malaria,7
2024-12-20,Kisumu Referral Hospital,Malaria,7
2024-12-21,Kisumu Referral Hospital,Malaria,9
2024-12-22,Kisumu Referral Hospital,Malaria,9
2024-12-23,Kisumu Referral Hospital,Malaria,7
2024-12-24,Kisumu Referral Hospital,Malaria,10
2024-12-25,Kisumu Referral Hospital,Malaria,6
2024-12-26,Kisumu Referral Hospital,Malaria,9
2024-12-27,Kisumu Referral Hospital,Malaria,10
2024-12-28,Kisumu Referral Hospital,Malaria,3
2024-12-29,Kisumu Referral Hospital,Malaria,9
2024-12-30,Kisumu Referral Hospital,Malaria,12
2024-12-31,Kisumu Referral Hospital,Malaria,7
2025-01-01,Kisumu Referral Hospital,Malaria,8
2025-01-02,Kisumu Referral Hospital,Malaria,13
2025-01-03,Kisumu Referral Hospital,Malaria,5
2025-01-04,Kisumu Referral Hospital,Malaria,7
2025-01-05,Kisumu Referral Hospital,Malaria,7
2025-01-06,Kisumu Referral Hospital,Malaria,7
2025-01-07,Kisumu Referral Hospital,Malaria,8
2025-01-08,Kisumu Referral Hospital,Malaria,4
2025-01-09,Kisumu Referral Hospital,Malaria,8
2025-01-10,Kisumu Referral Hospital,Malaria,5
2025-01-11,Kisumu Referral Hospital,Malaria,10
2025-01-12,Kisumu Referral Hospital,Malaria,4
2025-01-13,Kisumu Referral Hospital,Malaria,10
2025-01-14,Kisumu Referral Hospital,Malaria,13
2025-01-15,Kisumu Referral Hospital,Malaria,11
2025-01-16,Kisumu Referral Hospital,Malaria,7
2025-01-17,Kisumu Referral Hospital,Malaria,11
2025-01-18,Kisumu Referral Hospital,Malaria,7
2025-01-19,Kisumu Referral Hospital,Malaria,13
2025-01-20,Kisumu Referral Hospital,Malaria,8
2025-01-21,Kisumu Referral Hospital,Malaria,8
2025-01-22,Kisumu Referral Hospital,Malaria,14
2025-01-23,Kisumu Referral Hospital,Malaria,9
2025-01-24,Kisumu Referral Hospital,Malaria,6
2025-01-25,Kisumu Referral Hospital,Malaria,9
2025-01-26,Kisumu Referral Hospital,Malaria,7
2025-01-27,Kisumu Referral Hospital,Malaria,11
2025-01-28,Kisumu Referral Hospital,Malaria,15
2025-01-29,Kisumu Referral Hospital,Malaria,10
2025-01-30,Kisumu Referral Hospital,Malaria,13
2025-01-31,Kisumu Referral Hospital,Malaria,14
2025-02-01,Kisumu Referral Hospital,Malaria,12
2025-02-02,Kisumu Referral Hospital,Malaria,11
2025-02-03,Kisumu Referral Hospital,Malaria,11
2025-02-04,Kisumu Referral Hospital,Malaria,12
2025-02-05,Kisumu Referral Hospital,Malaria,10
2025-02-06,Kisumu Referral Hospital,Malaria,12
2025-02-07,Kisumu Referral Hospital,Malaria,13
2025-02-08,Kisumu Referral Hospital,Malaria,10
2025-02-09,Kisumu Referral Hospital,Malaria,13
2025-02-10,Kisumu Referral Hospital,Malaria,13
2025-02-11,Kisumu Referral Hospital,Malaria,9
2025-02-12,Kisumu Referral Hospital,Malaria,8
2025-02-13,Kisumu Referral Hospital,Malaria,8
2025-02-14,Kisumu Referral Hospital,Malaria,13
2025-02-15,Kisumu Referral Hospital,Malaria,10
2025-02-16,Kisumu Referral Hospital,Malaria,7
2025-02-17,Kisumu Referral Hospital,Malaria,16
2025-02-18,Kisumu Referral Hospital,Malaria,16
2025-02-19,Kisumu Referral Hospital,Malaria,13
2025-02-20,Kisumu Referral Hospital,Malaria,18
2025-02-21,Kisumu Referral Hospital,Malaria,9
2025-02-22,Kisumu Referral Hospital,Malaria,10
2025-02-23,Kisumu Referral Hospital,Malaria,9
2025-02-24,Kisumu Referral Hospital,Malaria,17
2025-02-25,Kisumu Referral Hospital,Malaria,17
2025-02-26,Kisumu Referral Hospital,Malaria,14
2025-02-27,Kisumu Referral Hospital,Malaria,18
2025-02-28,Kisumu Referral Hospital,Malaria,26
2025-03-01,Kisumu Referral Hospital,Malaria,11
2025-03-02,Kisumu Referral Hospital,Malaria,14
2025-03-03,Kisumu Referral Hospital,Malaria,18
2025-03-04,Kisumu Referral Hospital,Malaria,16
2025-03-05,Kisumu Referral Hospital,Malaria,17
2025-03-06,Kisumu Referral Hospital,Malaria,19
2025-03-07,Kisumu Referral Hospital,Malaria,16
2025-03-08,Kisumu Referral Hospital,Malaria,9
2025-03-09,Kisumu Referral Hospital,Malaria,15
2025-03-10,Kisumu Referral Hospital,Malaria,26
2025-03-11,Kisumu Referral Hospital,Malaria,19
2025-03-12,Kisumu Referral Hospital,Malaria,15
2025-03-13,Kisumu Referral Hospital,Malaria,15
2025-03-14,Kisumu Referral Hospital,Malaria,23
2025-03-15,Kisumu Referral Hospital,Malaria,8
2025-03-16,Kisumu Referral Hospital,Malaria,23
2025-03-17,Kisumu Referral Hospital,Malaria,18
2025-03-18,Kisumu Referral Hospital,Malaria,16
2025-03-19,Kisumu Referral Hospital,Malaria,26
2025-03-20,Kisumu Referral Hospital,Malaria,17
2025-03-21,Kisumu Referral Hospital,Malaria,16
2025-03-22,Kisumu Referral Hospital,Malaria,22
2025-03-23,Kisumu Referral Hospital,Malaria,10
2025-03-24,Kisumu Referral Hospital,Malaria,26
2025-03-25,Kisumu Referral Hospital,Malaria,19
2025-03-26,Kisumu Referral Hospital,Malaria,18
2025-03-27,Kisumu Referral Hospital,Malaria,31
2025-03-28,Kisumu Referral Hospital,Malaria,19
2025-03-29,Kisumu Referral Hospital,Malaria,13
2025-03-30,Kisumu Referral Hospital,Malaria,18
2025-03-31,Kisumu Referral Hospital,Malaria,16
2025-04-01,Kisumu Referral Hospital,Malaria,15
2025-04-02,Kisumu Referral Hospital,Malaria,20
2025-04-03,Kisumu Referral Hospital,Malaria,19
2025-04-04,Kisumu Referral Hospital,Malaria,22
2025-04-05,Kisumu Referral Hospital,Malaria,22
2025-04-06,Kisumu Referral Hospital,Malaria,11
2025-04-07,Kisumu Referral Hospital,Malaria,15
2025-04-08,Kisumu Referral Hospital,Malaria,16
2025-04-09,Kisumu Referral Hospital,Malaria,22
2025-04-10,Kisumu Referral Hospital,Malaria,31
2025-04-11,Kisumu Referral Hospital,Malaria,20
2025-04-12,Kisumu Referral Hospital,Malaria,21
2025-04-13,Kisumu Referral Hospital,Malaria,27
2025-04-14,Kisumu Referral Hospital,Malaria,21
2025-04-15,Kisumu Referral Hospital,Malaria,18
2025-04-16,Kisumu Referral Hospital,Malaria,14
2025-04-17,Kisumu Referral Hospital,Malaria,18
2025-04-18,Kisumu Referral Hospital,Malaria,20
2025-04-19,Kisumu Referral Hospital,Malaria,13
2025-04-20,Kisumu Referral Hospital,Malaria,26
2025-04-21,Kisumu Referral Hospital,Malaria,21
2025-04-22,Kisumu Referral Hospital,Malaria,12
2025-04-23,Kisumu Referral Hospital,Malaria,15
2025-04-24,Kisumu Referral Hospital,Malaria,24
2025-04-25,Kisumu Referral Hospital,Malaria,20
2025-04-26,Kisumu Referral Hospital,Malaria,15
2025-04-27,Kisumu Referral Hospital,Malaria,17
2025-04-28,Kisumu Referral Hospital,Malaria,25
2025-04-29,Kisumu Referral Hospital,Malaria,28
2025-04-30,Kisumu Referral Hospital,Malaria,19
2025-05-01,Kisumu Referral Hospital,Malaria,26
2025-05-02,Kisumu Referral Hospital,Malaria,20
2025-05-03,Kisumu Referral Hospital,Malaria,13
2025-05-04,Kisumu Referral Hospital,Malaria,20
2025-05-05,Kisumu Referral Hospital,Malaria,21
2025-05-06,Kisumu Referral Hospital,Malaria,18
2025-05-07,Kisumu Referral Hospital,Malaria,17
2025-05-08,Kisumu Referral Hospital,Malaria,18
2025-05-09,Kisumu Referral Hospital,Malaria,21
2025-05-10,Kisumu Referral Hospital,Malaria,22
2025-05-11,Kisumu Referral Hospital,Malaria,19
2025-05-12,Kisumu Referral Hospital,Malaria,29
2025-05-13,Kisumu Referral Hospital,Malaria,25
2025-05-14,Kisumu Referral Hospital,Malaria,21
2025-05-15,Kisumu Referral Hospital,Malaria,17
2025-05-16,Kisumu Referral Hospital,Malaria,18
2025-05-17,Kisumu Referral Hospital,Malaria,26
2025-05-18,Kisumu Referral Hospital,Malaria,18
2025-05-19,Kisumu Referral Hospital,Malaria,18
2025-05-20,Kisumu Referral Hospital,Malaria,18
2025-05-21,Kisumu Referral Hospital,Malaria,18
2025-05-22,Kisumu Referral Hospital,Malaria,17
2025-05-23,Kisumu Referral Hospital,Malaria,19
2025-05-24,Kisumu Referral Hospital,Malaria,18
2025-05-25,Kisumu Referral Hospital,Malaria,22
2025-05-26,Kisumu Referral Hospital,Malaria,25
2025-05-27,Kisumu Referral Hospital,Malaria,25
2025-05-28,Kisumu Referral Hospital,Malaria,12
2025-05-29,Kisumu Referral Hospital,Malaria,26
2025-05-30,Kisumu Referral Hospital,Malaria,23
2025-05-31,Kisumu Referral Hospital,Malaria,12
2025-06-01,Kisumu Referral Hospital,Malaria,18
2025-06-02,Kisumu Referral Hospital,Malaria,26
2025-06-03,Kisumu Referral Hospital,Malaria,14
2025-06-04,Kisumu Referral Hospital,Malaria,28
2025-06-05,Kisumu Referral Hospital,Malaria,27
2025-06-06,Kisumu Referral Hospital,Malaria,23
2025-06-07,Kisumu Referral Hospital,Malaria,20
2025-06-08,Kisumu Referral Hospital,Malaria,15
2025-06-09,Kisumu Referral Hospital,Malaria,23
2025-06-10,Kisumu Referral Hospital,Malaria,16
2025-06-11,Kisumu Referral Hospital,Malaria,20
2025-06-12,Kisumu Referral Hospital,Malaria,18
2025-06-13,Kisumu Referral Hospital,Malaria,24
2025-06-14,Kisumu Referral Hospital,Malaria,30
2025-06-15,Kisumu Referral Hospital,Malaria,25
2025-06-16,Kisumu Referral Hospital,Malaria,16
2025-06-17,Kisumu Referral Hospital,Malaria,22
2025-06-18,Kisumu Referral Hospital,Malaria,24
2025-06-19,Kisumu Referral Hospital,Malaria,18
2025-06-20,Kisumu Referral Hospital,Malaria,22
2025-06-21,Kisumu Referral Hospital,Malaria,22
2025-06-22,Kisumu Referral Hospital,Malaria,17
2025-06-23,Kisumu Referral Hospital,Malaria,26
2025-06-24,Kisumu Referral Hospital,Malaria,18
2025-06-25,Kisumu Referral Hospital,Malaria,18
2025-06-26,Kisumu Referral Hospital,Malaria,18
2025-06-27,Kisumu Referral Hospital,Malaria,20
2025-06-28,Kisumu Referral Hospital,Malaria,18
2025-06-29,Kisumu Referral Hospital,Malaria,18
2025-06-30,Kisumu Referral Hospital,Malaria,21
2025-07-01,Kisumu Referral Hospital,Malaria,19
2025-07-02,Kisumu Referral Hospital,Malaria,23
2025-07-03,Kisumu Referral Hospital,Malaria,21
2025-07-04,Kisumu Referral Hospital,Malaria,24
2025-07-05,Kisumu Referral Hospital,Malaria,16
2025-07-06,Kisumu Referral Hospital,Malaria,14
2025-07-07,Kisumu Referral Hospital,Malaria,24
2025-07-08,Kisumu Referral Hospital,Malaria,21
2025-07-09,Kisumu Referral Hospital,Malaria,22
2025-07-10,Kisumu Referral Hospital,Malaria,25
2025-07-11,Kisumu Referral Hospital,Malaria,16
2025-07-12,Kisumu Referral Hospital,Malaria,12
2025-07-13,Kisumu Referral Hospital,Malaria,22
2025-07-14,Kisumu Referral Hospital,Malaria,25
2025-07-15,Kisumu Referral Hospital,Malaria,17
2025-07-16,Kisumu Referral Hospital,Malaria,22
2025-07-17,Kisumu Referral Hospital,Malaria,24
2025-07-18,Kisumu Referral Hospital,Malaria,19
2025-07-19,Kisumu Referral Hospital,Malaria,17
2025-07-20,Kisumu Referral Hospital,Malaria,21
2025-07-21,Kisumu Referral Hospital,Malaria,18
2025-07-22,Kisumu Referral Hospital,Malaria,26
2025-07-23,Kisumu Referral Hospital,Malaria,24
2025-07-24,Kisumu Referral Hospital,Malaria,15
2025-07-25,Kisumu Referral Hospital,Malaria,15
2025-07-26,Kisumu Referral Hospital,Malaria,18
2025-07-27,Kisumu Referral Hospital,Malaria,16
2025-07-28,Kisumu Referral Hospital,Malaria,22
2025-07-29,Kisumu Referral Hospital,Malaria,13
2025-07-30,Kisumu Referral Hospital,Malaria,16
2025-07-31,Kisumu Referral Hospital,Malaria,19
2025-08-01,Kisumu Referral Hospital,Malaria,15
2025-08-02,Kisumu Referral Hospital,Malaria,17
2025-08-03,Kisumu Referral Hospital,Malaria,12
2025-08-04,Kisumu Referral Hospital,Malaria,18
2025-08-05,Kisumu Referral Hospital,Malaria,14
2025-08-06,Kisumu Referral Hospital,Malaria,28
2025-08-07,Kisumu Referral Hospital,Malaria,16
2025-08-08,Kisumu Referral Hospital,Malaria,19
2025-08-09,Kisumu Referral Hospital,Malaria,15
2025-08-10,Kisumu Referral Hospital,Malaria,19
2025-08-11,Kisumu Referral Hospital,Malaria,24
2025-08-12,Kisumu Referral Hospital,Malaria,17
2025-08-13,Kisumu Referral Hospital,Malaria,14
2025-08-14,Kisumu Referral Hospital,Malaria,16
2025-08-15,Kisumu Referral Hospital,Malaria,24
2025-08-16,Kisumu Referral Hospital,Malaria,11
2025-08-17,Kisumu Referral Hospital,Malaria,21
2025-08-18,Kisumu Referral Hospital,Malaria,23
2025-08-19,Kisumu Referral Hospital,Malaria,16
2025-08-20,Kisumu Referral Hospital,Malaria,22
2025-08-21,Kisumu Referral Hospital,Malaria,10
2025-08-22,Kisumu Referral Hospital,Malaria,14
2025-08-23,Kisumu Referral Hospital,Malaria,14
2025-08-24,Kisumu Referral Hospital,Malaria,12
2025-08-25,Kisumu Referral Hospital,Malaria,15
2025-08-26,Kisumu Referral Hospital,Malaria,22
2025-08-27,Kisumu Referral Hospital,Malaria,19
2025-08-28,Kisumu Referral Hospital,Malaria,16
2025-08-29,Kisumu Referral Hospital,Malaria,16
2025-08-30,Kisumu Referral Hospital,Malaria,14
2025-08-31,Kisumu Referral Hospital,Malaria,16
2025-09-01,Kisumu Referral Hospital,Malaria,14
2025-09-02,Kisumu Referral Hospital,Malaria,16
2025-09-03,Kisumu Referral Hospital,Malaria,21
2025-09-04,Kisumu Referral Hospital,Malaria,13
2025-09-05,Kisumu Referral Hospital,Malaria,10
2025-09-06,Kisumu Referral Hospital,Malaria,6
2025-09-07,Kisumu Referral Hospital,Malaria,17
2025-09-08,Kisumu Referral Hospital,Malaria,17
2025-09-09,Kisumu Referral Hospital,Malaria,12
2025-09-10,Kisumu Referral Hospital,Malaria,15
2025-09-11,Kisumu Referral Hospital,Malaria,6
2025-09-12,Kisumu Referral Hospital,Malaria,19
2025-09-13,Kisumu Referral Hospital,Malaria,9
2025-09-14,Kisumu Referral Hospital,Malaria,10
2025-09-15,Kisumu Referral Hospital,Malaria,12
2025-09-16,Kisumu Referral Hospital,Malaria,8
2025-09-17,Kisumu Referral Hospital,Malaria,10
2025-09-18,Kisumu Referral Hospital,Malaria,11
2025-09-19,Kisumu Referral Hospital,Malaria,13
2025-09-20,Kisumu Referral Hospital,Malaria,5
2025-09-21,Kisumu Referral Hospital,Malaria,9
2025-09-22,Kisumu Referral Hospital,Malaria,18
2025-09-23,Kisumu Referral Hospital,Malaria,6
2025-09-24,Kisumu Referral Hospital,Malaria,13
2025-09-25,Kisumu Referral Hospital,Malaria,5
2025-09-26,Kisumu Referral Hospital,Malaria,13
2025-09-27,Kisumu Referral Hospital,Malaria,8
2025-09-28,Kisumu Referral Hospital,Malaria,7
2025-09-29,Kisumu Referral Hospital,Malaria,12
2025-09-30,Kisumu Referral Hospital,Malaria,13
2025-10-01,Kisumu Referral Hospital,Malaria,9
2025-10-02,Kisumu Referral Hospital,Malaria,6
2025-10-03,Kisumu Referral Hospital,Malaria,9
2025-10-04,Kisumu Referral Hospital,Malaria,8
2025-10-05,Kisumu Referral Hospital,Malaria,7
2025-10-06,Kisumu Referral Hospital,Malaria,12
2025-10-07,Kisumu Referral Hospital,Malaria,5
2025-10-08,Kisumu Referral Hospital,Malaria,5
2025-10-09,Kisumu Referral Hospital,Malaria,8
2025-10-10,Kisumu Referral Hospital,Malaria,8
2025-10-11,Kisumu Referral Hospital,Malaria,9
2025-10-12,Kisumu Referral Hospital,Malaria,17
2025-10-13,Kisumu Referral Hospital,Malaria,15
2025-10-14,Kisumu Referral Hospital,Malaria,12
2025-10-15,Kisumu Referral Hospital,Malaria,8
2025-10-16,Kisumu Referral Hospital,Malaria,9
2025-10-17,Kisumu Referral Hospital,Malaria,9
2025-10-18,Kisumu Referral Hospital,Malaria,11
2025-10-19,Kisumu Referral Hospital,Malaria,8
2025-10-20,Kisumu Referral Hospital,Malaria,5
2025-10-21,Kisumu Referral Hospital,Malaria,7
2025-10-22,Kisumu Referral Hospital,Malaria,7
2025-10-23,Kisumu Referral Hospital,Malaria,13
2025-10-24,Kisumu Referral Hospital,Malaria,11
2025-10-25,Kisumu Referral Hospital,Malaria,5
2025-10-26,Kisumu Referral Hospital,Malaria,13
2025-10-27,Kisumu Referral Hospital,Malaria,7
2025-10-28,Kisumu Referral Hospital,Malaria,9
2025-10-29,Kisumu Referral Hospital,Malaria,6
2025-10-30,Kisumu Referral Hospital,Malaria,8
2025-10-31,Kisumu Referral Hospital,Malaria,15
2025-11-01,Kisumu Referral Hospital,Malaria,5
2025-11-02,Kisumu Referral Hospital,Malaria,8
2025-11-03,Kisumu Referral Hospital,Malaria,11
2025-11-04,Kisumu Referral Hospital,Malaria,5
2025-11-05,Kisumu Referral Hospital,Malaria,7
2025-11-06,Kisumu Referral Hospital,Malaria,10
2025-11-07,Kisumu Referral Hospital,Malaria,6
2025-11-08,Kisumu Referral Hospital,Malaria,6
2025-11-09,Kisumu Referral Hospital,Malaria,9
2025-11-10,Kisumu Referral Hospital,Malaria,12
2025-11-11,Kisumu Referral Hospital,Malaria,8
2025-11-12,Kisumu Referral Hospital,Malaria,7
2025-11-13,Kisumu Referral Hospital,Malaria,4
2025-11-14,Kisumu Referral Hospital,Malaria,4
2025-11-15,Kisumu Referral Hospital,Malaria,5
2025-11-16,Kisumu Referral Hospital,Malaria,4
2025-11-17,Kisumu Referral Hospital,Malaria,4
2025-11-18,Kisumu Referral Hospital,Malaria,5
2025-11-19,Kisumu Referral Hospital,Malaria,4
2025-11-20,Kisumu Referral Hospital,Malaria,2
2025-11-21,Kisumu Referral Hospital,Malaria,7
2025-11-22,Kisumu Referral Hospital,Malaria,5
2025-11-23,Kisumu Referral Hospital,Malaria,2
2025-11-24,Kisumu Referral Hospital,Malaria,13
2025-11-25,Kisumu Referral Hospital,Malaria,12
2025-11-26,Kisumu Referral Hospital,Malaria,5
2025-11-27,Kisumu Referral Hospital,Malaria,3
2025-11-28,Kisumu Referral Hospital,Malaria,14
2025-11-29,Kisumu Referral Hospital,Malaria,3
2025-11-30,Kisumu Referral Hospital,Malaria,12
2025-12-01,Kisumu Referral Hospital,Malaria,7
2025-12-02,Kisumu Referral Hospital,Malaria,8
2025-12-03,Kisumu Referral Hospital,Malaria,9
2025-12-04,Kisumu Referral Hospital,Malaria,10
2025-12-05,Kisumu Referral Hospital,Malaria,13
2025-12-06,Kisumu Referral Hospital,Malaria,4
2025-12-07,Kisumu Referral Hospital,Malaria,3
2025-12-08,Kisumu Referral Hospital,Malaria,10
2025-12-09,Kisumu Referral Hospital,Malaria,8
2025-12-10,Kisumu Referral Hospital,Malaria,14
2025-12-11,Kisumu Referral Hospital,Malaria,7
2025-12-12,Kisumu Referral Hospital,Malaria,11
2025-12-13,Kisumu Referral Hospital,Malaria,2
2025-12-14,Kisumu Referral Hospital,Malaria,7
2025-12-15,Kisumu Referral Hospital,Malaria,9
2025-12-16,Kisumu Referral Hospital,Malaria,9
2025-12-17,Kisumu Referral Hospital,Malaria,10
2025-12-18,Kisumu Referral Hospital,Malaria,6
2025-12-19,Kisumu Referral Hospital,Malaria,6
2025-12-20,Kisumu Referral Hospital,Malaria,3
2025-12-21,Kisumu Referral Hospital,Malaria,9
2025-12-22,Kisumu Referral Hospital,Malaria,9
2025-12-23,Kisumu Referral Hospital,Malaria,7
2025-12-24,Kisumu Referral Hospital,Malaria,13
2025-12-25,Kisumu Referral Hospital,Malaria,10
2025-12-26,Kisumu Referral Hospital,Malaria,4
2025-12-27,Kisumu Referral Hospital,Malaria,12
2025-12-28,Kisumu Referral Hospital,Malaria,12
2025-12-29,Kisumu Referral Hospital,Malaria,10
2025-12-30,Kisumu Referral Hospital,Malaria,10
2025-12-31,Kisumu Referral Hospital,Malaria,10
2026-01-01,Kisumu Referral Hospital,Malaria,9
2026-01-02,Kisumu Referral Hospital,Malaria,6
2026-01-03,Kisumu Referral Hospital,Malaria,12
2026-01-04,Kisumu Referral Hospital,Malaria,6
2026-01-05,Kisumu Referral Hospital,Malaria,5
2026-01-06,Kisumu Referral Hospital,Malaria,2
2026-01-07,Kisumu Referral Hospital,Malaria,8
2026-01-08,Kisumu Referral Hospital,Malaria,10
2026-01-09,Kisumu Referral Hospital,Malaria,6
2026-01-10,Kisumu Referral Hospital,Malaria,8
2026-01-11,Kisumu Referral Hospital,Malaria,4
2026-01-12,Kisumu Referral Hospital,Malaria,9
2026-01-13,Kisumu Referral Hospital,Malaria,9
2026-01-14,Kisumu Referral Hospital,Malaria,11
2026-01-15,Kisumu Referral Hospital,Malaria,4
2026-01-16,Kisumu Referral Hospital,Malaria,5
2026-01-17,Kisumu Referral Hospital,Malaria,9
2026-01-18,Kisumu Referral Hospital,Malaria,7
2026-01-19,Kisumu Referral Hospital,Malaria,7
2026-01-20,Kisumu Referral Hospital,Malaria,7
2026-01-21,Kisumu Referral Hospital,Malaria,13
2026-01-22,Kisumu Referral Hospital,Malaria,17
2026-01-23,Kisumu Referral Hospital,Malaria,11
2026-01-24,Kisumu Referral Hospital,Malaria,6
2026-01-25,Kisumu Referral Hospital,Malaria,7
2026-01-26,Kisumu Referral Hospital,Malaria,15
2026-01-27,Kisumu Referral Hospital,Malaria,7
2026-01-28,Kisumu Referral Hospital,Malaria,12
2026-01-29,Kisumu Referral Hospital,Malaria,13
2026-01-30,Kisumu Referral Hospital,Malaria,4
2026-01-31,Kisumu Referral Hospital,Malaria,7
2026-02-01,Kisumu Referral Hospital,Malaria,9
2026-02-02,Kisumu Referral Hospital,Malaria,9
2026-02-03,Kisumu Referral Hospital,Malaria,11
2026-02-04,Kisumu Referral Hospital,Malaria,13
2026-02-05,Kisumu Referral Hospital,Malaria,18
2026-02-06,Kisumu Referral Hospital,Malaria,9
2026-02-07,Kisumu Referral Hospital,Malaria,9
2026-02-08,Kisumu Referral Hospital,Malaria,13
2026-02-09,Kisumu Referral Hospital,Malaria,11
2026-02-10,Kisumu Referral Hospital,Malaria,14
2026-02-11,Kisumu Referral Hospital,Malaria,13
2026-02-12,Kisumu Referral Hospital,Malaria,5
2026-02-13,Kisumu Referral Hospital,Malaria,14
2026-02-14,Kisumu Referral Hospital,Malaria,9
2026-02-15,Kisumu Referral Hospital,Malaria,8
2026-02-16,Kisumu Referral Hospital,Malaria,13
2026-02-17,Kisumu Referral Hospital,Malaria,18
2026-02-18,Kisumu Referral Hospital,Malaria,16
2026-02-19,Kisumu Referral Hospital,Malaria,15
2026-02-20,Kisumu Referral Hospital,Malaria,16
2026-02-21,Kisumu Referral Hospital,Malaria,9
2026-02-22,Kisumu Referral Hospital,Malaria,14
2026-02-23,Kisumu Referral Hospital,Malaria,12
2026-02-24,Kisumu Referral Hospital,Malaria,20
2026-02-25,Kisumu Referral Hospital,Malaria,15
2026-02-26,Kisumu Referral Hospital,Malaria,23
2026-02-27,Kisumu Referral Hospital,Malaria,11
2026-02-28,Kisumu Referral Hospital,Malaria,15
2026-03-01,Kisumu Referral Hospital,Malaria,7
2026-03-02,Kisumu Referral Hospital,Malaria,20
2026-03-03,Kisumu Referral Hospital,Malaria,16
2026-03-04,Kisumu Referral Hospital,Malaria,16
2026-03-05,Kisumu Referral Hospital,Malaria,16
2026-03-06,Kisumu Referral Hospital,Malaria,9
2026-03-07,Kisumu Referral Hospital,Malaria,22
2026-03-08,Kisumu Referral Hospital,Malaria,14
2026-03-09,Kisumu Referral Hospital,Malaria,17
2026-03-10,Kisumu Referral Hospital,Malaria,14
2026-03-11,Kisumu Referral Hospital,Malaria,16
2026-03-12,Kisumu Referral Hospital,Malaria,21
2026-03-13,Kisumu Referral Hospital,Malaria,19
2026-03-14,Kisumu Referral Hospital,Malaria,12
2026-03-15,Kisumu Referral Hospital,Malaria,14
2026-03-16,Kisumu Referral Hospital,Malaria,11
2026-03-17,Kisumu Referral Hospital,Malaria,19
2026-03-18,Kisumu Referral Hospital,Malaria,11
2026-03-19,Kisumu Referral Hospital,Malaria,11
2026-03-20,Kisumu Referral Hospital,Malaria,16
2026-03-21,Kisumu Referral Hospital,Malaria,8
2026-03-22,Kisumu Referral Hospital,Malaria,12
2026-03-23,Kisumu Referral Hospital,Malaria,20
2026-03-24,Kisumu Referral Hospital,Malaria,18
2026-03-25,Kisumu Referral Hospital,Malaria,15
2026-03-26,Kisumu Referral Hospital,Malaria,13
2026-03-27,Kisumu Referral Hospital,Malaria,22
2026-03-28,Kisumu Referral Hospital,Malaria,18
2026-03-29,Kisumu Referral Hospital,Malaria,18
2026-03-30,Kisumu Referral Hospital,Malaria,15
2026-03-31,Kisumu Referral Hospital,Malaria,17
2026-04-01,Kisumu Referral Hospital,Malaria,16
2026-04-02,Kisumu Referral Hospital,Malaria,15
2026-04-03,Kisumu Referral Hospital,Malaria,18
2026-04-04,Kisumu Referral Hospital,Malaria,20
2026-04-05,Kisumu Referral Hospital,Malaria,14
2026-04-06,Kisumu Referral Hospital,Malaria,24
2026-04-07,Kisumu Referral Hospital,Malaria,20
2026-04-08,Kisumu Referral Hospital,Malaria,17
2026-04-09,Kisumu Referral Hospital,Malaria,14
2026-04-10,Kisumu Referral Hospital,Malaria,23
2026-04-11,Kisumu Referral Hospital,Malaria,22
2026-04-12,Kisumu Referral Hospital,Malaria,17
2026-04-13,Kisumu Referral Hospital,Malaria,22
2026-04-14,Kisumu Referral Hospital,Malaria,31
2026-04-15,Kisumu Referral Hospital,Malaria,22
2026-04-16,Kisumu Referral Hospital,Malaria,22
2026-04-17,Kisumu Referral Hospital,Malaria,15
2026-04-18,Kisumu Referral Hospital,Malaria,17
2026-04-19,Kisumu Referral Hospital,Malaria,20
2026-04-20,Kisumu Referral Hospital,Malaria,18
2026-04-21,Kisumu Referral Hospital,Malaria,13
2026-04-22,Kisumu Referral Hospital,Malaria,20
2026-04-23,Kisumu Referral Hospital,Malaria,21
2026-04-24,Kisumu Referral Hospital,Malaria,16
2026-04-25,Kisumu Referral Hospital,Malaria,10
2026-04-26,Kisumu Referral Hospital,Malaria,14
2026-04-27,Kisumu Referral Hospital,Malaria,18
2026-04-28,Kisumu Referral Hospital,Malaria,20
2026-04-29,Kisumu Referral Hospital,Malaria,28
2026-04-30,Kisumu Referral Hospital,Malaria,25
2026-05-01,Kisumu Referral Hospital,Malaria,25
2026-05-02,Kisumu Referral Hospital,Malaria,21
2026-05-03,Kisumu Referral Hospital,Malaria,14
2026-05-04,Kisumu Referral Hospital,Malaria,21
2026-05-05,Kisumu Referral Hospital,Malaria,26
2026-05-06,Kisumu Referral Hospital,Malaria,22
2026-05-07,Kisumu Referral Hospital,Malaria,19
2026-05-08,Kisumu Referral Hospital,Malaria,16
2026-05-09,Kisumu Referral Hospital,Malaria,21
2026-05-10,Kisumu Referral Hospital,Malaria,25
2026-05-11,Kisumu Referral Hospital,Malaria,25
2026-05-12,Kisumu Referral Hospital,Malaria,18
2026-05-13,Kisumu Referral Hospital,Malaria,19
2026-05-14,Kisumu Referral Hospital,Malaria,17
2026-05-15,Kisumu Referral Hospital,Malaria,20
2026-05-16,Kisumu Referral Hospital,Malaria,21
2026-05-17,Kisumu Referral Hospital,Malaria,20
2026-05-18,Kisumu Referral Hospital,Malaria,18
2026-05-19,Kisumu Referral Hospital,Malaria,17
2026-05-20,Kisumu Referral Hospital,Malaria,19
2026-05-21,Kisumu Referral Hospital,Malaria,41
2026-05-22,Kisumu Referral Hospital,Malaria,36
2026-05-23,Kisumu Referral Hospital,Malaria,31
2026-05-24,Kisumu Referral Hospital,Malaria,38
2026-05-25,Kisumu Referral Hospital,Malaria,41
2026-05-26,Kisumu Referral Hospital,Malaria,58
2026-05-27,Kisumu Referral Hospital,Malaria,69
2026-05-28,Kisumu Referral Hospital,Malaria,70
2026-05-29,Kisumu Referral Hospital,Malaria,79
2026-05-30,Kisumu Referral Hospital,Malaria,51
2026-05-31,Kisumu Referral Hospital,Malaria,75
2026-06-01,Kisumu Referral Hospital,Malaria,63
2026-06-02,Kisumu Referral Hospital,Malaria,70
2026-06-03,Kisumu Referral Hospital,Malaria,99
2026-06-04,Kisumu Referral Hospital,Malaria,70
2026-06-05,Kisumu Referral Hospital,Malaria,74
2026-06-06,Kisumu Referral Hospital,Malaria,62
2026-06-07,Kisumu Referral Hospital,Malaria,60
2026-06-08,Kisumu Referral Hospital,Malaria,60
2026-06-09,Kisumu Referral Hospital,Malaria,63
2026-06-10,Kisumu Referral Hospital,Malaria,43
2026-06-11,Kisumu Referral Hospital,Malaria,42
2026-06-12,Kisumu Referral Hospital,Malaria,36
2026-06-13,Kisumu Referral Hospital,Malaria,29
2026-06-14,Kisumu Referral Hospital,Malaria,20
2026-06-15,Kisumu Referral Hospital,Malaria,21
2026-06-16,Kisumu Referral Hospital,Malaria,27
2026-06-17,Kisumu Referral Hospital,Malaria,16
2026-06-18,Kisumu Referral Hospital,Malaria,25
2026-06-19,Kisumu Referral Hospital,Malaria,31
2026-06-20,Kisumu Referral Hospital,Malaria,29
2026-06-21,Kisumu Referral Hospital,Malaria,18
2026-06-22,Kisumu Referral Hospital,Malaria,19
2026-06-23,Kisumu Referral Hospital,Malaria,16
2026-06-24,Kisumu Referral Hospital,Malaria,16
2026-06-25,Kisumu Referral Hospital,Malaria,22
2026-06-26,Kisumu Referral Hospital,Malaria,26
2026-06-27,Kisumu Referral Hospital,Malaria,14
2026-06-28,Kisumu Referral Hospital,Malaria,20
2026-06-29,Kisumu Referral Hospital,Malaria,14
2026-06-30,Kisumu Referral Hospital,Malaria,18
2026-07-01,Kisumu Referral Hospital,Malaria,16
2026-07-02,Kisumu Referral Hospital,Malaria,23
2026-07-03,Kisumu Referral Hospital,Malaria,22
2026-07-04,Kisumu Referral Hospital,Malaria,13
2026-07-05,Kisumu Referral Hospital,Malaria,11
2026-07-06,Kisumu Referral Hospital,Malaria,18
2026-07-07,Kisumu Referral Hospital,Malaria,23
2026-07-08,Kisumu Referral Hospital,Malaria,25
2026-07-09,Kisumu Referral Hospital,Malaria,20
2026-07-10,Kisumu Referral Hospital,Malaria,12
2026-07-11,Kisumu Referral Hospital,Malaria,21
2026-07-12,Kisumu Referral Hospital,Malaria,23
2026-07-13,Kisumu Referral Hospital,Malaria,21
2026-07-14,Kisumu Referral Hospital,Malaria,24
2026-07-15,Kisumu Referral Hospital,Malaria,22
2026-07-16,Kisumu Referral Hospital,Malaria,23
2026-07-17,Kisumu Referral Hospital,Malaria,13
2026-07-18,Kisumu Referral Hospital,Malaria,30
2026-07-19,Kisumu Referral Hospital,Malaria,23
2026-07-20,Kisumu Referral Hospital,Malaria,18
2026-07-21,Kisumu Referral Hospital,Malaria,21
2026-07-22,Kisumu Referral Hospital,Malaria,18
2026-07-23,Kisumu Referral Hospital,Malaria,22
2026-07-24,Kisumu Referral Hospital,Malaria,20
2026-07-25,Kisumu Referral Hospital,Malaria,14
2026-07-26,Kisumu Referral Hospital,Malaria,13
2026-07-27,Kisumu Referral Hospital,Malaria,17
2026-07-28,Kisumu Referral Hospital,Malaria,21
2026-07-29,Kisumu Referral Hospital,Malaria,19
2026-07-30,Kisumu Referral Hospital,Malaria,20
2026-07-31,Kisumu Referral Hospital,Malaria,15
2026-08-01,Kisumu Referral Hospital,Malaria,20
2026-08-02,Kisumu Referral Hospital,Malaria,20
2026-08-03,Kisumu Referral Hospital,Malaria,20
2026-08-04,Kisumu Referral Hospital,Malaria,17
2026-08-05,Kisumu Referral Hospital,Malaria,14
2026-08-06,Kisumu Referral Hospital,Malaria,20
2026-08-07,Kisumu Referral Hospital,Malaria,14
2026-08-08,Kisumu Referral Hospital,Malaria,11
2026-08-09,Kisumu Referral Hospital,Malaria,15
2026-08-10,Kisumu Referral Hospital,Malaria,20
2026-08-11,Kisumu Referral Hospital,Malaria,21
2026-08-12,Kisumu Referral Hospital,Malaria,19
2026-08-13,Kisumu Referral Hospital,Malaria,16
2026-08-14,Kisumu Referral Hospital,Malaria,12
2026-08-15,Kisumu Referral Hospital,Malaria,18
2026-08-16,Kisumu Referral Hospital,Malaria,9
2026-08-17,Kisumu Referral Hospital,Malaria,11
2026-08-18,Kisumu Referral Hospital,Malaria,16
2026-08-19,Kisumu Referral Hospital,Malaria,17
2026-08-20,Kisumu Referral Hospital,Malaria,9
2026-08-21,Kisumu Referral Hospital,Malaria,11
2026-08-22,Kisumu Referral Hospital,Malaria,14
2026-08-23,Kisumu Referral Hospital,Malaria,11
2026-08-24,Kisumu Referral Hospital,Malaria,12
2026-08-25,Kisumu Referral Hospital,Malaria,18
2026-08-26,Kisumu Referral Hospital,Malaria,12
2026-08-27,Kisumu Referral Hospital,Malaria,16
2026-08-28,Kisumu Referral Hospital,Malaria,15
2026-08-29,Kisumu Referral Hospital,Malaria,15
2026-08-30,Kisumu Referral Hospital,Malaria,9
2026-08-31,Kisumu Referral Hospital,Malaria,16
2022-01-01,Kisumu Referral Hospital,Cholera,0
2022-01-02,Kisumu Referral Hospital,Cholera,0
2022-01-03,Kisumu Referral Hospital,Cholera,6
2022-01-04,Kisumu Referral Hospital,Cholera,6
2022-01-05,Kisumu Referral Hospital,Cholera,1
2022-01-06,Kisumu Referral Hospital,Cholera,2
2022-01-07,Kisumu Referral Hospital,Cholera,1
2022-01-08,Kisumu Referral Hospital,Cholera,0
2022-01-09,Kisumu Referral Hospital,Cholera,1
2022-01-10,Kisumu Referral Hospital,Cholera,1
2022-01-11,Kisumu Referral Hospital,Cholera,2
2022-01-12,Kisumu Referral Hospital,Cholera,1
2022-01-13,Kisumu Referral Hospital,Cholera,0
2022-01-14,Kisumu Referral Hospital,Cholera,2
2022-01-15,Kisumu Referral Hospital,Cholera,3
2022-01-16,Kisumu Referral Hospital,Cholera,3
2022-01-17,Kisumu Referral Hospital,Cholera,3
2022-01-18,Kisumu Referral Hospital,Cholera,2
2022-01-19,Kisumu Referral Hospital,Cholera,1
2022-01-20,Kisumu Referral Hospital,Cholera,2
2022-01-21,Kisumu Referral Hospital,Cholera,1
2022-01-22,Kisumu Referral Hospital,Cholera,2
2022-01-23,Kisumu Referral Hospital,Cholera,2
2022-01-24,Kisumu Referral Hospital,Cholera,6
2022-01-25,Kisumu Referral Hospital,Cholera,2
2022-01-26,Kisumu Referral Hospital,Cholera,1
2022-01-27,Kisumu Referral Hospital,Cholera,1
2022-01-28,Kisumu Referral Hospital,Cholera,6
2022-01-29,Kisumu Referral Hospital,Cholera,2
2022-01-30,Kisumu Referral Hospital,Cholera,2
2022-01-31,Kisumu Referral Hospital,Cholera,5
2022-02-01,Kisumu Referral Hospital,Cholera,1
2022-02-02,Kisumu Referral Hospital,Cholera,1
2022-02-03,Kisumu Referral Hospital,Cholera,2
2022-02-04,Kisumu Referral Hospital,Cholera,1
2022-02-05,Kisumu Referral Hospital,Cholera,0
2022-02-06,Kisumu Referral Hospital,Cholera,2
2022-02-07,Kisumu Referral Hospital,Cholera,1
2022-02-08,Kisumu Referral Hospital,Cholera,2
2022-02-09,Kisumu Referral Hospital,Cholera,4
2022-02-10,Kisumu Referral Hospital,Cholera,1
2022-02-11,Kisumu Referral Hospital,Cholera,6
2022-02-12,Kisumu Referral Hospital,Cholera,2
2022-02-13,Kisumu Referral Hospital,Cholera,3
2022-02-14,Kisumu Referral Hospital,Cholera,6
2022-02-15,Kisumu Referral Hospital,Cholera,8
2022-02-16,Kisumu Referral Hospital,Cholera,3
2022-02-17,Kisumu Referral Hospital,Cholera,1
2022-02-18,Kisumu Referral Hospital,Cholera,3
2022-02-19,Kisumu Referral Hospital,Cholera,0
2022-02-20,Kisumu Referral Hospital,Cholera,4
2022-02-21,Kisumu Referral Hospital,Cholera,4
2022-02-22,Kisumu Referral Hospital,Cholera,1
2022-02-23,Kisumu Referral Hospital,Cholera,1
2022-02-24,Kisumu Referral Hospital,Cholera,1
2022-02-25,Kisumu Referral Hospital,Cholera,2
2022-02-26,Kisumu Referral Hospital,Cholera,1
2022-02-27,Kisumu Referral Hospital,Cholera,5
2022-02-28,Kisumu Referral Hospital,Cholera,6
2022-03-01,Kisumu Referral Hospital,Cholera,2
2022-03-02,Kisumu Referral Hospital,Cholera,7
2022-03-03,Kisumu Referral Hospital,Cholera,2
2022-03-04,Kisumu Referral Hospital,Cholera,1
2022-03-05,Kisumu Referral Hospital,Cholera,4
2022-03-06,Kisumu Referral Hospital,Cholera,2
2022-03-07,Kisumu Referral Hospital,Cholera,3
2022-03-08,Kisumu Referral Hospital,Cholera,3
2022-03-09,Kisumu Referral Hospital,Cholera,10
2022-03-10,Kisumu Referral Hospital,Cholera,5
2022-03-11,Kisumu Referral Hospital,Cholera,9
2022-03-12,Kisumu Referral Hospital,Cholera,1
2022-03-13,Kisumu Referral Hospital,Cholera,1
2022-03-14,Kisumu Referral Hospital,Cholera,2
2022-03-15,Kisumu Referral Hospital,Cholera,2
2022-03-16,Kisumu Referral Hospital,Cholera,6
2022-03-17,Kisumu Referral Hospital,Cholera,4
2022-03-18,Kisumu Referral Hospital,Cholera,5
2022-03-19,Kisumu Referral Hospital,Cholera,3
2022-03-20,Kisumu Referral Hospital,Cholera,2
2022-03-21,Kisumu Referral Hospital,Cholera,1
2022-03-22,Kisumu Referral Hospital,Cholera,3
2022-03-23,Kisumu Referral Hospital,Cholera,4
2022-03-24,Kisumu Referral Hospital,Cholera,5
2022-03-25,Kisumu Referral Hospital,Cholera,1
2022-03-26,Kisumu Referral Hospital,Cholera,5
2022-03-27,Kisumu Referral Hospital,Cholera,2
2022-03-28,Kisumu Referral Hospital,Cholera,0
2022-03-29,Kisumu Referral Hospital,Cholera,1
2022-03-30,Kisumu Referral Hospital,Cholera,7
2022-03-31,Kisumu Referral Hospital,Cholera,6
2022-04-01,Kisumu Referral Hospital,Cholera,5
2022-04-02,Kisumu Referral Hospital,Cholera,1
2022-04-03,Kisumu Referral Hospital,Cholera,2
2022-04-04,Kisumu Referral Hospital,Cholera,4
2022-04-05,Kisumu Referral Hospital,Cholera,3
2022-04-06,Kisumu Referral Hospital,Cholera,8
2022-04-07,Kisumu Referral Hospital,Cholera,5
2022-04-08,Kisumu Referral Hospital,Cholera,3
2022-04-09,Kisumu Referral Hospital,Cholera,3
2022-04-10,Kisumu Referral Hospital,Cholera,4
2022-04-11,Kisumu Referral Hospital,Cholera,1
2022-04-12,Kisumu Referral Hospital,Cholera,5
2022-04-13,Kisumu Referral Hospital,Cholera,6
2022-04-14,Kisumu Referral Hospital,Cholera,3
2022-04-15,Kisumu Referral Hospital,Cholera,3
2022-04-16,Kisumu Referral Hospital,Cholera,1
2022-04-17,Kisumu Referral Hospital,Cholera,3
2022-04-18,Kisumu Referral Hospital,Cholera,3
2022-04-19,Kisumu Referral Hospital,Cholera,3
2022-04-20,Kisumu Referral Hospital,Cholera,6
2022-04-21,Kisumu Referral Hospital,Cholera,5
2022-04-22,Kisumu Referral Hospital,Cholera,3
2022-04-23,Kisumu Referral Hospital,Cholera,2
2022-04-24,Kisumu Referral Hospital,Cholera,4
2022-04-25,Kisumu Referral Hospital,Cholera,6
2022-04-26,Kisumu Referral Hospital,Cholera,3
2022-04-27,Kisumu Referral Hospital,Cholera,5
2022-04-28,Kisumu Referral Hospital,Cholera,1
2022-04-29,Kisumu Referral Hospital,Cholera,5
2022-04-30,Kisumu Referral Hospital,Cholera,5
2022-05-01,Kisumu Referral Hospital,Cholera,6
2022-05-02,Kisumu Referral Hospital,Cholera,6
2022-05-03,Kisumu Referral Hospital,Cholera,2
2022-05-04,Kisumu Referral Hospital,Cholera,5
2022-05-05,Kisumu Referral Hospital,Cholera,3
2022-05-06,Kisumu Referral Hospital,Cholera,7
2022-05-07,Kisumu Referral Hospital,Cholera,6
2022-05-08,Kisumu Referral Hospital,Cholera,2
2022-05-09,Kisumu Referral Hospital,Cholera,3
2022-05-10,Kisumu Referral Hospital,Cholera,6
2022-05-11,Kisumu Referral Hospital,Cholera,5
2022-05-12,Kisumu Referral Hospital,Cholera,3
2022-05-13,Kisumu Referral Hospital,Cholera,2
2022-05-14,Kisumu Referral Hospital,Cholera,1
2022-05-15,Kisumu Referral Hospital,Cholera,2
2022-05-16,Kisumu Referral Hospital,Cholera,3
2022-05-17,Kisumu Referral Hospital,Cholera,5
2022-05-18,Kisumu Referral Hospital,Cholera,5
2022-05-19,Kisumu Referral Hospital,Cholera,6
2022-05-20,Kisumu Referral Hospital,Cholera,3
2022-05-21,Kisumu Referral Hospital,Cholera,2
2022-05-22,Kisumu Referral Hospital,Cholera,2
2022-05-23,Kisumu Referral Hospital,Cholera,4
2022-05-24,Kisumu Referral Hospital,Cholera,7
2022-05-25,Kisumu Referral Hospital,Cholera,0
2022-05-26,Kisumu Referral Hospital,Cholera,5
2022-05-27,Kisumu Referral Hospital,Cholera,2
2022-05-28,Kisumu Referral Hospital,Cholera,5
2022-05-29,Kisumu Referral Hospital,Cholera,2
2022-05-30,Kisumu Referral Hospital,Cholera,2
2022-05-31,Kisumu Referral Hospital,Cholera,2
2022-06-01,Kisumu Referral Hospital,Cholera,3
2022-06-02,Kisumu Referral Hospital,Cholera,3
2022-06-03,Kisumu Referral Hospital,Cholera,4
2022-06-04,Kisumu Referral Hospital,Cholera,3
2022-06-05,Kisumu Referral Hospital,Cholera,8
2022-06-06,Kisumu Referral Hospital,Cholera,8
2022-06-07,Kisumu Referral Hospital,Cholera,2
2022-06-08,Kisumu Referral Hospital,Cholera,6
2022-06-09,Kisumu Referral Hospital,Cholera,6
2022-06-10,Kisumu Referral Hospital,Cholera,6
2022-06-11,Kisumu Referral Hospital,Cholera,4
2022-06-12,Kisumu Referral Hospital,Cholera,4
2022-06-13,Kisumu Referral Hospital,Cholera,1
2022-06-14,Kisumu Referral Hospital,Cholera,2
2022-06-15,Kisumu Referral Hospital,Cholera,2
2022-06-16,Kisumu Referral Hospital,Cholera,3
2022-06-17,Kisumu Referral Hospital,Cholera,2
2022-06-18,Kisumu Referral Hospital,Cholera,1
2022-06-19,Kisumu Referral Hospital,Cholera,0
2022-06-20,Kisumu Referral Hospital,Cholera,1
2022-06-21,Kisumu Referral Hospital,Cholera,3
2022-06-22,Kisumu Referral Hospital,Cholera,5
2022-06-23,Kisumu Referral Hospital,Cholera,4
2022-06-24,Kisumu Referral Hospital,Cholera,1
2022-06-25,Kisumu Referral Hospital,Cholera,2
2022-06-26,Kisumu Referral Hospital,Cholera,4
2022-06-27,Kisumu Referral Hospital,Cholera,2
2022-06-28,Kisumu Referral Hospital,Cholera,3
2022-06-29,Kisumu Referral Hospital,Cholera,1
2022-06-30,Kisumu Referral Hospital,Cholera,6
2022-07-01,Kisumu Referral Hospital,Cholera,4
2022-07-02,Kisumu Referral Hospital,Cholera,3
2022-07-03,Kisumu Referral Hospital,Cholera,3
2022-07-04,Kisumu Referral Hospital,Cholera,3
2022-07-05,Kisumu Referral Hospital,Cholera,3
2022-07-06,Kisumu Referral Hospital,Cholera,3
2022-07-07,Kisumu Referral Hospital,Cholera,3
2022-07-08,Kisumu Referral Hospital,Cholera,2
2022-07-09,Kisumu Referral Hospital,Cholera,1
2022-07-10,Kisumu Referral Hospital,Cholera,2
2022-07-11,Kisumu Referral Hospital,Cholera,3
2022-07-12,Kisumu Referral Hospital,Cholera,2
2022-07-13,Kisumu Referral Hospital,Cholera,2
2022-07-14,Kisumu Referral Hospital,Cholera,1
2022-07-15,Kisumu Referral Hospital,Cholera,4
2022-07-16,Kisumu Referral Hospital,Cholera,3
2022-07-17,Kisumu Referral Hospital,Cholera,1
2022-07-18,Kisumu Referral Hospital,Cholera,2
2022-07-19,Kisumu Referral Hospital,Cholera,1
2022-07-20,Kisumu Referral Hospital,Cholera,4
2022-07-21,Kisumu Referral Hospital,Cholera,2
2022-07-22,Kisumu Referral Hospital,Cholera,1
2022-07-23,Kisumu Referral Hospital,Cholera,2
2022-07-24,Kisumu Referral Hospital,Cholera,2
2022-07-25,Kisumu Referral Hospital,Cholera,1
2022-07-26,Kisumu Referral Hospital,Cholera,1
2022-07-27,Kisumu Referral Hospital,Cholera,2
2022-07-28,Kisumu Referral Hospital,Cholera,4
2022-07-29,Kisumu Referral Hospital,Cholera,2
2022-07-30,Kisumu Referral Hospital,Cholera,0
2022-07-31,Kisumu Referral Hospital,Cholera,2
2022-08-01,Kisumu Referral Hospital,Cholera,1
2022-08-02,Kisumu Referral Hospital,Cholera,3
2022-08-03,Kisumu Referral Hospital,Cholera,0
2022-08-04,Kisumu Referral Hospital,Cholera,3
2022-08-05,Kisumu Referral Hospital,Cholera,2
2022-08-06,Kisumu Referral Hospital,Cholera,2
2022-08-07,Kisumu Referral Hospital,Cholera,2
2022-08-08,Kisumu Referral Hospital,Cholera,3
2022-08-09,Kisumu Referral Hospital,Cholera,1
2022-08-10,Kisumu Referral Hospital,Cholera,0
2022-08-11,Kisumu Referral Hospital,Cholera,1
2022-08-12,Kisumu Referral Hospital,Cholera,2
2022-08-13,Kisumu Referral Hospital,Cholera,0
2022-08-14,Kisumu Referral Hospital,Cholera,0
2022-08-15,Kisumu Referral Hospital,Cholera,1
2022-08-16,Kisumu Referral Hospital,Cholera,1
2022-08-17,Kisumu Referral Hospital,Cholera,2
2022-08-18,Kisumu Referral Hospital,Cholera,1
2022-08-19,Kisumu Referral Hospital,Cholera,1
2022-08-20,Kisumu Referral Hospital,Cholera,3
2022-08-21,Kisumu Referral Hospital,Cholera,0
2022-08-22,Kisumu Referral Hospital,Cholera,2
2022-08-23,Kisumu Referral Hospital,Cholera,2
2022-08-24,Kisumu Referral Hospital,Cholera,0
2022-08-25,Kisumu Referral Hospital,Cholera,1
2022-08-26,Kisumu Referral Hospital,Cholera,0
2022-08-27,Kisumu Referral Hospital,Cholera,0
2022-08-28,Kisumu Referral Hospital,Cholera,1
2022-08-29,Kisumu Referral Hospital,Cholera,0
2022-08-30,Kisumu Referral Hospital,Cholera,0
2022-08-31,Kisumu Referral Hospital,Cholera,1
2022-09-01,Kisumu Referral Hospital,Cholera,1
2022-09-02,Kisumu Referral Hospital,Cholera,0
2022-09-03,Kisumu Referral Hospital,Cholera,0
2022-09-04,Kisumu Referral Hospital,Cholera,0
2022-09-05,Kisumu Referral Hospital,Cholera,4
2022-09-06,Kisumu Referral Hospital,Cholera,1
2022-09-07,Kisumu Referral Hospital,Cholera,1
2022-09-08,Kisumu Referral Hospital,Cholera,1
2022-09-09,Kisumu Referral Hospital,Cholera,0
2022-09-10,Kisumu Referral Hospital,Cholera,1
2022-09-11,Kisumu Referral Hospital,Cholera,2
2022-09-12,Kisumu Referral Hospital,Cholera,2
2022-09-13,Kisumu Referral Hospital,Cholera,2
2022-09-14,Kisumu Referral Hospital,Cholera,5
2022-09-15,Kisumu Referral Hospital,Cholera,2
2022-09-16,Kisumu Referral Hospital,Cholera,3
2022-09-17,Kisumu Referral Hospital,Cholera,0
2022-09-18,Kisumu Referral Hospital,Cholera,2
2022-09-19,Kisumu Referral Hospital,Cholera,1
2022-09-20,Kisumu Referral Hospital,Cholera,0
2022-09-21,Kisumu Referral Hospital,Cholera,2
2022-09-22,Kisumu Referral Hospital,Cholera,2
2022-09-23,Kisumu Referral Hospital,Cholera,1
2022-09-24,Kisumu Referral Hospital,Cholera,3
2022-09-25,Kisumu Referral Hospital,Cholera,2
2022-09-26,Kisumu Referral Hospital,Cholera,0
2022-09-27,Kisumu Referral Hospital,Cholera,1
2022-09-28,Kisumu Referral Hospital,Cholera,2
2022-09-29,Kisumu Referral Hospital,Cholera,1
2022-09-30,Kisumu Referral Hospital,Cholera,2
2022-10-01,Kisumu Referral Hospital,Cholera,0
2022-10-02,Kisumu Referral Hospital,Cholera,0
2022-10-03,Kisumu Referral Hospital,Cholera,1
2022-10-04,Kisumu Referral Hospital,Cholera,0
2022-10-05,Kisumu Referral Hospital,Cholera,3
2022-10-06,Kisumu Referral Hospital,Cholera,0
2022-10-07,Kisumu Referral Hospital,Cholera,0
2022-10-08,Kisumu Referral Hospital,Cholera,2
2022-10-09,Kisumu Referral Hospital,Cholera,3
2022-10-10,Kisumu Referral Hospital,Cholera,1
2022-10-11,Kisumu Referral Hospital,Cholera,0
2022-10-12,Kisumu Referral Hospital,Cholera,2
2022-10-13,Kisumu Referral Hospital,Cholera,2
2022-10-14,Kisumu Referral Hospital,Cholera,2
2022-10-15,Kisumu Referral Hospital,Cholera,0
2022-10-16,Kisumu Referral Hospital,Cholera,2
2022-10-17,Kisumu Referral Hospital,Cholera,0
2022-10-18,Kisumu Referral Hospital,Cholera,1
2022-10-19,Kisumu Referral Hospital,Cholera,1
2022-10-20,Kisumu Referral Hospital,Cholera,2
2022-10-21,Kisumu Referral Hospital,Cholera,1
2022-10-22,Kisumu Referral Hospital,Cholera,3
2022-10-23,Kisumu Referral Hospital,Cholera,2
2022-10-24,Kisumu Referral Hospital,Cholera,1
2022-10-25,Kisumu Referral Hospital,Cholera,3
2022-10-26,Kisumu Referral Hospital,Cholera,1
2022-10-27,Kisumu Referral Hospital,Cholera,1
2022-10-28,Kisumu Referral Hospital,Cholera,1
2022-10-29,Kisumu Referral Hospital,Cholera,0
2022-10-30,Kisumu Referral Hospital,Cholera,4
2022-10-31,Kisumu Referral Hospital,Cholera,3
2022-11-01,Kisumu Referral Hospital,Cholera,5
2022-11-02,Kisumu Referral Hospital,Cholera,0
2022-11-03,Kisumu Referral Hospital,Cholera,2
2022-11-04,Kisumu Referral Hospital,Cholera,2
2022-11-05,Kisumu Referral Hospital,Cholera,0
2022-11-06,Kisumu Referral Hospital,Cholera,0
2022-11-07,Kisumu Referral Hospital,Cholera,1
2022-11-08,Kisumu Referral Hospital,Cholera,5
2022-11-09,Kisumu Referral Hospital,Cholera,0
2022-11-10,Kisumu Referral Hospital,Cholera,1
2022-11-11,Kisumu Referral Hospital,Cholera,0
2022-11-12,Kisumu Referral Hospital,Cholera,0
2022-11-13,Kisumu Referral Hospital,Cholera,1
2022-11-14,Kisumu Referral Hospital,Cholera,2
2022-11-15,Kisumu Referral Hospital,Cholera,0
2022-11-16,Kisumu Referral Hospital,Cholera,1
2022-11-17,Kisumu Referral Hospital,Cholera,2
2022-11-18,Kisumu Referral Hospital,Cholera,2
2022-11-19,Kisumu Referral Hospital,Cholera,0
2022-11-20,Kisumu Referral Hospital,Cholera,1
2022-11-21,Kisumu Referral Hospital,Cholera,1
2022-11-22,Kisumu Referral Hospital,Cholera,0
2022-11-23,Kisumu Referral Hospital,Cholera,2
2022-11-24,Kisumu Referral Hospital,Cholera,3
2022-11-25,Kisumu Referral Hospital,Cholera,2
2022-11-26,Kisumu Referral Hospital,Cholera,0
2022-11-27,Kisumu Referral Hospital,Cholera,0
2022-11-28,Kisumu Referral Hospital,Cholera,2
2022-11-29,Kisumu Referral Hospital,Cholera,0
2022-11-30,Kisumu Referral Hospital,Cholera,0
2022-12-01,Kisumu Referral Hospital,Cholera,1
2022-12-02,Kisumu Referral Hospital,Cholera,1
2022-12-03,Kisumu Referral Hospital,Cholera,2
2022-12-04,Kisumu Referral Hospital,Cholera,3
2022-12-05,Kisumu Referral Hospital,Cholera,2
2022-12-06,Kisumu Referral Hospital,Cholera,3
2022-12-07,Kisumu Referral Hospital,Cholera,3
2022-12-08,Kisumu Referral Hospital,Cholera,3
2022-12-09,Kisumu Referral Hospital,Cholera,2
2022-12-10,Kisumu Referral Hospital,Cholera,0
2022-12-11,Kisumu Referral Hospital,Cholera,1
2022-12-12,Kisumu Referral Hospital,Cholera,1
2022-12-13,Kisumu Referral Hospital,Cholera,2
2022-12-14,Kisumu Referral Hospital,Cholera,5
2022-12-15,Kisumu Referral Hospital,Cholera,2
2022-12-16,Kisumu Referral Hospital,Cholera,1
2022-12-17,Kisumu Referral Hospital,Cholera,2
2022-12-18,Kisumu Referral Hospital,Cholera,1
2022-12-19,Kisumu Referral Hospital,Cholera,1
2022-12-20,Kisumu Referral Hospital,Cholera,0
2022-12-21,Kisumu Referral Hospital,Cholera,1
2022-12-22,Kisumu Referral Hospital,Cholera,3
2022-12-23,Kisumu Referral Hospital,Cholera,1
2022-12-24,Kisumu Referral Hospital,Cholera,4
2022-12-25,Kisumu Referral Hospital,Cholera,2
2022-12-26,Kisumu Referral Hospital,Cholera,1
2022-12-27,Kisumu Referral Hospital,Cholera,1
2022-12-28,Kisumu Referral Hospital,Cholera,1
2022-12-29,Kisumu Referral Hospital,Cholera,3
2022-12-30,Kisumu Referral Hospital,Cholera,2
2022-12-31,Kisumu Referral Hospital,Cholera,1
2023-01-01,Kisumu Referral Hospital,Cholera,1
2023-01-02,Kisumu Referral Hospital,Cholera,1
2023-01-03,Kisumu Referral Hospital,Cholera,2
2023-01-04,Kisumu Referral Hospital,Cholera,1
2023-01-05,Kisumu Referral Hospital,Cholera,4
2023-01-06,Kisumu Referral Hospital,Cholera,4
2023-01-07,Kisumu Referral Hospital,Cholera,4
2023-01-08,Kisumu Referral Hospital,Cholera,1
2023-01-09,Kisumu Referral Hospital,Cholera,4
2023-01-10,Kisumu Referral Hospital,Cholera,2
2023-01-11,Kisumu Referral Hospital,Cholera,2
2023-01-12,Kisumu Referral Hospital,Cholera,2
2023-01-13,Kisumu Referral Hospital,Cholera,3
2023-01-14,Kisumu Referral Hospital,Cholera,0
2023-01-15,Kisumu Referral Hospital,Cholera,2
2023-01-16,Kisumu Referral Hospital,Cholera,3
2023-01-17,Kisumu Referral Hospital,Cholera,2
2023-01-18,Kisumu Referral Hospital,Cholera,5
2023-01-19,Kisumu Referral Hospital,Cholera,4
2023-01-20,Kisumu Referral Hospital,Cholera,7
2023-01-21,Kisumu Referral Hospital,Cholera,4
2023-01-22,Kisumu Referral Hospital,Cholera,0
2023-01-23,Kisumu Referral Hospital,Cholera,5
2023-01-24,Kisumu Referral Hospital,Cholera,2
2023-01-25,Kisumu Referral Hospital,Cholera,2
2023-01-26,Kisumu Referral Hospital,Cholera,3
2023-01-27,Kisumu Referral Hospital,Cholera,3
2023-01-28,Kisumu Referral Hospital,Cholera,2
2023-01-29,Kisumu Referral Hospital,Cholera,1
2023-01-30,Kisumu Referral Hospital,Cholera,4
2023-01-31,Kisumu Referral Hospital,Cholera,5
2023-02-01,Kisumu Referral Hospital,Cholera,5
2023-02-02,Kisumu Referral Hospital,Cholera,6
2023-02-03,Kisumu Referral Hospital,Cholera,2
2023-02-04,Kisumu Referral Hospital,Cholera,2
2023-02-05,Kisumu Referral Hospital,Cholera,1
2023-02-06,Kisumu Referral Hospital,Cholera,4
2023-02-07,Kisumu Referral Hospital,Cholera,3
2023-02-08,Kisumu Referral Hospital,Cholera,2
2023-02-09,Kisumu Referral Hospital,Cholera,2
2023-02-10,Kisumu Referral Hospital,Cholera,3
2023-02-11,Kisumu Referral Hospital,Cholera,5
2023-02-12,Kisumu Referral Hospital,Cholera,2
2023-02-13,Kisumu Referral Hospital,Cholera,1
2023-02-14,Kisumu Referral Hospital,Cholera,1
2023-02-15,Kisumu Referral Hospital,Cholera,4
2023-02-16,Kisumu Referral Hospital,Cholera,2
2023-02-17,Kisumu Referral Hospital,Cholera,4
2023-02-18,Kisumu Referral Hospital,Cholera,2
2023-02-19,Kisumu Referral Hospital,Cholera,2
2023-02-20,Kisumu Referral Hospital,Cholera,5
2023-02-21,Kisumu Referral Hospital,Cholera,2
2023-02-22,Kisumu Referral Hospital,Cholera,7
2023-02-23,Kisumu Referral Hospital,Cholera,3
2023-02-24,Kisumu Referral Hospital,Cholera,7
2023-02-25,Kisumu Referral Hospital,Cholera,0
2023-02-26,Kisumu Referral Hospital,Cholera,2
2023-02-27,Kisumu Referral Hospital,Cholera,3
2023-02-28,Kisumu Referral Hospital,Cholera,6
2023-03-01,Kisumu Referral Hospital,Cholera,3
2023-03-02,Kisumu Referral Hospital,Cholera,6
2023-03-03,Kisumu Referral Hospital,Cholera,4
2023-03-04,Kisumu Referral Hospital,Cholera,4
2023-03-05,Kisumu Referral Hospital,Cholera,1
2023-03-06,Kisumu Referral Hospital,Cholera,7
2023-03-07,Kisumu Referral Hospital,Cholera,6
2023-03-08,Kisumu Referral Hospital,Cholera,3
2023-03-09,Kisumu Referral Hospital,Cholera,4
2023-03-10,Kisumu Referral Hospital,Cholera,2
2023-03-11,Kisumu Referral Hospital,Cholera,6
2023-03-12,Kisumu Referral Hospital,Cholera,3
2023-03-13,Kisumu Referral Hospital,Cholera,1
2023-03-14,Kisumu Referral Hospital,Cholera,4
2023-03-15,Kisumu Referral Hospital,Cholera,5
2023-03-16,Kisumu Referral Hospital,Cholera,4
2023-03-17,Kisumu Referral Hospital,Cholera,4
2023-03-18,Kisumu Referral Hospital,Cholera,1
2023-03-19,Kisumu Referral Hospital,Cholera,2
2023-03-20,Kisumu Referral Hospital,Cholera,2
2023-03-21,Kisumu Referral Hospital,Cholera,1
2023-03-22,Kisumu Referral Hospital,Cholera,10
2023-03-23,Kisumu Referral Hospital,Cholera,4
2023-03-24,Kisumu Referral Hospital,Cholera,3
2023-03-25,Kisumu Referral Hospital,Cholera,1
2023-03-26,Kisumu Referral Hospital,Cholera,1
2023-03-27,Kisumu Referral Hospital,Cholera,0
2023-03-28,Kisumu Referral Hospital,Cholera,3
2023-03-29,Kisumu Referral Hospital,Cholera,5
2023-03-30,Kisumu Referral Hospital,Cholera,3
2023-03-31,Kisumu Referral Hospital,Cholera,2
2023-04-01,Kisumu Referral Hospital,Cholera,2
2023-04-02,Kisumu Referral Hospital,Cholera,2
2023-04-03,Kisumu Referral Hospital,Cholera,2
2023-04-04,Kisumu Referral Hospital,Cholera,1
2023-04-05,Kisumu Referral Hospital,Cholera,4
2023-04-06,Kisumu Referral Hospital,Cholera,2
2023-04-07,Kisumu Referral Hospital,Cholera,2
2023-04-08,Kisumu Referral Hospital,Cholera,2
2023-04-09,Kisumu Referral Hospital,Cholera,6
2023-04-10,Kisumu Referral Hospital,Cholera,1
2023-04-11,Kisumu Referral Hospital,Cholera,6
2023-04-12,Kisumu Referral Hospital,Cholera,6
2023-04-13,Kisumu Referral Hospital,Cholera,15
2023-04-14,Kisumu Referral Hospital,Cholera,15
2023-04-15,Kisumu Referral Hospital,Cholera,10
2023-04-16,Kisumu Referral Hospital,Cholera,15
2023-04-17,Kisumu Referral Hospital,Cholera,20
2023-04-18,Kisumu Referral Hospital,Cholera,26
2023-04-19,Kisumu Referral Hospital,Cholera,24
2023-04-20,Kisumu Referral Hospital,Cholera,23
2023-04-21,Kisumu Referral Hospital,Cholera,22
2023-04-22,Kisumu Referral Hospital,Cholera,17
2023-04-23,Kisumu Referral Hospital,Cholera,22
2023-04-24,Kisumu Referral Hospital,Cholera,23
2023-04-25,Kisumu Referral Hospital,Cholera,19
2023-04-26,Kisumu Referral Hospital,Cholera,20
2023-04-27,Kisumu Referral Hospital,Cholera,12
2023-04-28,Kisumu Referral Hospital,Cholera,14
2023-04-29,Kisumu Referral Hospital,Cholera,7
2023-04-30,Kisumu Referral Hospital,Cholera,8
2023-05-01,Kisumu Referral Hospital,Cholera,5
2023-05-02,Kisumu Referral Hospital,Cholera,5
2023-05-03,Kisumu Referral Hospital,Cholera,7
2023-05-04,Kisumu Referral Hospital,Cholera,6
2023-05-05,Kisumu Referral Hospital,Cholera,3
2023-05-06,Kisumu Referral Hospital,Cholera,3
2023-05-07,Kisumu Referral Hospital,Cholera,4
2023-05-08,Kisumu Referral Hospital,Cholera,5
2023-05-09,Kisumu Referral Hospital,Cholera,3
2023-05-10,Kisumu Referral Hospital,Cholera,2
2023-05-11,Kisumu Referral Hospital,Cholera,3
2023-05-12,Kisumu Referral Hospital,Cholera,5
2023-05-13,Kisumu Referral Hospital,Cholera,1
2023-05-14,Kisumu Referral Hospital,Cholera,3
2023-05-15,Kisumu Referral Hospital,Cholera,1
2023-05-16,Kisumu Referral Hospital,Cholera,1
2023-05-17,Kisumu Referral Hospital,Cholera,4
2023-05-18,Kisumu Referral Hospital,Cholera,1
2023-05-19,Kisumu Referral Hospital,Cholera,5
2023-05-20,Kisumu Referral Hospital,Cholera,2
2023-05-21,Kisumu Referral Hospital,Cholera,4
2023-05-22,Kisumu Referral Hospital,Cholera,4
2023-05-23,Kisumu Referral Hospital,Cholera,3
2023-05-24,Kisumu Referral Hospital,Cholera,1
2023-05-25,Kisumu Referral Hospital,Cholera,6
2023-05-26,Kisumu Referral Hospital,Cholera,4
2023-05-27,Kisumu Referral Hospital,Cholera,2
2023-05-28,Kisumu Referral Hospital,Cholera,2
2023-05-29,Kisumu Referral Hospital,Cholera,1
2023-05-30,Kisumu Referral Hospital,Cholera,6
2023-05-31,Kisumu Referral Hospital,Cholera,2
2023-06-01,Kisumu Referral Hospital,Cholera,2
2023-06-02,Kisumu Referral Hospital,Cholera,2
2023-06-03,Kisumu Referral Hospital,Cholera,2
2023-06-04,Kisumu Referral Hospital,Cholera,1
2023-06-05,Kisumu Referral Hospital,Cholera,1
2023-06-06,Kisumu Referral Hospital,Cholera,1
2023-06-07,Kisumu Referral Hospital,Cholera,4
2023-06-08,Kisumu Referral Hospital,Cholera,1
2023-06-09,Kisumu Referral Hospital,Cholera,0
2023-06-10,Kisumu Referral Hospital,Cholera,2
2023-06-11,Kisumu Referral Hospital,Cholera,1
2023-06-12,Kisumu Referral Hospital,Cholera,4
2023-06-13,Kisumu Referral Hospital,Cholera,1
2023-06-14,Kisumu Referral Hospital,Cholera,4
2023-06-15,Kisumu Referral Hospital,Cholera,2
2023-06-16,Kisumu Referral Hospital,Cholera,1
2023-06-17,Kisumu Referral Hospital,Cholera,2
2023-06-18,Kisumu Referral Hospital,Cholera,4
2023-06-19,Kisumu Referral Hospital,Cholera,4
2023-06-20,Kisumu Referral Hospital,Cholera,6
2023-06-21,Kisumu Referral Hospital,Cholera,5
2023-06-22,Kisumu Referral Hospital,Cholera,1
2023-06-23,Kisumu Referral Hospital,Cholera,3
2023-06-24,Kisumu Referral Hospital,Cholera,0
2023-06-25,Kisumu Referral Hospital,Cholera,3
2023-06-26,Kisumu Referral Hospital,Cholera,6
2023-06-27,Kisumu Referral Hospital,Cholera,2
2023-06-28,Kisumu Referral Hospital,Cholera,6
2023-06-29,Kisumu Referral Hospital,Cholera,2
2023-06-30,Kisumu Referral Hospital,Cholera,1
2023-07-01,Kisumu Referral Hospital,Cholera,2
2023-07-02,Kisumu Referral Hospital,Cholera,2
2023-07-03,Kisumu Referral Hospital,Cholera,3
2023-07-04,Kisumu Referral Hospital,Cholera,1
2023-07-05,Kisumu Referral Hospital,Cholera,3
2023-07-06,Kisumu Referral Hospital,Cholera,3
2023-07-07,Kisumu Referral Hospital,Cholera,3
2023-07-08,Kisumu Referral Hospital,Cholera,3
2023-07-09,Kisumu Referral Hospital,Cholera,4
2023-07-10,Kisumu Referral Hospital,Cholera,2
2023-07-11,Kisumu Referral Hospital,Cholera,3
2023-07-12,Kisumu Referral Hospital,Cholera,5
2023-07-13,Kisumu Referral Hospital,Cholera,2
2023-07-14,Kisumu Referral Hospital,Cholera,2
2023-07-15,Kisumu Referral Hospital,Cholera,0
2023-07-16,Kisumu Referral Hospital,Cholera,1
2023-07-17,Kisumu Referral Hospital,Cholera,1
2023-07-18,Kisumu Referral Hospital,Cholera,0
2023-07-19,Kisumu Referral Hospital,Cholera,6
2023-07-20,Kisumu Referral Hospital,Cholera,3
2023-07-21,Kisumu Referral Hospital,Cholera,5
2023-07-22,Kisumu Referral Hospital,Cholera,2
2023-07-23,Kisumu Referral Hospital,Cholera,3
2023-07-24,Kisumu Referral Hospital,Cholera,1
2023-07-25,Kisumu Referral Hospital,Cholera,4
2023-07-26,Kisumu Referral Hospital,Cholera,2
2023-07-27,Kisumu Referral Hospital,Cholera,1
2023-07-28,Kisumu Referral Hospital,Cholera,2
2023-07-29,Kisumu Referral Hospital,Cholera,1
2023-07-30,Kisumu Referral Hospital,Cholera,0
2023-07-31,Kisumu Referral Hospital,Cholera,0
2023-08-01,Kisumu Referral Hospital,Cholera,5
2023-08-02,Kisumu Referral Hospital,Cholera,2
2023-08-03,Kisumu Referral Hospital,Cholera,1
2023-08-04,Kisumu Referral Hospital,Cholera,1
2023-08-05,Kisumu Referral Hospital,Cholera,1
2023-08-06,Kisumu Referral Hospital,Cholera,1
2023-08-07,Kisumu Referral Hospital,Cholera,2
2023-08-08,Kisumu Referral Hospital,Cholera,3
2023-08-09,Kisumu Referral Hospital,Cholera,3
2023-08-10,Kisumu Referral Hospital,Cholera,5
2023-08-11,Kisumu Referral Hospital,Cholera,2
2023-08-12,Kisumu Referral Hospital,Cholera,1
2023-08-13,Kisumu Referral Hospital,Cholera,1
2023-08-14,Kisumu Referral Hospital,Cholera,2
2023-08-15,Kisumu Referral Hospital,Cholera,3
2023-08-16,Kisumu Referral Hospital,Cholera,2
2023-08-17,Kisumu Referral Hospital,Cholera,3
2023-08-18,Kisumu Referral Hospital,Cholera,0
2023-08-19,Kisumu Referral Hospital,Cholera,2
2023-08-20,Kisumu Referral Hospital,Cholera,1
2023-08-21,Kisumu Referral Hospital,Cholera,5
2023-08-22,Kisumu Referral Hospital,Cholera,3
2023-08-23,Kisumu Referral Hospital,Cholera,2
2023-08-24,Kisumu Referral Hospital,Cholera,2
2023-08-25,Kisumu Referral Hospital,Cholera,0
2023-08-26,Kisumu Referral Hospital,Cholera,0
2023-08-27,Kisumu Referral Hospital,Cholera,0
2023-08-28,Kisumu Referral Hospital,Cholera,1
2023-08-29,Kisumu Referral Hospital,Cholera,1
2023-08-30,Kisumu Referral Hospital,Cholera,1
2023-08-31,Kisumu Referral Hospital,Cholera,1
2023-09-01,Kisumu Referral Hospital,Cholera,2
2023-09-02,Kisumu Referral Hospital,Cholera,5
2023-09-03,Kisumu Referral Hospital,Cholera,2
2023-09-04,Kisumu Referral Hospital,Cholera,1
2023-09-05,Kisumu Referral Hospital,Cholera,5
2023-09-06,Kisumu Referral Hospital,Cholera,1
2023-09-07,Kisumu Referral Hospital,Cholera,5
2023-09-08,Kisumu Referral Hospital,Cholera,0
2023-09-09,Kisumu Referral Hospital,Cholera,1
2023-09-10,Kisumu Referral Hospital,Cholera,1
2023-09-11,Kisumu Referral Hospital,Cholera,2
2023-09-12,Kisumu Referral Hospital,Cholera,1
2023-09-13,Kisumu Referral Hospital,Cholera,2
2023-09-14,Kisumu Referral Hospital,Cholera,2
2023-09-15,Kisumu Referral Hospital,Cholera,3
2023-09-16,Kisumu Referral Hospital,Cholera,1
2023-09-17,Kisumu Referral Hospital,Cholera,0
2023-09-18,Kisumu Referral Hospital,Cholera,2
2023-09-19,Kisumu Referral Hospital,Cholera,4
2023-09-20,Kisumu Referral Hospital,Cholera,1
2023-09-21,Kisumu Referral Hospital,Cholera,1
2023-09-22,Kisumu Referral Hospital,Cholera,0
2023-09-23,Kisumu Referral Hospital,Cholera,0
2023-09-24,Kisumu Referral Hospital,Cholera,0
2023-09-25,Kisumu Referral Hospital,Cholera,0
2023-09-26,Kisumu Referral Hospital,Cholera,1
2023-09-27,Kisumu Referral Hospital,Cholera,0
2023-09-28,Kisumu Referral Hospital,Cholera,5
2023-09-29,Kisumu Referral Hospital,Cholera,0
2023-09-30,Kisumu Referral Hospital,Cholera,0
2023-10-01,Kisumu Referral Hospital,Cholera,3
2023-10-02,Kisumu Referral Hospital,Cholera,0
2023-10-03,Kisumu Referral Hospital,Cholera,0
2023-10-04,Kisumu Referral Hospital,Cholera,1
2023-10-05,Kisumu Referral Hospital,Cholera,3
2023-10-06,Kisumu Referral Hospital,Cholera,0
2023-10-07,Kisumu Referral Hospital,Cholera,1
2023-10-08,Kisumu Referral Hospital,Cholera,2
2023-10-09,Kisumu Referral Hospital,Cholera,0
2023-10-10,Kisumu Referral Hospital,Cholera,1
2023-10-11,Kisumu Referral Hospital,Cholera,1
2023-10-12,Kisumu Referral Hospital,Cholera,0
2023-10-13,Kisumu Referral Hospital,Cholera,2
2023-10-14,Kisumu Referral Hospital,Cholera,2
2023-10-15,Kisumu Referral Hospital,Cholera,0
2023-10-16,Kisumu Referral Hospital,Cholera,0
2023-10-17,Kisumu Referral Hospital,Cholera,0
2023-10-18,Kisumu Referral Hospital,Cholera,2
2023-10-19,Kisumu Referral Hospital,Cholera,1
2023-10-20,Kisumu Referral Hospital,Cholera,1
2023-10-21,Kisumu Referral Hospital,Cholera,1
2023-10-22,Kisumu Referral Hospital,Cholera,0
2023-10-23,Kisumu Referral Hospital,Cholera,2
2023-10-24,Kisumu Referral Hospital,Cholera,2
2023-10-25,Kisumu Referral Hospital,Cholera,3
2023-10-26,Kisumu Referral Hospital,Cholera,2
2023-10-27,Kisumu Referral Hospital,Cholera,2
2023-10-28,Kisumu Referral Hospital,Cholera,3
2023-10-29,Kisumu Referral Hospital,Cholera,1
2023-10-30,Kisumu Referral Hospital,Cholera,0
2023-10-31,Kisumu Referral Hospital,Cholera,2
2023-11-01,Kisumu Referral Hospital,Cholera,3
2023-11-02,Kisumu Referral Hospital,Cholera,0
2023-11-03,Kisumu Referral Hospital,Cholera,2
2023-11-04,Kisumu Referral Hospital,Cholera,1
2023-11-05,Kisumu Referral Hospital,Cholera,5
2023-11-06,Kisumu Referral Hospital,Cholera,1
2023-11-07,Kisumu Referral Hospital,Cholera,1
2023-11-08,Kisumu Referral Hospital,Cholera,1
2023-11-09,Kisumu Referral Hospital,Cholera,3
2023-11-10,Kisumu Referral Hospital,Cholera,1
2023-11-11,Kisumu Referral Hospital,Cholera,1
2023-11-12,Kisumu Referral Hospital,Cholera,2
2023-11-13,Kisumu Referral Hospital,Cholera,1
2023-11-14,Kisumu Referral Hospital,Cholera,1
2023-11-15,Kisumu Referral Hospital,Cholera,1
2023-11-16,Kisumu Referral Hospital,Cholera,2
2023-11-17,Kisumu Referral Hospital,Cholera,1
2023-11-18,Kisumu Referral Hospital,Cholera,1
2023-11-19,Kisumu Referral Hospital,Cholera,1
2023-11-20,Kisumu Referral Hospital,Cholera,1
2023-11-21,Kisumu Referral Hospital,Cholera,1
2023-11-22,Kisumu Referral Hospital,Cholera,1
2023-11-23,Kisumu Referral Hospital,Cholera,3
2023-11-24,Kisumu Referral Hospital,Cholera,1
2023-11-25,Kisumu Referral Hospital,Cholera,1
2023-11-26,Kisumu Referral Hospital,Cholera,0
2023-11-27,Kisumu Referral Hospital,Cholera,1
2023-11-28,Kisumu Referral Hospital,Cholera,1
2023-11-29,Kisumu Referral Hospital,Cholera,0
2023-11-30,Kisumu Referral Hospital,Cholera,0
2023-12-01,Kisumu Referral Hospital,Cholera,1
2023-12-02,Kisumu Referral Hospital,Cholera,0
2023-12-03,Kisumu Referral Hospital,Cholera,0
2023-12-04,Kisumu Referral Hospital,Cholera,0
2023-12-05,Kisumu Referral Hospital,Cholera,3
2023-12-06,Kisumu Referral Hospital,Cholera,2
2023-12-07,Kisumu Referral Hospital,Cholera,1
2023-12-08,Kisumu Referral Hospital,Cholera,0
2023-12-09,Kisumu Referral Hospital,Cholera,2
2023-12-10,Kisumu Referral Hospital,Cholera,1
2023-12-11,Kisumu Referral Hospital,Cholera,3
2023-12-12,Kisumu Referral Hospital,Cholera,2
2023-12-13,Kisumu Referral Hospital,Cholera,4
2023-12-14,Kisumu Referral Hospital,Cholera,0
2023-12-15,Kisumu Referral Hospital,Cholera,4
2023-12-16,Kisumu Referral Hospital,Cholera,4
2023-12-17,Kisumu Referral Hospital,Cholera,3
2023-12-18,Kisumu Referral Hospital,Cholera,1
2023-12-19,Kisumu Referral Hospital,Cholera,1
2023-12-20,Kisumu Referral Hospital,Cholera,2
2023-12-21,Kisumu Referral Hospital,Cholera,3
2023-12-22,Kisumu Referral Hospital,Cholera,3
2023-12-23,Kisumu Referral Hospital,Cholera,1
2023-12-24,Kisumu Referral Hospital,Cholera,3
2023-12-25,Kisumu Referral Hospital,Cholera,1
2023-12-26,Kisumu Referral Hospital,Cholera,3
2023-12-27,Kisumu Referral Hospital,Cholera,1
2023-12-28,Kisumu Referral Hospital,Cholera,1
2023-12-29,Kisumu Referral Hospital,Cholera,2
2023-12-30,Kisumu Referral Hospital,Cholera,1
2023-12-31,Kisumu Referral Hospital,Cholera,2
2024-01-01,Kisumu Referral Hospital,Cholera,2
2024-01-02,Kisumu Referral Hospital,Cholera,5
2024-01-03,Kisumu Referral Hospital,Cholera,2
2024-01-04,Kisumu Referral Hospital,Cholera,3
2024-01-05,Kisumu Referral Hospital,Cholera,5
2024-01-06,Kisumu Referral Hospital,Cholera,1
2024-01-07,Kisumu Referral Hospital,Cholera,4
2024-01-08,Kisumu Referral Hospital,Cholera,2
2024-01-09,Kisumu Referral Hospital,Cholera,2
2024-01-10,Kisumu Referral Hospital,Cholera,2
2024-01-11,Kisumu Referral Hospital,Cholera,1
2024-01-12,Kisumu Referral Hospital,Cholera,4
2024-01-13,Kisumu Referral Hospital,Cholera,3
2024-01-14,Kisumu Referral Hospital,Cholera,5
2024-01-15,Kisumu Referral Hospital,Cholera,3
2024-01-16,Kisumu Referral Hospital,Cholera,3
2024-01-17,Kisumu Referral Hospital,Cholera,3
2024-01-18,Kisumu Referral Hospital,Cholera,0
2024-01-19,Kisumu Referral Hospital,Cholera,3
2024-01-20,Kisumu Referral Hospital,Cholera,3
2024-01-21,Kisumu Referral Hospital,Cholera,5
2024-01-22,Kisumu Referral Hospital,Cholera,6
2024-01-23,Kisumu Referral Hospital,Cholera,7
2024-01-24,Kisumu Referral Hospital,Cholera,2
2024-01-25,Kisumu Referral Hospital,Cholera,5
2024-01-26,Kisumu Referral Hospital,Cholera,3
2024-01-27,Kisumu Referral Hospital,Cholera,0
2024-01-28,Kisumu Referral Hospital,Cholera,7
2024-01-29,Kisumu Referral Hospital,Cholera,0
2024-01-30,Kisumu Referral Hospital,Cholera,3
2024-01-31,Kisumu Referral Hospital,Cholera,1
2024-02-01,Kisumu Referral Hospital,Cholera,1
2024-02-02,Kisumu Referral Hospital,Cholera,2
2024-02-03,Kisumu Referral Hospital,Cholera,3
2024-02-04,Kisumu Referral Hospital,Cholera,2
2024-02-05,Kisumu Referral Hospital,Cholera,1
2024-02-06,Kisumu Referral Hospital,Cholera,1
2024-02-07,Kisumu Referral Hospital,Cholera,3
2024-02-08,Kisumu Referral Hospital,Cholera,1
2024-02-09,Kisumu Referral Hospital,Cholera,3
2024-02-10,Kisumu Referral Hospital,Cholera,5
2024-02-11,Kisumu Referral Hospital,Cholera,1
2024-02-12,Kisumu Referral Hospital,Cholera,5
2024-02-13,Kisumu Referral Hospital,Cholera,2
2024-02-14,Kisumu Referral Hospital,Cholera,2
2024-02-15,Kisumu Referral Hospital,Cholera,2
2024-02-16,Kisumu Referral Hospital,Cholera,5
2024-02-17,Kisumu Referral Hospital,Cholera,3
2024-02-18,Kisumu Referral Hospital,Cholera,5
2024-02-19,Kisumu Referral Hospital,Cholera,4
2024-02-20,Kisumu Referral Hospital,Cholera,5
2024-02-21,Kisumu Referral Hospital,Cholera,1
2024-02-22,Kisumu Referral Hospital,Cholera,4
2024-02-23,Kisumu Referral Hospital,Cholera,2
2024-02-24,Kisumu Referral Hospital,Cholera,1
2024-02-25,Kisumu Referral Hospital,Cholera,4
2024-02-26,Kisumu Referral Hospital,Cholera,3
2024-02-27,Kisumu Referral Hospital,Cholera,2
2024-02-28,Kisumu Referral Hospital,Cholera,2
2024-02-29,Kisumu Referral Hospital,Cholera,2
2024-03-01,Kisumu Referral Hospital,Cholera,2
2024-03-02,Kisumu Referral Hospital,Cholera,5
2024-03-03,Kisumu Referral Hospital,Cholera,0
2024-03-04,Kisumu Referral Hospital,Cholera,5
2024-03-05,Kisumu Referral Hospital,Cholera,4
2024-03-06,Kisumu Referral Hospital,Cholera,4
2024-03-07,Kisumu Referral Hospital,Cholera,5
2024-03-08,Kisumu Referral Hospital,Cholera,3
2024-03-09,Kisumu Referral Hospital,Cholera,4
2024-03-10,Kisumu Referral Hospital,Cholera,4
2024-03-11,Kisumu Referral Hospital,Cholera,6
2024-03-12,Kisumu Referral Hospital,Cholera,2
2024-03-13,Kisumu Referral Hospital,Cholera,7
2024-03-14,Kisumu Referral Hospital,Cholera,4
2024-03-15,Kisumu Referral Hospital,Cholera,1
2024-03-16,Kisumu Referral Hospital,Cholera,4
2024-03-17,Kisumu Referral Hospital,Cholera,1
2024-03-18,Kisumu Referral Hospital,Cholera,3
2024-03-19,Kisumu Referral Hospital,Cholera,4
2024-03-20,Kisumu Referral Hospital,Cholera,1
2024-03-21,Kisumu Referral Hospital,Cholera,4
2024-03-22,Kisumu Referral Hospital,Cholera,7
2024-03-23,Kisumu Referral Hospital,Cholera,4
2024-03-24,Kisumu Referral Hospital,Cholera,5
2024-03-25,Kisumu Referral Hospital,Cholera,4
2024-03-26,Kisumu Referral Hospital,Cholera,5
2024-03-27,Kisumu Referral Hospital,Cholera,3
2024-03-28,Kisumu Referral Hospital,Cholera,1
2024-03-29,Kisumu Referral Hospital,Cholera,2
2024-03-30,Kisumu Referral Hospital,Cholera,3
2024-03-31,Kisumu Referral Hospital,Cholera,2
2024-04-01,Kisumu Referral Hospital,Cholera,7
2024-04-02,Kisumu Referral Hospital,Cholera,6
2024-04-03,Kisumu Referral Hospital,Cholera,3
2024-04-04,Kisumu Referral Hospital,Cholera,4
2024-04-05,Kisumu Referral Hospital,Cholera,5
2024-04-06,Kisumu Referral Hospital,Cholera,2
2024-04-07,Kisumu Referral Hospital,Cholera,5
2024-04-08,Kisumu Referral Hospital,Cholera,3
2024-04-09,Kisumu Referral Hospital,Cholera,6
2024-04-10,Kisumu Referral Hospital,Cholera,3
2024-04-11,Kisumu Referral Hospital,Cholera,2
2024-04-12,Kisumu Referral Hospital,Cholera,4
2024-04-13,Kisumu Referral Hospital,Cholera,2
2024-04-14,Kisumu Referral Hospital,Cholera,3
2024-04-15,Kisumu Referral Hospital,Cholera,3
2024-04-16,Kisumu Referral Hospital,Cholera,4
2024-04-17,Kisumu Referral Hospital,Cholera,5
2024-04-18,Kisumu Referral Hospital,Cholera,4
2024-04-19,Kisumu Referral Hospital,Cholera,5
2024-04-20,Kisumu Referral Hospital,Cholera,5
2024-04-21,Kisumu Referral Hospital,Cholera,4
2024-04-22,Kisumu Referral Hospital,Cholera,3
2024-04-23,Kisumu Referral Hospital,Cholera,5
2024-04-24,Kisumu Referral Hospital,Cholera,3
2024-04-25,Kisumu Referral Hospital,Cholera,4
2024-04-26,Kisumu Referral Hospital,Cholera,4
2024-04-27,Kisumu Referral Hospital,Cholera,3
2024-04-28,Kisumu Referral Hospital,Cholera,7
2024-04-29,Kisumu Referral Hospital,Cholera,1
2024-04-30,Kisumu Referral Hospital,Cholera,2
2024-05-01,Kisumu Referral Hospital,Cholera,3
2024-05-02,Kisumu Referral Hospital,Cholera,1
2024-05-03,Kisumu Referral Hospital,Cholera,3
2024-05-04,Kisumu Referral Hospital,Cholera,4
2024-05-05,Kisumu Referral Hospital,Cholera,5
2024-05-06,Kisumu Referral Hospital,Cholera,2
2024-05-07,Kisumu Referral Hospital,Cholera,1
2024-05-08,Kisumu Referral Hospital,Cholera,7
2024-05-09,Kisumu Referral Hospital,Cholera,2
2024-05-10,Kisumu Referral Hospital,Cholera,3
2024-05-11,Kisumu Referral Hospital,Cholera,3
2024-05-12,Kisumu Referral Hospital,Cholera,3
2024-05-13,Kisumu Referral Hospital,Cholera,1
2024-05-14,Kisumu Referral Hospital,Cholera,5
2024-05-15,Kisumu Referral Hospital,Cholera,3
2024-05-16,Kisumu Referral Hospital,Cholera,2
2024-05-17,Kisumu Referral Hospital,Cholera,2
2024-05-18,Kisumu Referral Hospital,Cholera,3
2024-05-19,Kisumu Referral Hospital,Cholera,3
2024-05-20,Kisumu Referral Hospital,Cholera,1
2024-05-21,Kisumu Referral Hospital,Cholera,5
2024-05-22,Kisumu Referral Hospital,Cholera,4
2024-05-23,Kisumu Referral Hospital,Cholera,6
2024-05-24,Kisumu Referral Hospital,Cholera,2
2024-05-25,Kisumu Referral Hospital,Cholera,3
2024-05-26,Kisumu Referral Hospital,Cholera,2
2024-05-27,Kisumu Referral Hospital,Cholera,4
2024-05-28,Kisumu Referral Hospital,Cholera,4
2024-05-29,Kisumu Referral Hospital,Cholera,3
2024-05-30,Kisumu Referral Hospital,Cholera,3
2024-05-31,Kisumu Referral Hospital,Cholera,5
2024-06-01,Kisumu Referral Hospital,Cholera,2
2024-06-02,Kisumu Referral Hospital,Cholera,6
2024-06-03,Kisumu Referral Hospital,Cholera,3
2024-06-04,Kisumu Referral Hospital,Cholera,3
2024-06-05,Kisumu Referral Hospital,Cholera,3
2024-06-06,Kisumu Referral Hospital,Cholera,4
2024-06-07,Kisumu Referral Hospital,Cholera,4
2024-06-08,Kisumu Referral Hospital,Cholera,3
2024-06-09,Kisumu Referral Hospital,Cholera,3
2024-06-10,Kisumu Referral Hospital,Cholera,0
2024-06-11,Kisumu Referral Hospital,Cholera,5
2024-06-12,Kisumu Referral Hospital,Cholera,2
2024-06-13,Kisumu Referral Hospital,Cholera,2
2024-06-14,Kisumu Referral Hospital,Cholera,6
2024-06-15,Kisumu Referral Hospital,Cholera,4
2024-06-16,Kisumu Referral Hospital,Cholera,1
2024-06-17,Kisumu Referral Hospital,Cholera,5
2024-06-18,Kisumu Referral Hospital,Cholera,2
2024-06-19,Kisumu Referral Hospital,Cholera,1
2024-06-20,Kisumu Referral Hospital,Cholera,5
2024-06-21,Kisumu Referral Hospital,Cholera,0
2024-06-22,Kisumu Referral Hospital,Cholera,3
2024-06-23,Kisumu Referral Hospital,Cholera,2
2024-06-24,Kisumu Referral Hospital,Cholera,2
2024-06-25,Kisumu Referral Hospital,Cholera,3
2024-06-26,Kisumu Referral Hospital,Cholera,6
2024-06-27,Kisumu Referral Hospital,Cholera,0
2024-06-28,Kisumu Referral Hospital,Cholera,3
2024-06-29,Kisumu Referral Hospital,Cholera,4
2024-06-30,Kisumu Referral Hospital,Cholera,2
2024-07-01,Kisumu Referral Hospital,Cholera,3
2024-07-02,Kisumu Referral Hospital,Cholera,2
2024-07-03,Kisumu Referral Hospital,Cholera,2
2024-07-04,Kisumu Referral Hospital,Cholera,1
2024-07-05,Kisumu Referral Hospital,Cholera,2
2024-07-06,Kisumu Referral Hospital,Cholera,2
2024-07-07,Kisumu Referral Hospital,Cholera,0
2024-07-08,Kisumu Referral Hospital,Cholera,2
2024-07-09,Kisumu Referral Hospital,Cholera,5
2024-07-10,Kisumu Referral Hospital,Cholera,2
2024-07-11,Kisumu Referral Hospital,Cholera,2
2024-07-12,Kisumu Referral Hospital,Cholera,2
2024-07-13,Kisumu Referral Hospital,Cholera,1
2024-07-14,Kisumu Referral Hospital,Cholera,5
2024-07-15,Kisumu Referral Hospital,Cholera,2
2024-07-16,Kisumu Referral Hospital,Cholera,3
2024-07-17,Kisumu Referral Hospital,Cholera,1
2024-07-18,Kisumu Referral Hospital,Cholera,0
2024-07-19,Kisumu Referral Hospital,Cholera,3
2024-07-20,Kisumu Referral Hospital,Cholera,0
2024-07-21,Kisumu Referral Hospital,Cholera,1
2024-07-22,Kisumu Referral Hospital,Cholera,3
2024-07-23,Kisumu Referral Hospital,Cholera,3
2024-07-24,Kisumu Referral Hospital,Cholera,6
2024-07-25,Kisumu Referral Hospital,Cholera,0
2024-07-26,Kisumu Referral Hospital,Cholera,4
2024-07-27,Kisumu Referral Hospital,Cholera,3
2024-07-28,Kisumu Referral Hospital,Cholera,3
2024-07-29,Kisumu Referral Hospital,Cholera,1
2024-07-30,Kisumu Referral Hospital,Cholera,4
2024-07-31,Kisumu Referral Hospital,Cholera,5
2024-08-01,Kisumu Referral Hospital,Cholera,1
2024-08-02,Kisumu Referral Hospital,Cholera,1
2024-08-03,Kisumu Referral Hospital,Cholera,7
2024-08-04,Kisumu Referral Hospital,Cholera,1
2024-08-05,Kisumu Referral Hospital,Cholera,0
2024-08-06,Kisumu Referral Hospital,Cholera,1
2024-08-07,Kisumu Referral Hospital,Cholera,4
2024-08-08,Kisumu Referral Hospital,Cholera,2
2024-08-09,Kisumu Referral Hospital,Cholera,4
2024-08-10,Kisumu Referral Hospital,Cholera,1
2024-08-11,Kisumu Referral Hospital,Cholera,1
2024-08-12,Kisumu Referral Hospital,Cholera,5
2024-08-13,Kisumu Referral Hospital,Cholera,2
2024-08-14,Kisumu Referral Hospital,Cholera,2
2024-08-15,Kisumu Referral Hospital,Cholera,0
2024-08-16,Kisumu Referral Hospital,Cholera,1
2024-08-17,Kisumu Referral Hospital,Cholera,2
2024-08-18,Kisumu Referral Hospital,Cholera,1
2024-08-19,Kisumu Referral Hospital,Cholera,1
2024-08-20,Kisumu Referral Hospital,Cholera,0
2024-08-21,Kisumu Referral Hospital,Cholera,1
2024-08-22,Kisumu Referral Hospital,Cholera,3
2024-08-23,Kisumu Referral Hospital,Cholera,2
2024-08-24,Kisumu Referral Hospital,Cholera,4
2024-08-25,Kisumu Referral Hospital,Cholera,3
2024-08-26,Kisumu Referral Hospital,Cholera,1
2024-08-27,Kisumu Referral Hospital,Cholera,0
2024-08-28,Kisumu Referral Hospital,Cholera,4
2024-08-29,Kisumu Referral Hospital,Cholera,2
2024-08-30,Kisumu Referral Hospital,Cholera,3
2024-08-31,Kisumu Referral Hospital,Cholera,1
2024-09-01,Kisumu Referral Hospital,Cholera,2
2024-09-02,Kisumu Referral Hospital,Cholera,0
2024-09-03,Kisumu Referral Hospital,Cholera,4
2024-09-04,Kisumu Referral Hospital,Cholera,1
2024-09-05,Kisumu Referral Hospital,Cholera,2
2024-09-06,Kisumu Referral Hospital,Cholera,1
2024-09-07,Kisumu Referral Hospital,Cholera,1
2024-09-08,Kisumu Referral Hospital,Cholera,1
2024-09-09,Kisumu Referral Hospital,Cholera,2
2024-09-10,Kisumu Referral Hospital,Cholera,2
2024-09-11,Kisumu Referral Hospital,Cholera,0
2024-09-12,Kisumu Referral Hospital,Cholera,0
2024-09-13,Kisumu Referral Hospital,Cholera,0
2024-09-14,Kisumu Referral Hospital,Cholera,0
2024-09-15,Kisumu Referral Hospital,Cholera,2
2024-09-16,Kisumu Referral Hospital,Cholera,1
2024-09-17,Kisumu Referral Hospital,Cholera,3
2024-09-18,Kisumu Referral Hospital,Cholera,1
2024-09-19,Kisumu Referral Hospital,Cholera,1
2024-09-20,Kisumu Referral Hospital,Cholera,2
2024-09-21,Kisumu Referral Hospital,Cholera,2
2024-09-22,Kisumu Referral Hospital,Cholera,0
2024-09-23,Kisumu Referral Hospital,Cholera,1
2024-09-24,Kisumu Referral Hospital,Cholera,1
2024-09-25,Kisumu Referral Hospital,Cholera,0
2024-09-26,Kisumu Referral Hospital,Cholera,2
2024-09-27,Kisumu Referral Hospital,Cholera,0
2024-09-28,Kisumu Referral Hospital,Cholera,0
2024-09-29,Kisumu Referral Hospital,Cholera,0
2024-09-30,Kisumu Referral Hospital,Cholera,0
2024-10-01,Kisumu Referral Hospital,Cholera,2
2024-10-02,Kisumu Referral Hospital,Cholera,0
2024-10-03,Kisumu Referral Hospital,Cholera,0
2024-10-04,Kisumu Referral Hospital,Cholera,1
2024-10-05,Kisumu Referral Hospital,Cholera,1
2024-10-06,Kisumu Referral Hospital,Cholera,1
2024-10-07,Kisumu Referral Hospital,Cholera,1
2024-10-08,Kisumu Referral Hospital,Cholera,1
2024-10-09,Kisumu Referral Hospital,Cholera,2
2024-10-10,Kisumu Referral Hospital,Cholera,2
2024-10-11,Kisumu Referral Hospital,Cholera,2
2024-10-12,Kisumu Referral Hospital,Cholera,1
2024-10-13,Kisumu Referral Hospital,Cholera,2
2024-10-14,Kisumu Referral Hospital,Cholera,1
2024-10-15,Kisumu Referral Hospital,Cholera,3
2024-10-16,Kisumu Referral Hospital,Cholera,3
2024-10-17,Kisumu Referral Hospital,Cholera,2
2024-10-18,Kisumu Referral Hospital,Cholera,2
2024-10-19,Kisumu Referral Hospital,Cholera,1
2024-10-20,Kisumu Referral Hospital,Cholera,0
2024-10-21,Kisumu Referral Hospital,Cholera,1
2024-10-22,Kisumu Referral Hospital,Cholera,1
2024-10-23,Kisumu Referral Hospital,Cholera,0
2024-10-24,Kisumu Referral Hospital,Cholera,2
2024-10-25,Kisumu Referral Hospital,Cholera,0
2024-10-26,Kisumu Referral Hospital,Cholera,1
2024-10-27,Kisumu Referral Hospital,Cholera,3
2024-10-28,Kisumu Referral Hospital,Cholera,1
2024-10-29,Kisumu Referral Hospital,Cholera,2
2024-10-30,Kisumu Referral Hospital,Cholera,5
2024-10-31,Kisumu Referral Hospital,Cholera,2
2024-11-01,Kisumu Referral Hospital,Cholera,1
2024-11-02,Kisumu Referral Hospital,Cholera,0
2024-11-03,Kisumu Referral Hospital,Cholera,2
2024-11-04,Kisumu Referral Hospital,Cholera,1
2024-11-05,Kisumu Referral Hospital,Cholera,2
2024-11-06,Kisumu Referral Hospital,Cholera,0
2024-11-07,Kisumu Referral Hospital,Cholera,1
2024-11-08,Kisumu Referral Hospital,Cholera,1
2024-11-09,Kisumu Referral Hospital,Cholera,0
2024-11-10,Kisumu Referral Hospital,Cholera,0
2024-11-11,Kisumu Referral Hospital,Cholera,2
2024-11-12,Kisumu Referral Hospital,Cholera,2
2024-11-13,Kisumu Referral Hospital,Cholera,4
2024-11-14,Kisumu Referral Hospital,Cholera,1
2024-11-15,Kisumu Referral Hospital,Cholera,1
2024-11-16,Kisumu Referral Hospital,Cholera,2
2024-11-17,Kisumu Referral Hospital,Cholera,2
2024-11-18,Kisumu Referral Hospital,Cholera,4
2024-11-19,Kisumu Referral Hospital,Cholera,2
2024-11-20,Kisumu Referral Hospital,Cholera,3
2024-11-21,Kisumu Referral Hospital,Cholera,0
2024-11-22,Kisumu Referral Hospital,Cholera,2
2024-11-23,Kisumu Referral Hospital,Cholera,0
2024-11-24,Kisumu Referral Hospital,Cholera,5
2024-11-25,Kisumu Referral Hospital,Cholera,0
2024-11-26,Kisumu Referral Hospital,Cholera,2
2024-11-27,Kisumu Referral Hospital,Cholera,2
2024-11-28,Kisumu Referral Hospital,Cholera,2
2024-11-29,Kisumu Referral Hospital,Cholera,3
2024-11-30,Kisumu Referral Hospital,Cholera,3
2024-12-01,Kisumu Referral Hospital,Cholera,0
2024-12-02,Kisumu Referral Hospital,Cholera,2
2024-12-03,Kisumu Referral Hospital,Cholera,4
2024-12-04,Kisumu Referral Hospital,Cholera,3
2024-12-05,Kisumu Referral Hospital,Cholera,1
2024-12-06,Kisumu Referral Hospital,Cholera,1
2024-12-07,Kisumu Referral Hospital,Cholera,3
2024-12-08,Kisumu Referral Hospital,Cholera,1
2024-12-09,Kisumu Referral Hospital,Cholera,0
2024-12-10,Kisumu Referral Hospital,Cholera,3
2024-12-11,Kisumu Referral Hospital,Cholera,1
2024-12-12,Kisumu Referral Hospital,Cholera,3
2024-12-13,Kisumu Referral Hospital,Cholera,5
2024-12-14,Kisumu Referral Hospital,Cholera,0
2024-12-15,Kisumu Referral Hospital,Cholera,1
2024-12-16,Kisumu Referral Hospital,Cholera,2
2024-12-17,Kisumu Referral Hospital,Cholera,2
2024-12-18,Kisumu Referral Hospital,Cholera,2
2024-12-19,Kisumu Referral Hospital,Cholera,1
2024-12-20,Kisumu Referral Hospital,Cholera,4
2024-12-21,Kisumu Referral Hospital,Cholera,1
2024-12-22,Kisumu Referral Hospital,Cholera,4
2024-12-23,Kisumu Referral Hospital,Cholera,6
2024-12-24,Kisumu Referral Hospital,Cholera,0
2024-12-25,Kisumu Referral Hospital,Cholera,1
2024-12-26,Kisumu Referral Hospital,Cholera,4
2024-12-27,Kisumu Referral Hospital,Cholera,4
2024-12-28,Kisumu Referral Hospital,Cholera,1
2024-12-29,Kisumu Referral Hospital,Cholera,1
2024-12-30,Kisumu Referral Hospital,Cholera,1
2024-12-31,Kisumu Referral Hospital,Cholera,3
2025-01-01,Kisumu Referral Hospital,Cholera,5
2025-01-02,Kisumu Referral Hospital,Cholera,3
2025-01-03,Kisumu Referral Hospital,Cholera,6
2025-01-04,Kisumu Referral Hospital,Cholera,1
2025-01-05,Kisumu Referral Hospital,Cholera,1
2025-01-06,Kisumu Referral Hospital,Cholera,0
2025-01-07,Kisumu Referral Hospital,Cholera,2
2025-01-08,Kisumu Referral Hospital,Cholera,1
2025-01-09,Kisumu Referral Hospital,Cholera,1
2025-01-10,Kisumu Referral Hospital,Cholera,3
2025-01-11,Kisumu Referral Hospital,Cholera,1
2025-01-12,Kisumu Referral Hospital,Cholera,4
2025-01-13,Kisumu Referral Hospital,Cholera,4
2025-01-14,Kisumu Referral Hospital,Cholera,2
2025-01-15,Kisumu Referral Hospital,Cholera,3
2025-01-16,Kisumu Referral Hospital,Cholera,2
2025-01-17,Kisumu Referral Hospital,Cholera,1
2025-01-18,Kisumu Referral Hospital,Cholera,2
2025-01-19,Kisumu Referral Hospital,Cholera,2
2025-01-20,Kisumu Referral Hospital,Cholera,2
2025-01-21,Kisumu Referral Hospital,Cholera,4
2025-01-22,Kisumu Referral Hospital,Cholera,3
2025-01-23,Kisumu Referral Hospital,Cholera,4
2025-01-24,Kisumu Referral Hospital,Cholera,3
2025-01-25,Kisumu Referral Hospital,Cholera,3
2025-01-26,Kisumu Referral Hospital,Cholera,2
2025-01-27,Kisumu Referral Hospital,Cholera,5
2025-01-28,Kisumu Referral Hospital,Cholera,1
2025-01-29,Kisumu Referral Hospital,Cholera,6
2025-01-30,Kisumu Referral Hospital,Cholera,4
2025-01-31,Kisumu Referral Hospital,Cholera,4
2025-02-01,Kisumu Referral Hospital,Cholera,1
2025-02-02,Kisumu Referral Hospital,Cholera,2
2025-02-03,Kisumu Referral Hospital,Cholera,1
2025-02-04,Kisumu Referral Hospital,Cholera,4
2025-02-05,Kisumu Referral Hospital,Cholera,5
2025-02-06,Kisumu Referral Hospital,Cholera,3
2025-02-07,Kisumu Referral Hospital,Cholera,5
2025-02-08,Kisumu Referral Hospital,Cholera,4
2025-02-09,Kisumu Referral Hospital,Cholera,5
2025-02-10,Kisumu Referral Hospital,Cholera,2
2025-02-11,Kisumu Referral Hospital,Cholera,4
2025-02-12,Kisumu Referral Hospital,Cholera,5
2025-02-13,Kisumu Referral Hospital,Cholera,4
2025-02-14,Kisumu Referral Hospital,Cholera,6
2025-02-15,Kisumu Referral Hospital,Cholera,3
2025-02-16,Kisumu Referral Hospital,Cholera,2
2025-02-17,Kisumu Referral Hospital,Cholera,8
2025-02-18,Kisumu Referral Hospital,Cholera,2
2025-02-19,Kisumu Referral Hospital,Cholera,1
2025-02-20,Kisumu Referral Hospital,Cholera,5
2025-02-21,Kisumu Referral Hospital,Cholera,1
2025-02-22,Kisumu Referral Hospital,Cholera,3
2025-02-23,Kisumu Referral Hospital,Cholera,6
2025-02-24,Kisumu Referral Hospital,Cholera,3
2025-02-25,Kisumu Referral Hospital,Cholera,5
2025-02-26,Kisumu Referral Hospital,Cholera,3
2025-02-27,Kisumu Referral Hospital,Cholera,3
2025-02-28,Kisumu Referral Hospital,Cholera,2
2025-03-01,Kisumu Referral Hospital,Cholera,4
2025-03-02,Kisumu Referral Hospital,Cholera,5
2025-03-03,Kisumu Referral Hospital,Cholera,3
2025-03-04,Kisumu Referral Hospital,Cholera,2
2025-03-05,Kisumu Referral Hospital,Cholera,6
2025-03-06,Kisumu Referral Hospital,Cholera,4
2025-03-07,Kisumu Referral Hospital,Cholera,4
2025-03-08,Kisumu Referral Hospital,Cholera,6
2025-03-09,Kisumu Referral Hospital,Cholera,0
2025-03-10,Kisumu Referral Hospital,Cholera,4
2025-03-11,Kisumu Referral Hospital,Cholera,4
2025-03-12,Kisumu Referral Hospital,Cholera,3
2025-03-13,Kisumu Referral Hospital,Cholera,6
2025-03-14,Kisumu Referral Hospital,Cholera,4
2025-03-15,Kisumu Referral Hospital,Cholera,2
2025-03-16,Kisumu Referral Hospital,Cholera,1
2025-03-17,Kisumu Referral Hospital,Cholera,5
2025-03-18,Kisumu Referral Hospital,Cholera,5
2025-03-19,Kisumu Referral Hospital,Cholera,3
2025-03-20,Kisumu Referral Hospital,Cholera,4
2025-03-21,Kisumu Referral Hospital,Cholera,6
2025-03-22,Kisumu Referral Hospital,Cholera,4
2025-03-23,Kisumu Referral Hospital,Cholera,2
2025-03-24,Kisumu Referral Hospital,Cholera,3
2025-03-25,Kisumu Referral Hospital,Cholera,2
2025-03-26,Kisumu Referral Hospital,Cholera,5
2025-03-27,Kisumu Referral Hospital,Cholera,4
2025-03-28,Kisumu Referral Hospital,Cholera,6
2025-03-29,Kisumu Referral Hospital,Cholera,0
2025-03-30,Kisumu Referral Hospital,Cholera,7
2025-03-31,Kisumu Referral Hospital,Cholera,4
2025-04-01,Kisumu Referral Hospital,Cholera,11
2025-04-02,Kisumu Referral Hospital,Cholera,6
2025-04-03,Kisumu Referral Hospital,Cholera,2
2025-04-04,Kisumu Referral Hospital,Cholera,7
2025-04-05,Kisumu Referral Hospital,Cholera,4
2025-04-06,Kisumu Referral Hospital,Cholera,2
2025-04-07,Kisumu Referral Hospital,Cholera,3
2025-04-08,Kisumu Referral Hospital,Cholera,2
2025-04-09,Kisumu Referral Hospital,Cholera,0
2025-04-10,Kisumu Referral Hospital,Cholera,4
2025-04-11,Kisumu Referral Hospital,Cholera,5
2025-04-12,Kisumu Referral Hospital,Cholera,5
2025-04-13,Kisumu Referral Hospital,Cholera,3
2025-04-14,Kisumu Referral Hospital,Cholera,2
2025-04-15,Kisumu Referral Hospital,Cholera,5
2025-04-16,Kisumu Referral Hospital,Cholera,2
2025-04-17,Kisumu Referral Hospital,Cholera,4
2025-04-18,Kisumu Referral Hospital,Cholera,4
2025-04-19,Kisumu Referral Hospital,Cholera,5
2025-04-20,Kisumu Referral Hospital,Cholera,3
2025-04-21,Kisumu Referral Hospital,Cholera,4
2025-04-22,Kisumu Referral Hospital,Cholera,1
2025-04-23,Kisumu Referral Hospital,Cholera,4
2025-04-24,Kisumu Referral Hospital,Cholera,4
2025-04-25,Kisumu Referral Hospital,Cholera,2
2025-04-26,Kisumu Referral Hospital,Cholera,2
2025-04-27,Kisumu Referral Hospital,Cholera,1
2025-04-28,Kisumu Referral Hospital,Cholera,7
2025-04-29,Kisumu Referral Hospital,Cholera,3
2025-04-30,Kisumu Referral Hospital,Cholera,6
2025-05-01,Kisumu Referral Hospital,Cholera,3
2025-05-02,Kisumu Referral Hospital,Cholera,4
2025-05-03,Kisumu Referral Hospital,Cholera,4
2025-05-04,Kisumu Referral Hospital,Cholera,1
2025-05-05,Kisumu Referral Hospital,Cholera,8
2025-05-06,Kisumu Referral Hospital,Cholera,1
2025-05-07,Kisumu Referral Hospital,Cholera,5
2025-05-08,Kisumu Referral Hospital,Cholera,4
2025-05-09,Kisumu Referral Hospital,Cholera,6
2025-05-10,Kisumu Referral Hospital,Cholera,4
2025-05-11,Kisumu Referral Hospital,Cholera,2
2025-05-12,Kisumu Referral Hospital,Cholera,2
2025-05-13,Kisumu Referral Hospital,Cholera,4
2025-05-14,Kisumu Referral Hospital,Cholera,0
2025-05-15,Kisumu Referral Hospital,Cholera,6
2025-05-16,Kisumu Referral Hospital,Cholera,2
2025-05-17,Kisumu Referral Hospital,Cholera,2
2025-05-18,Kisumu Referral Hospital,Cholera,1
2025-05-19,Kisumu Referral Hospital,Cholera,3
2025-05-20,Kisumu Referral Hospital,Cholera,2
2025-05-21,Kisumu Referral Hospital,Cholera,4
2025-05-22,Kisumu Referral Hospital,Cholera,4
2025-05-23,Kisumu Referral Hospital,Cholera,5
2025-05-24,Kisumu Referral Hospital,Cholera,1
2025-05-25,Kisumu Referral Hospital,Cholera,1
2025-05-26,Kisumu Referral Hospital,Cholera,5
2025-05-27,Kisumu Referral Hospital,Cholera,8
2025-05-28,Kisumu Referral Hospital,Cholera,3
2025-05-29,Kisumu Referral Hospital,Cholera,5
2025-05-30,Kisumu Referral Hospital,Cholera,2
2025-05-31,Kisumu Referral Hospital,Cholera,0
2025-06-01,Kisumu Referral Hospital,Cholera,8
2025-06-02,Kisumu Referral Hospital,Cholera,1
2025-06-03,Kisumu Referral Hospital,Cholera,5
2025-06-04,Kisumu Referral Hospital,Cholera,4
2025-06-05,Kisumu Referral Hospital,Cholera,2
2025-06-06,Kisumu Referral Hospital,Cholera,5
2025-06-07,Kisumu Referral Hospital,Cholera,5
2025-06-08,Kisumu Referral Hospital,Cholera,3
2025-06-09,Kisumu Referral Hospital,Cholera,4
2025-06-10,Kisumu Referral Hospital,Cholera,5
2025-06-11,Kisumu Referral Hospital,Cholera,2
2025-06-12,Kisumu Referral Hospital,Cholera,6
2025-06-13,Kisumu Referral Hospital,Cholera,6
2025-06-14,Kisumu Referral Hospital,Cholera,2
2025-06-15,Kisumu Referral Hospital,Cholera,2
2025-06-16,Kisumu Referral Hospital,Cholera,1
2025-06-17,Kisumu Referral Hospital,Cholera,6
2025-06-18,Kisumu Referral Hospital,Cholera,8
2025-06-19,Kisumu Referral Hospital,Cholera,3
2025-06-20,Kisumu Referral Hospital,Cholera,3
2025-06-21,Kisumu Referral Hospital,Cholera,4
2025-06-22,Kisumu Referral Hospital,Cholera,3
2025-06-23,Kisumu Referral Hospital,Cholera,1
2025-06-24,Kisumu Referral Hospital,Cholera,4
2025-06-25,Kisumu Referral Hospital,Cholera,2
2025-06-26,Kisumu Referral Hospital,Cholera,0
2025-06-27,Kisumu Referral Hospital,Cholera,3
2025-06-28,Kisumu Referral Hospital,Cholera,1
2025-06-29,Kisumu Referral Hospital,Cholera,3
2025-06-30,Kisumu Referral Hospital,Cholera,4
2025-07-01,Kisumu Referral Hospital,Cholera,2
2025-07-02,Kisumu Referral Hospital,Cholera,4
2025-07-03,Kisumu Referral Hospital,Cholera,2
2025-07-04,Kisumu Referral Hospital,Cholera,2
2025-07-05,Kisumu Referral Hospital,Cholera,5
2025-07-06,Kisumu Referral Hospital,Cholera,6
2025-07-07,Kisumu Referral Hospital,Cholera,2
2025-07-08,Kisumu Referral Hospital,Cholera,3
2025-07-09,Kisumu Referral Hospital,Cholera,4
2025-07-10,Kisumu Referral Hospital,Cholera,2
2025-07-11,Kisumu Referral Hospital,Cholera,3
2025-07-12,Kisumu Referral Hospital,Cholera,2
2025-07-13,Kisumu Referral Hospital,Cholera,2
2025-07-14,Kisumu Referral Hospital,Cholera,2
2025-07-15,Kisumu Referral Hospital,Cholera,2
2025-07-16,Kisumu Referral Hospital,Cholera,3
2025-07-17,Kisumu Referral Hospital,Cholera,3
2025-07-18,Kisumu Referral Hospital,Cholera,1
2025-07-19,Kisumu Referral Hospital,Cholera,0
2025-07-20,Kisumu Referral Hospital,Cholera,1
2025-07-21,Kisumu Referral Hospital,Cholera,2
2025-07-22,Kisumu Referral Hospital,Cholera,1
2025-07-23,Kisumu Referral Hospital,Cholera,4
2025-07-24,Kisumu Referral Hospital,Cholera,1
2025-07-25,Kisumu Referral Hospital,Cholera,3
2025-07-26,Kisumu Referral Hospital,Cholera,1
2025-07-27,Kisumu Referral Hospital,Cholera,2
2025-07-28,Kisumu Referral Hospital,Cholera,3
2025-07-29,Kisumu Referral Hospital,Cholera,2
2025-07-30,Kisumu Referral Hospital,Cholera,2
2025-07-31,Kisumu Referral Hospital,Cholera,2
2025-08-01,Kisumu Referral Hospital,Cholera,1
2025-08-02,Kisumu Referral Hospital,Cholera,0
2025-08-03,Kisumu Referral Hospital,Cholera,0
2025-08-04,Kisumu Referral Hospital,Cholera,1
2025-08-05,Kisumu Referral Hospital,Cholera,0
2025-08-06,Kisumu Referral Hospital,Cholera,3
2025-08-07,Kisumu Referral Hospital,Cholera,3
2025-08-08,Kisumu Referral Hospital,Cholera,1
2025-08-09,Kisumu Referral Hospital,Cholera,2
2025-08-10,Kisumu Referral Hospital,Cholera,4
2025-08-11,Kisumu Referral Hospital,Cholera,2
2025-08-12,Kisumu Referral Hospital,Cholera,2
2025-08-13,Kisumu Referral Hospital,Cholera,1
2025-08-14,Kisumu Referral Hospital,Cholera,3
2025-08-15,Kisumu Referral Hospital,Cholera,3
2025-08-16,Kisumu Referral Hospital,Cholera,2
2025-08-17,Kisumu Referral Hospital,Cholera,3
2025-08-18,Kisumu Referral Hospital,Cholera,1
2025-08-19,Kisumu Referral Hospital,Cholera,4
2025-08-20,Kisumu Referral Hospital,Cholera,4
2025-08-21,Kisumu Referral Hospital,Cholera,3
2025-08-22,Kisumu Referral Hospital,Cholera,0
2025-08-23,Kisumu Referral Hospital,Cholera,0
2025-08-24,Kisumu Referral Hospital,Cholera,1
2025-08-25,Kisumu Referral Hospital,Cholera,2
2025-08-26,Kisumu Referral Hospital,Cholera,0
2025-08-27,Kisumu Referral Hospital,Cholera,1
2025-08-28,Kisumu Referral Hospital,Cholera,2
2025-08-29,Kisumu Referral Hospital,Cholera,2
2025-08-30,Kisumu Referral Hospital,Cholera,1
2025-08-31,Kisumu Referral Hospital,Cholera,1
2025-09-01,Kisumu Referral Hospital,Cholera,3
2025-09-02,Kisumu Referral Hospital,Cholera,0
2025-09-03,Kisumu Referral Hospital,Cholera,2
2025-09-04,Kisumu Referral Hospital,Cholera,1
2025-09-05,Kisumu Referral Hospital,Cholera,4
2025-09-06,Kisumu Referral Hospital,Cholera,0
2025-09-07,Kisumu Referral Hospital,Cholera,0
2025-09-08,Kisumu Referral Hospital,Cholera,0
2025-09-09,Kisumu Referral Hospital,Cholera,1
2025-09-10,Kisumu Referral Hospital,Cholera,1
2025-09-11,Kisumu Referral Hospital,Cholera,0
2025-09-12,Kisumu Referral Hospital,Cholera,2
2025-09-13,Kisumu Referral Hospital,Cholera,5
2025-09-14,Kisumu Referral Hospital,Cholera,1
2025-09-15,Kisumu Referral Hospital,Cholera,0
2025-09-16,Kisumu Referral Hospital,Cholera,2
2025-09-17,Kisumu Referral Hospital,Cholera,0
2025-09-18,Kisumu Referral Hospital,Cholera,3
2025-09-19,Kisumu Referral Hospital,Cholera,0
2025-09-20,Kisumu Referral Hospital,Cholera,0
2025-09-21,Kisumu Referral Hospital,Cholera,2
2025-09-22,Kisumu Referral Hospital,Cholera,1
2025-09-23,Kisumu Referral Hospital,Cholera,1
2025-09-24,Kisumu Referral Hospital,Cholera,3
2025-09-25,Kisumu Referral Hospital,Cholera,1
2025-09-26,Kisumu Referral Hospital,Cholera,1
2025-09-27,Kisumu Referral Hospital,Cholera,0
2025-09-28,Kisumu Referral Hospital,Cholera,0
2025-09-29,Kisumu Referral Hospital,Cholera,0
2025-09-30,Kisumu Referral Hospital,Cholera,4
2025-10-01,Kisumu Referral Hospital,Cholera,1
2025-10-02,Kisumu Referral Hospital,Cholera,2
2025-10-03,Kisumu Referral Hospital,Cholera,1
2025-10-04,Kisumu Referral Hospital,Cholera,0
2025-10-05,Kisumu Referral Hospital,Cholera,2
2025-10-06,Kisumu Referral Hospital,Cholera,0
2025-10-07,Kisumu Referral Hospital,Cholera,0
2025-10-08,Kisumu Referral Hospital,Cholera,1
2025-10-09,Kisumu Referral Hospital,Cholera,1
2025-10-10,Kisumu Referral Hospital,Cholera,1
2025-10-11,Kisumu Referral Hospital,Cholera,0
2025-10-12,Kisumu Referral Hospital,Cholera,0
2025-10-13,Kisumu Referral Hospital,Cholera,1
2025-10-14,Kisumu Referral Hospital,Cholera,2
2025-10-15,Kisumu Referral Hospital,Cholera,0
2025-10-16,Kisumu Referral Hospital,Cholera,0
2025-10-17,Kisumu Referral Hospital,Cholera,6
2025-10-18,Kisumu Referral Hospital,Cholera,3
2025-10-19,Kisumu Referral Hospital,Cholera,3
2025-10-20,Kisumu Referral Hospital,Cholera,1
2025-10-21,Kisumu Referral Hospital,Cholera,3
2025-10-22,Kisumu Referral Hospital,Cholera,1
2025-10-23,Kisumu Referral Hospital,Cholera,4
2025-10-24,Kisumu Referral Hospital,Cholera,2
2025-10-25,Kisumu Referral Hospital,Cholera,0
2025-10-26,Kisumu Referral Hospital,Cholera,1
2025-10-27,Kisumu Referral Hospital,Cholera,2
2025-10-28,Kisumu Referral Hospital,Cholera,0
2025-10-29,Kisumu Referral Hospital,Cholera,0
2025-10-30,Kisumu Referral Hospital,Cholera,0
2025-10-31,Kisumu Referral Hospital,Cholera,2
2025-11-01,Kisumu Referral Hospital,Cholera,3
2025-11-02,Kisumu Referral Hospital,Cholera,1
2025-11-03,Kisumu Referral Hospital,Cholera,1
2025-11-04,Kisumu Referral Hospital,Cholera,3
2025-11-05,Kisumu Referral Hospital,Cholera,1
2025-11-06,Kisumu Referral Hospital,Cholera,3
2025-11-07,Kisumu Referral Hospital,Cholera,0
2025-11-08,Kisumu Referral Hospital,Cholera,3
2025-11-09,Kisumu Referral Hospital,Cholera,3
2025-11-10,Kisumu Referral Hospital,Cholera,3
2025-11-11,Kisumu Referral Hospital,Cholera,1
2025-11-12,Kisumu Referral Hospital,Cholera,1
2025-11-13,Kisumu Referral Hospital,Cholera,0
2025-11-14,Kisumu Referral Hospital,Cholera,2
2025-11-15,Kisumu Referral Hospital,Cholera,0
2025-11-16,Kisumu Referral Hospital,Cholera,0
2025-11-17,Kisumu Referral Hospital,Cholera,0
2025-11-18,Kisumu Referral Hospital,Cholera,3
2025-11-19,Kisumu Referral Hospital,Cholera,5
2025-11-20,Kisumu Referral Hospital,Cholera,3
2025-11-21,Kisumu Referral Hospital,Cholera,2
2025-11-22,Kisumu Referral Hospital,Cholera,2
2025-11-23,Kisumu Referral Hospital,Cholera,2
2025-11-24,Kisumu Referral Hospital,Cholera,2
2025-11-25,Kisumu Referral Hospital,Cholera,1
2025-11-26,Kisumu Referral Hospital,Cholera,1
2025-11-27,Kisumu Referral Hospital,Cholera,4
2025-11-28,Kisumu Referral Hospital,Cholera,1
2025-11-29,Kisumu Referral Hospital,Cholera,1
2025-11-30,Kisumu Referral Hospital,Cholera,1
2025-12-01,Kisumu Referral Hospital,Cholera,1
2025-12-02,Kisumu Referral Hospital,Cholera,2
2025-12-03,Kisumu Referral Hospital,Cholera,4
2025-12-04,Kisumu Referral Hospital,Cholera,3
2025-12-05,Kisumu Referral Hospital,Cholera,4
2025-12-06,Kisumu Referral Hospital,Cholera,1
2025-12-07,Kisumu Referral Hospital,Cholera,1
2025-12-08,Kisumu Referral Hospital,Cholera,3
2025-12-09,Kisumu Referral Hospital,Cholera,4
2025-12-10,Kisumu Referral Hospital,Cholera,3
2025-12-11,Kisumu Referral Hospital,Cholera,1
2025-12-12,Kisumu Referral Hospital,Cholera,3
2025-12-13,Kisumu Referral Hospital,Cholera,1
2025-12-14,Kisumu Referral Hospital,Cholera,4
2025-12-15,Kisumu Referral Hospital,Cholera,3
2025-12-16,Kisumu Referral Hospital,Cholera,1
2025-12-17,Kisumu Referral Hospital,Cholera,2
2025-12-18,Kisumu Referral Hospital,Cholera,2
2025-12-19,Kisumu Referral Hospital,Cholera,2
2025-12-20,Kisumu Referral Hospital,Cholera,0
2025-12-21,Kisumu Referral Hospital,Cholera,1
2025-12-22,Kisumu Referral Hospital,Cholera,0
2025-12-23,Kisumu Referral Hospital,Cholera,1
2025-12-24,Kisumu Referral Hospital,Cholera,3
2025-12-25,Kisumu Referral Hospital,Cholera,2
2025-12-26,Kisumu Referral Hospital,Cholera,1
2025-12-27,Kisumu Referral Hospital,Cholera,1
2025-12-28,Kisumu Referral Hospital,Cholera,2
2025-12-29,Kisumu Referral Hospital,Cholera,2
2025-12-30,Kisumu Referral Hospital,Cholera,2
2025-12-31,Kisumu Referral Hospital,Cholera,2
2026-01-01,Kisumu Referral Hospital,Cholera,4
2026-01-02,Kisumu Referral Hospital,Cholera,5
2026-01-03,Kisumu Referral Hospital,Cholera,8
2026-01-04,Kisumu Referral Hospital,Cholera,3
2026-01-05,Kisumu Referral Hospital,Cholera,3
2026-01-06,Kisumu Referral Hospital,Cholera,1
2026-01-07,Kisumu Referral Hospital,Cholera,4
2026-01-08,Kisumu Referral Hospital,Cholera,3
2026-01-09,Kisumu Referral Hospital,Cholera,6
2026-01-10,Kisumu Referral Hospital,Cholera,3
2026-01-11,Kisumu Referral Hospital,Cholera,1
2026-01-12,Kisumu Referral Hospital,Cholera,3
2026-01-13,Kisumu Referral Hospital,Cholera,0
2026-01-14,Kisumu Referral Hospital,Cholera,0
2026-01-15,Kisumu Referral Hospital,Cholera,1
2026-01-16,Kisumu Referral Hospital,Cholera,1
2026-01-17,Kisumu Referral Hospital,Cholera,5
2026-01-18,Kisumu Referral Hospital,Cholera,3
2026-01-19,Kisumu Referral Hospital,Cholera,2
2026-01-20,Kisumu Referral Hospital,Cholera,5
2026-01-21,Kisumu Referral Hospital,Cholera,2
2026-01-22,Kisumu Referral Hospital,Cholera,3
2026-01-23,Kisumu Referral Hospital,Cholera,5
2026-01-24,Kisumu Referral Hospital,Cholera,2
2026-01-25,Kisumu Referral Hospital,Cholera,4
2026-01-26,Kisumu Referral Hospital,Cholera,4
2026-01-27,Kisumu Referral Hospital,Cholera,5
2026-01-28,Kisumu Referral Hospital,Cholera,5
2026-01-29,Kisumu Referral Hospital,Cholera,4
2026-01-30,Kisumu Referral Hospital,Cholera,0
2026-01-31,Kisumu Referral Hospital,Cholera,3
2026-02-01,Kisumu Referral Hospital,Cholera,1
2026-02-02,Kisumu Referral Hospital,Cholera,4
2026-02-03,Kisumu Referral Hospital,Cholera,8
2026-02-04,Kisumu Referral Hospital,Cholera,4
2026-02-05,Kisumu Referral Hospital,Cholera,5
2026-02-06,Kisumu Referral Hospital,Cholera,1
2026-02-07,Kisumu Referral Hospital,Cholera,2
2026-02-08,Kisumu Referral Hospital,Cholera,1
2026-02-09,Kisumu Referral Hospital,Cholera,3
2026-02-10,Kisumu Referral Hospital,Cholera,0
2026-02-11,Kisumu Referral Hospital,Cholera,7
2026-02-12,Kisumu Referral Hospital,Cholera,5
2026-02-13,Kisumu Referral Hospital,Cholera,1
2026-02-14,Kisumu Referral Hospital,Cholera,4
2026-02-15,Kisumu Referral Hospital,Cholera,0
2026-02-16,Kisumu Referral Hospital,Cholera,2
2026-02-17,Kisumu Referral Hospital,Cholera,2
2026-02-18,Kisumu Referral Hospital,Cholera,5
2026-02-19,Kisumu Referral Hospital,Cholera,3
2026-02-20,Kisumu Referral Hospital,Cholera,4
2026-02-21,Kisumu Referral Hospital,Cholera,6
2026-02-22,Kisumu Referral Hospital,Cholera,2
2026-02-23,Kisumu Referral Hospital,Cholera,3
2026-02-24,Kisumu Referral Hospital,Cholera,5
2026-02-25,Kisumu Referral Hospital,Cholera,4
2026-02-26,Kisumu Referral Hospital,Cholera,1
2026-02-27,Kisumu Referral Hospital,Cholera,5
2026-02-28,Kisumu Referral Hospital,Cholera,2
2026-03-01,Kisumu Referral Hospital,Cholera,4
2026-03-02,Kisumu Referral Hospital,Cholera,3
2026-03-03,Kisumu Referral Hospital,Cholera,0
2026-03-04,Kisumu Referral Hospital,Cholera,4
2026-03-05,Kisumu Referral Hospital,Cholera,1
2026-03-06,Kisumu Referral Hospital,Cholera,8
2026-03-07,Kisumu Referral Hospital,Cholera,2
2026-03-08,Kisumu Referral Hospital,Cholera,4
2026-03-09,Kisumu Referral Hospital,Cholera,2
2026-03-10,Kisumu Referral Hospital,Cholera,4
2026-03-11,Kisumu Referral Hospital,Cholera,4
2026-03-12,Kisumu Referral Hospital,Cholera,2
2026-03-13,Kisumu Referral Hospital,Cholera,6
2026-03-14,Kisumu Referral Hospital,Cholera,2
2026-03-15,Kisumu Referral Hospital,Cholera,2
2026-03-16,Kisumu Referral Hospital,Cholera,3
2026-03-17,Kisumu Referral Hospital,Cholera,4
2026-03-18,Kisumu Referral Hospital,Cholera,6
2026-03-19,Kisumu Referral Hospital,Cholera,1
2026-03-20,Kisumu Referral Hospital,Cholera,1
2026-03-21,Kisumu Referral Hospital,Cholera,3
2026-03-22,Kisumu Referral Hospital,Cholera,0
2026-03-23,Kisumu Referral Hospital,Cholera,2
2026-03-24,Kisumu Referral Hospital,Cholera,2
2026-03-25,Kisumu Referral Hospital,Cholera,7
2026-03-26,Kisumu Referral Hospital,Cholera,6
2026-03-27,Kisumu Referral Hospital,Cholera,5
2026-03-28,Kisumu Referral Hospital,Cholera,5
2026-03-29,Kisumu Referral Hospital,Cholera,6
2026-03-30,Kisumu Referral Hospital,Cholera,3
2026-03-31,Kisumu Referral Hospital,Cholera,2
2026-04-01,Kisumu Referral Hospital,Cholera,2
2026-04-02,Kisumu Referral Hospital,Cholera,4
2026-04-03,Kisumu Referral Hospital,Cholera,3
2026-04-04,Kisumu Referral Hospital,Cholera,0
2026-04-05,Kisumu Referral Hospital,Cholera,5
2026-04-06,Kisumu Referral Hospital,Cholera,2
2026-04-07,Kisumu Referral Hospital,Cholera,5
2026-04-08,Kisumu Referral Hospital,Cholera,4
2026-04-09,Kisumu Referral Hospital,Cholera,7
2026-04-10,Kisumu Referral Hospital,Cholera,0
2026-04-11,Kisumu Referral Hospital,Cholera,5
2026-04-12,Kisumu Referral Hospital,Cholera,5
2026-04-13,Kisumu Referral Hospital,Cholera,2
2026-04-14,Kisumu Referral Hospital,Cholera,3
2026-04-15,Kisumu Referral Hospital,Cholera,4
2026-04-16,Kisumu Referral Hospital,Cholera,5
2026-04-17,Kisumu Referral Hospital,Cholera,10
2026-04-18,Kisumu Referral Hospital,Cholera,3
2026-04-19,Kisumu Referral Hospital,Cholera,9
2026-04-20,Kisumu Referral Hospital,Cholera,3
2026-04-21,Kisumu Referral Hospital,Cholera,2
2026-04-22,Kisumu Referral Hospital,Cholera,4
2026-04-23,Kisumu Referral Hospital,Cholera,2
2026-04-24,Kisumu Referral Hospital,Cholera,5
2026-04-25,Kisumu Referral Hospital,Cholera,3
2026-04-26,Kisumu Referral Hospital,Cholera,1
2026-04-27,Kisumu Referral Hospital,Cholera,4
2026-04-28,Kisumu Referral Hospital,Cholera,3
2026-04-29,Kisumu Referral Hospital,Cholera,2
2026-04-30,Kisumu Referral Hospital,Cholera,7
2026-05-01,Kisumu Referral Hospital,Cholera,4
2026-05-02,Kisumu Referral Hospital,Cholera,1
2026-05-03,Kisumu Referral Hospital,Cholera,1
2026-05-04,Kisumu Referral Hospital,Cholera,5
2026-05-05,Kisumu Referral Hospital,Cholera,4
2026-05-06,Kisumu Referral Hospital,Cholera,6
2026-05-07,Kisumu Referral Hospital,Cholera,4
2026-05-08,Kisumu Referral Hospital,Cholera,2
2026-05-09,Kisumu Referral Hospital,Cholera,4
2026-05-10,Kisumu Referral Hospital,Cholera,2
2026-05-11,Kisumu Referral Hospital,Cholera,7
2026-05-12,Kisumu Referral Hospital,Cholera,4
2026-05-13,Kisumu Referral Hospital,Cholera,5
2026-05-14,Kisumu Referral Hospital,Cholera,5
2026-05-15,Kisumu Referral Hospital,Cholera,6
2026-05-16,Kisumu Referral Hospital,Cholera,3
2026-05-17,Kisumu Referral Hospital,Cholera,3
2026-05-18,Kisumu Referral Hospital,Cholera,2
2026-05-19,Kisumu Referral Hospital,Cholera,4
2026-05-20,Kisumu Referral Hospital,Cholera,2
2026-05-21,Kisumu Referral Hospital,Cholera,3
2026-05-22,Kisumu Referral Hospital,Cholera,4
2026-05-23,Kisumu Referral Hospital,Cholera,3
2026-05-24,Kisumu Referral Hospital,Cholera,2
2026-05-25,Kisumu Referral Hospital,Cholera,2
2026-05-26,Kisumu Referral Hospital,Cholera,2
2026-05-27,Kisumu Referral Hospital,Cholera,4
2026-05-28,Kisumu Referral Hospital,Cholera,1
2026-05-29,Kisumu Referral Hospital,Cholera,3
2026-05-30,Kisumu Referral Hospital,Cholera,4
2026-05-31,Kisumu Referral Hospital,Cholera,3
2026-06-01,Kisumu Referral Hospital,Cholera,4
2026-06-02,Kisumu Referral Hospital,Cholera,3
2026-06-03,Kisumu Referral Hospital,Cholera,4
2026-06-04,Kisumu Referral Hospital,Cholera,7
2026-06-05,Kisumu Referral Hospital,Cholera,2
2026-06-06,Kisumu Referral Hospital,Cholera,2
2026-06-07,Kisumu Referral Hospital,Cholera,1
2026-06-08,Kisumu Referral Hospital,Cholera,1
2026-06-09,Kisumu Referral Hospital,Cholera,3
2026-06-10,Kisumu Referral Hospital,Cholera,4
2026-06-11,Kisumu Referral Hospital,Cholera,2
2026-06-12,Kisumu Referral Hospital,Cholera,2
2026-06-13,Kisumu Referral Hospital,Cholera,6
2026-06-14,Kisumu Referral Hospital,Cholera,4
2026-06-15,Kisumu Referral Hospital,Cholera,5
2026-06-16,Kisumu Referral Hospital,Cholera,5
2026-06-17,Kisumu Referral Hospital,Cholera,3
2026-06-18,Kisumu Referral Hospital,Cholera,5
2026-06-19,Kisumu Referral Hospital,Cholera,2
2026-06-20,Kisumu Referral Hospital,Cholera,1
2026-06-21,Kisumu Referral Hospital,Cholera,4
2026-06-22,Kisumu Referral Hospital,Cholera,8
2026-06-23,Kisumu Referral Hospital,Cholera,3
2026-06-24,Kisumu Referral Hospital,Cholera,2
2026-06-25,Kisumu Referral Hospital,Cholera,3
2026-06-26,Kisumu Referral Hospital,Cholera,2
2026-06-27,Kisumu Referral Hospital,Cholera,5
2026-06-28,Kisumu Referral Hospital,Cholera,4
2026-06-29,Kisumu Referral Hospital,Cholera,5
2026-06-30,Kisumu Referral Hospital,Cholera,6
2026-07-01,Kisumu Referral Hospital,Cholera,4
2026-07-02,Kisumu Referral Hospital,Cholera,5
2026-07-03,Kisumu Referral Hospital,Cholera,3
2026-07-04,Kisumu Referral Hospital,Cholera,2
2026-07-05,Kisumu Referral Hospital,Cholera,2
2026-07-06,Kisumu Referral Hospital,Cholera,2
2026-07-07,Kisumu Referral Hospital,Cholera,3
2026-07-08,Kisumu Referral Hospital,Cholera,3
2026-07-09,Kisumu Referral Hospital,Cholera,2
2026-07-10,Kisumu Referral Hospital,Cholera,3
2026-07-11,Kisumu Referral Hospital,Cholera,0
2026-07-12,Kisumu Referral Hospital,Cholera,5
2026-07-13,Kisumu Referral Hospital,Cholera,6
2026-07-14,Kisumu Referral Hospital,Cholera,2
2026-07-15,Kisumu Referral Hospital,Cholera,2
2026-07-16,Kisumu Referral Hospital,Cholera,4
2026-07-17,Kisumu Referral Hospital,Cholera,2
2026-07-18,Kisumu Referral Hospital,Cholera,1
2026-07-19,Kisumu Referral Hospital,Cholera,4
2026-07-20,Kisumu Referral Hospital,Cholera,4
2026-07-21,Kisumu Referral Hospital,Cholera,2
2026-07-22,Kisumu Referral Hospital,Cholera,4
2026-07-23,Kisumu Referral Hospital,Cholera,4
2026-07-24,Kisumu Referral Hospital,Cholera,1
2026-07-25,Kisumu Referral Hospital,Cholera,2
2026-07-26,Kisumu Referral Hospital,Cholera,2
2026-07-27,Kisumu Referral Hospital,Cholera,3
2026-07-28,Kisumu Referral Hospital,Cholera,2
2026-07-29,Kisumu Referral Hospital,Cholera,1
2026-07-30,Kisumu Referral Hospital,Cholera,2
2026-07-31,Kisumu Referral Hospital,Cholera,0
2026-08-01,Kisumu Referral Hospital,Cholera,2
2026-08-02,Kisumu Referral Hospital,Cholera,0
2026-08-03,Kisumu Referral Hospital,Cholera,4
2026-08-04,Kisumu Referral Hospital,Cholera,4
2026-08-05,Kisumu Referral Hospital,Cholera,2
2026-08-06,Kisumu Referral Hospital,Cholera,1
2026-08-07,Kisumu Referral Hospital,Cholera,2
2026-08-08,Kisumu Referral Hospital,Cholera,1
2026-08-09,Kisumu Referral Hospital,Cholera,1
2026-08-10,Kisumu Referral Hospital,Cholera,1
2026-08-11,Kisumu Referral Hospital,Cholera,1
2026-08-12,Kisumu Referral Hospital,Cholera,4
2026-08-13,Kisumu Referral Hospital,Cholera,3
2026-08-14,Kisumu Referral Hospital,Cholera,2
2026-08-15,Kisumu Referral Hospital,Cholera,3
2026-08-16,Kisumu Referral Hospital,Cholera,2
2026-08-17,Kisumu Referral Hospital,Cholera,2
2026-08-18,Kisumu Referral Hospital,Cholera,2
2026-08-19,Kisumu Referral Hospital,Cholera,0
2026-08-20,Kisumu Referral Hospital,Cholera,0
2026-08-21,Kisumu Referral Hospital,Cholera,2
2026-08-22,Kisumu Referral Hospital,Cholera,0
2026-08-23,Kisumu Referral Hospital,Cholera,2
2026-08-24,Kisumu Referral Hospital,Cholera,0
2026-08-25,Kisumu Referral Hospital,Cholera,2
2026-08-26,Kisumu Referral Hospital,Cholera,2
2026-08-27,Kisumu Referral Hospital,Cholera,2
2026-08-28,Kisumu Referral Hospital,Cholera,0
2026-08-29,Kisumu Referral Hospital,Cholera,1
2026-08-30,Kisumu Referral Hospital,Cholera,1
2026-08-31,Kisumu Referral Hospital,Cholera,2
2022-01-01,Kisumu Referral Hospital,Respiratory Infections,6
2022-01-02,Kisumu Referral Hospital,Respiratory Infections,3
2022-01-03,Kisumu Referral Hospital,Respiratory Infections,4
2022-01-04,Kisumu Referral Hospital,Respiratory Infections,5
2022-01-05,Kisumu Referral Hospital,Respiratory Infections,3
2022-01-06,Kisumu Referral Hospital,Respiratory Infections,4
2022-01-07,Kisumu Referral Hospital,Respiratory Infections,1
2022-01-08,Kisumu Referral Hospital,Respiratory Infections,4
2022-01-09,Kisumu Referral Hospital,Respiratory Infections,4
2022-01-10,Kisumu Referral Hospital,Respiratory Infections,3
2022-01-11,Kisumu Referral Hospital,Respiratory Infections,4
2022-01-12,Kisumu Referral Hospital,Respiratory Infections,3
2022-01-13,Kisumu Referral Hospital,Respiratory Infections,1
2022-01-14,Kisumu Referral Hospital,Respiratory Infections,7
2022-01-15,Kisumu Referral Hospital,Respiratory Infections,4
2022-01-16,Kisumu Referral Hospital,Respiratory Infections,4
2022-01-17,Kisumu Referral Hospital,Respiratory Infections,4
2022-01-18,Kisumu Referral Hospital,Respiratory Infections,4
2022-01-19,Kisumu Referral Hospital,Respiratory Infections,2
2022-01-20,Kisumu Referral Hospital,Respiratory Infections,4
2022-01-21,Kisumu Referral Hospital,Respiratory Infections,4
2022-01-22,Kisumu Referral Hospital,Respiratory Infections,3
2022-01-23,Kisumu Referral Hospital,Respiratory Infections,4
2022-01-24,Kisumu Referral Hospital,Respiratory Infections,5
2022-01-25,Kisumu Referral Hospital,Respiratory Infections,2
2022-01-26,Kisumu Referral Hospital,Respiratory Infections,4
2022-01-27,Kisumu Referral Hospital,Respiratory Infections,1
2022-01-28,Kisumu Referral Hospital,Respiratory Infections,5
2022-01-29,Kisumu Referral Hospital,Respiratory Infections,1
2022-01-30,Kisumu Referral Hospital,Respiratory Infections,4
2022-01-31,Kisumu Referral Hospital,Respiratory Infections,6
2022-02-01,Kisumu Referral Hospital,Respiratory Infections,2
2022-02-02,Kisumu Referral Hospital,Respiratory Infections,2
2022-02-03,Kisumu Referral Hospital,Respiratory Infections,4
2022-02-04,Kisumu Referral Hospital,Respiratory Infections,4
2022-02-05,Kisumu Referral Hospital,Respiratory Infections,5
2022-02-06,Kisumu Referral Hospital,Respiratory Infections,3
2022-02-07,Kisumu Referral Hospital,Respiratory Infections,3
2022-02-08,Kisumu Referral Hospital,Respiratory Infections,5
2022-02-09,Kisumu Referral Hospital,Respiratory Infections,3
2022-02-10,Kisumu Referral Hospital,Respiratory Infections,3
2022-02-11,Kisumu Referral Hospital,Respiratory Infections,0
2022-02-12,Kisumu Referral Hospital,Respiratory Infections,5
2022-02-13,Kisumu Referral Hospital,Respiratory Infections,3
2022-02-14,Kisumu Referral Hospital,Respiratory Infections,4
2022-02-15,Kisumu Referral Hospital,Respiratory Infections,2
2022-02-16,Kisumu Referral Hospital,Respiratory Infections,5
2022-02-17,Kisumu Referral Hospital,Respiratory Infections,1
2022-02-18,Kisumu Referral Hospital,Respiratory Infections,4
2022-02-19,Kisumu Referral Hospital,Respiratory Infections,4
2022-02-20,Kisumu Referral Hospital,Respiratory Infections,4
2022-02-21,Kisumu Referral Hospital,Respiratory Infections,3
2022-02-22,Kisumu Referral Hospital,Respiratory Infections,6
2022-02-23,Kisumu Referral Hospital,Respiratory Infections,4
2022-02-24,Kisumu Referral Hospital,Respiratory Infections,2
2022-02-25,Kisumu Referral Hospital,Respiratory Infections,6
2022-02-26,Kisumu Referral Hospital,Respiratory Infections,2
2022-02-27,Kisumu Referral Hospital,Respiratory Infections,1
2022-02-28,Kisumu Referral Hospital,Respiratory Infections,5
2022-03-01,Kisumu Referral Hospital,Respiratory Infections,11
2022-03-02,Kisumu Referral Hospital,Respiratory Infections,7
2022-03-03,Kisumu Referral Hospital,Respiratory Infections,4
2022-03-04,Kisumu Referral Hospital,Respiratory Infections,4
2022-03-05,Kisumu Referral Hospital,Respiratory Infections,5
2022-03-06,Kisumu Referral Hospital,Respiratory Infections,3
2022-03-07,Kisumu Referral Hospital,Respiratory Infections,3
2022-03-08,Kisumu Referral Hospital,Respiratory Infections,9
2022-03-09,Kisumu Referral Hospital,Respiratory Infections,3
2022-03-10,Kisumu Referral Hospital,Respiratory Infections,5
2022-03-11,Kisumu Referral Hospital,Respiratory Infections,5
2022-03-12,Kisumu Referral Hospital,Respiratory Infections,8
2022-03-13,Kisumu Referral Hospital,Respiratory Infections,1
2022-03-14,Kisumu Referral Hospital,Respiratory Infections,5
2022-03-15,Kisumu Referral Hospital,Respiratory Infections,5
2022-03-16,Kisumu Referral Hospital,Respiratory Infections,2
2022-03-17,Kisumu Referral Hospital,Respiratory Infections,5
2022-03-18,Kisumu Referral Hospital,Respiratory Infections,4
2022-03-19,Kisumu Referral Hospital,Respiratory Infections,5
2022-03-20,Kisumu Referral Hospital,Respiratory Infections,6
2022-03-21,Kisumu Referral Hospital,Respiratory Infections,4
2022-03-22,Kisumu Referral Hospital,Respiratory Infections,10
2022-03-23,Kisumu Referral Hospital,Respiratory Infections,4
2022-03-24,Kisumu Referral Hospital,Respiratory Infections,7
2022-03-25,Kisumu Referral Hospital,Respiratory Infections,4
2022-03-26,Kisumu Referral Hospital,Respiratory Infections,4
2022-03-27,Kisumu Referral Hospital,Respiratory Infections,1
2022-03-28,Kisumu Referral Hospital,Respiratory Infections,7
2022-03-29,Kisumu Referral Hospital,Respiratory Infections,9
2022-03-30,Kisumu Referral Hospital,Respiratory Infections,5
2022-03-31,Kisumu Referral Hospital,Respiratory Infections,6
2022-04-01,Kisumu Referral Hospital,Respiratory Infections,4
2022-04-02,Kisumu Referral Hospital,Respiratory Infections,5
2022-04-03,Kisumu Referral Hospital,Respiratory Infections,6
2022-04-04,Kisumu Referral Hospital,Respiratory Infections,7
2022-04-05,Kisumu Referral Hospital,Respiratory Infections,7
2022-04-06,Kisumu Referral Hospital,Respiratory Infections,6
2022-04-07,Kisumu Referral Hospital,Respiratory Infections,5
2022-04-08,Kisumu Referral Hospital,Respiratory Infections,10
2022-04-09,Kisumu Referral Hospital,Respiratory Infections,7
2022-04-10,Kisumu Referral Hospital,Respiratory Infections,8
2022-04-11,Kisumu Referral Hospital,Respiratory Infections,7
2022-04-12,Kisumu Referral Hospital,Respiratory Infections,10
2022-04-13,Kisumu Referral Hospital,Respiratory Infections,2
2022-04-14,Kisumu Referral Hospital,Respiratory Infections,10
2022-04-15,Kisumu Referral Hospital,Respiratory Infections,7
2022-04-16,Kisumu Referral Hospital,Respiratory Infections,6
2022-04-17,Kisumu Referral Hospital,Respiratory Infections,6
2022-04-18,Kisumu Referral Hospital,Respiratory Infections,7
2022-04-19,Kisumu Referral Hospital,Respiratory Infections,7
2022-04-20,Kisumu Referral Hospital,Respiratory Infections,6
2022-04-21,Kisumu Referral Hospital,Respiratory Infections,4
2022-04-22,Kisumu Referral Hospital,Respiratory Infections,10
2022-04-23,Kisumu Referral Hospital,Respiratory Infections,8
2022-04-24,Kisumu Referral Hospital,Respiratory Infections,8
2022-04-25,Kisumu Referral Hospital,Respiratory Infections,10
2022-04-26,Kisumu Referral Hospital,Respiratory Infections,5
2022-04-27,Kisumu Referral Hospital,Respiratory Infections,7
2022-04-28,Kisumu Referral Hospital,Respiratory Infections,6
2022-04-29,Kisumu Referral Hospital,Respiratory Infections,10
2022-04-30,Kisumu Referral Hospital,Respiratory Infections,6
2022-05-01,Kisumu Referral Hospital,Respiratory Infections,11
2022-05-02,Kisumu Referral Hospital,Respiratory Infections,9
2022-05-03,Kisumu Referral Hospital,Respiratory Infections,10
2022-05-04,Kisumu Referral Hospital,Respiratory Infections,8
2022-05-05,Kisumu Referral Hospital,Respiratory Infections,5
2022-05-06,Kisumu Referral Hospital,Respiratory Infections,6
2022-05-07,Kisumu Referral Hospital,Respiratory Infections,9
2022-05-08,Kisumu Referral Hospital,Respiratory Infections,4
2022-05-09,Kisumu Referral Hospital,Respiratory Infections,6
2022-05-10,Kisumu Referral Hospital,Respiratory Infections,12
2022-05-11,Kisumu Referral Hospital,Respiratory Infections,2
2022-05-12,Kisumu Referral Hospital,Respiratory Infections,8
2022-05-13,Kisumu Referral Hospital,Respiratory Infections,6
2022-05-14,Kisumu Referral Hospital,Respiratory Infections,5
2022-05-15,Kisumu Referral Hospital,Respiratory Infections,6
2022-05-16,Kisumu Referral Hospital,Respiratory Infections,9
2022-05-17,Kisumu Referral Hospital,Respiratory Infections,14
2022-05-18,Kisumu Referral Hospital,Respiratory Infections,10
2022-05-19,Kisumu Referral Hospital,Respiratory Infections,6
2022-05-20,Kisumu Referral Hospital,Respiratory Infections,12
2022-05-21,Kisumu Referral Hospital,Respiratory Infections,5
2022-05-22,Kisumu Referral Hospital,Respiratory Infections,15
2022-05-23,Kisumu Referral Hospital,Respiratory Infections,5
2022-05-24,Kisumu Referral Hospital,Respiratory Infections,11
2022-05-25,Kisumu Referral Hospital,Respiratory Infections,10
2022-05-26,Kisumu Referral Hospital,Respiratory Infections,9
2022-05-27,Kisumu Referral Hospital,Respiratory Infections,13
2022-05-28,Kisumu Referral Hospital,Respiratory Infections,12
2022-05-29,Kisumu Referral Hospital,Respiratory Infections,4
2022-05-30,Kisumu Referral Hospital,Respiratory Infections,9
2022-05-31,Kisumu Referral Hospital,Respiratory Infections,15
2022-06-01,Kisumu Referral Hospital,Respiratory Infections,8
2022-06-02,Kisumu Referral Hospital,Respiratory Infections,8
2022-06-03,Kisumu Referral Hospital,Respiratory Infections,9
2022-06-04,Kisumu Referral Hospital,Respiratory Infections,12
2022-06-05,Kisumu Referral Hospital,Respiratory Infections,4
2022-06-06,Kisumu Referral Hospital,Respiratory Infections,9
2022-06-07,Kisumu Referral Hospital,Respiratory Infections,11
2022-06-08,Kisumu Referral Hospital,Respiratory Infections,8
2022-06-09,Kisumu Referral Hospital,Respiratory Infections,10
2022-06-10,Kisumu Referral Hospital,Respiratory Infections,9
2022-06-11,Kisumu Referral Hospital,Respiratory Infections,9
2022-06-12,Kisumu Referral Hospital,Respiratory Infections,4
2022-06-13,Kisumu Referral Hospital,Respiratory Infections,11
2022-06-14,Kisumu Referral Hospital,Respiratory Infections,10
2022-06-15,Kisumu Referral Hospital,Respiratory Infections,10
2022-06-16,Kisumu Referral Hospital,Respiratory Infections,10
2022-06-17,Kisumu Referral Hospital,Respiratory Infections,10
2022-06-18,Kisumu Referral Hospital,Respiratory Infections,6
2022-06-19,Kisumu Referral Hospital,Respiratory Infections,11
2022-06-20,Kisumu Referral Hospital,Respiratory Infections,15
2022-06-21,Kisumu Referral Hospital,Respiratory Infections,11
2022-06-22,Kisumu Referral Hospital,Respiratory Infections,10
2022-06-23,Kisumu Referral Hospital,Respiratory Infections,7
2022-06-24,Kisumu Referral Hospital,Respiratory Infections,11
2022-06-25,Kisumu Referral Hospital,Respiratory Infections,8
2022-06-26,Kisumu Referral Hospital,Respiratory Infections,15
2022-06-27,Kisumu Referral Hospital,Respiratory Infections,11
2022-06-28,Kisumu Referral Hospital,Respiratory Infections,3
2022-06-29,Kisumu Referral Hospital,Respiratory Infections,0
2022-06-30,Kisumu Referral Hospital,Respiratory Infections,10
2022-07-01,Kisumu Referral Hospital,Respiratory Infections,9
2022-07-02,Kisumu Referral Hospital,Respiratory Infections,11
2022-07-03,Kisumu Referral Hospital,Respiratory Infections,14
2022-07-04,Kisumu Referral Hospital,Respiratory Infections,13
2022-07-05,Kisumu Referral Hospital,Respiratory Infections,15
2022-07-06,Kisumu Referral Hospital,Respiratory Infections,13
2022-07-07,Kisumu Referral Hospital,Respiratory Infections,13
2022-07-08,Kisumu Referral Hospital,Respiratory Infections,9
2022-07-09,Kisumu Referral Hospital,Respiratory Infections,11
2022-07-10,Kisumu Referral Hospital,Respiratory Infections,4
2022-07-11,Kisumu Referral Hospital,Respiratory Infections,11
2022-07-12,Kisumu Referral Hospital,Respiratory Infections,7
2022-07-13,Kisumu Referral Hospital,Respiratory Infections,7
2022-07-14,Kisumu Referral Hospital,Respiratory Infections,13
2022-07-15,Kisumu Referral Hospital,Respiratory Infections,6
2022-07-16,Kisumu Referral Hospital,Respiratory Infections,7
2022-07-17,Kisumu Referral Hospital,Respiratory Infections,12
2022-07-18,Kisumu Referral Hospital,Respiratory Infections,11
2022-07-19,Kisumu Referral Hospital,Respiratory Infections,8
2022-07-20,Kisumu Referral Hospital,Respiratory Infections,20
2022-07-21,Kisumu Referral Hospital,Respiratory Infections,9
2022-07-22,Kisumu Referral Hospital,Respiratory Infections,18
2022-07-23,Kisumu Referral Hospital,Respiratory Infections,7
2022-07-24,Kisumu Referral Hospital,Respiratory Infections,16
2022-07-25,Kisumu Referral Hospital,Respiratory Infections,4
2022-07-26,Kisumu Referral Hospital,Respiratory Infections,12
2022-07-27,Kisumu Referral Hospital,Respiratory Infections,5
2022-07-28,Kisumu Referral Hospital,Respiratory Infections,14
2022-07-29,Kisumu Referral Hospital,Respiratory Infections,8
2022-07-30,Kisumu Referral Hospital,Respiratory Infections,11
2022-07-31,Kisumu Referral Hospital,Respiratory Infections,8
2022-08-01,Kisumu Referral Hospital,Respiratory Infections,16
2022-08-02,Kisumu Referral Hospital,Respiratory Infections,10
2022-08-03,Kisumu Referral Hospital,Respiratory Infections,17
2022-08-04,Kisumu Referral Hospital,Respiratory Infections,13
2022-08-05,Kisumu Referral Hospital,Respiratory Infections,13
2022-08-06,Kisumu Referral Hospital,Respiratory Infections,7
2022-08-07,Kisumu Referral Hospital,Respiratory Infections,11
2022-08-08,Kisumu Referral Hospital,Respiratory Infections,9
2022-08-09,Kisumu Referral Hospital,Respiratory Infections,8
2022-08-10,Kisumu Referral Hospital,Respiratory Infections,8
2022-08-11,Kisumu Referral Hospital,Respiratory Infections,7
2022-08-12,Kisumu Referral Hospital,Respiratory Infections,11
2022-08-13,Kisumu Referral Hospital,Respiratory Infections,15
2022-08-14,Kisumu Referral Hospital,Respiratory Infections,7
2022-08-15,Kisumu Referral Hospital,Respiratory Infections,9
2022-08-16,Kisumu Referral Hospital,Respiratory Infections,10
2022-08-17,Kisumu Referral Hospital,Respiratory Infections,14
2022-08-18,Kisumu Referral Hospital,Respiratory Infections,7
2022-08-19,Kisumu Referral Hospital,Respiratory Infections,13
2022-08-20,Kisumu Referral Hospital,Respiratory Infections,7
2022-08-21,Kisumu Referral Hospital,Respiratory Infections,11
2022-08-22,Kisumu Referral Hospital,Respiratory Infections,11
2022-08-23,Kisumu Referral Hospital,Respiratory Infections,10
2022-08-24,Kisumu Referral Hospital,Respiratory Infections,6
2022-08-25,Kisumu Referral Hospital,Respiratory Infections,8
2022-08-26,Kisumu Referral Hospital,Respiratory Infections,10
2022-08-27,Kisumu Referral Hospital,Respiratory Infections,9
2022-08-28,Kisumu Referral Hospital,Respiratory Infections,5
2022-08-29,Kisumu Referral Hospital,Respiratory Infections,13
2022-08-30,Kisumu Referral Hospital,Respiratory Infections,9
2022-08-31,Kisumu Referral Hospital,Respiratory Infections,12
2022-09-01,Kisumu Referral Hospital,Respiratory Infections,12
2022-09-02,Kisumu Referral Hospital,Respiratory Infections,10
2022-09-03,Kisumu Referral Hospital,Respiratory Infections,16
2022-09-04,Kisumu Referral Hospital,Respiratory Infections,6
2022-09-05,Kisumu Referral Hospital,Respiratory Infections,6
2022-09-06,Kisumu Referral Hospital,Respiratory Infections,12
2022-09-07,Kisumu Referral Hospital,Respiratory Infections,8
2022-09-08,Kisumu Referral Hospital,Respiratory Infections,13
2022-09-09,Kisumu Referral Hospital,Respiratory Infections,12
2022-09-10,Kisumu Referral Hospital,Respiratory Infections,8
2022-09-11,Kisumu Referral Hospital,Respiratory Infections,9
2022-09-12,Kisumu Referral Hospital,Respiratory Infections,9
2022-09-13,Kisumu Referral Hospital,Respiratory Infections,10
2022-09-14,Kisumu Referral Hospital,Respiratory Infections,5
2022-09-15,Kisumu Referral Hospital,Respiratory Infections,7
2022-09-16,Kisumu Referral Hospital,Respiratory Infections,10
2022-09-17,Kisumu Referral Hospital,Respiratory Infections,8
2022-09-18,Kisumu Referral Hospital,Respiratory Infections,5
2022-09-19,Kisumu Referral Hospital,Respiratory Infections,6
2022-09-20,Kisumu Referral Hospital,Respiratory Infections,6
2022-09-21,Kisumu Referral Hospital,Respiratory Infections,9
2022-09-22,Kisumu Referral Hospital,Respiratory Infections,5
2022-09-23,Kisumu Referral Hospital,Respiratory Infections,11
2022-09-24,Kisumu Referral Hospital,Respiratory Infections,6
2022-09-25,Kisumu Referral Hospital,Respiratory Infections,10
2022-09-26,Kisumu Referral Hospital,Respiratory Infections,6
2022-09-27,Kisumu Referral Hospital,Respiratory Infections,4
2022-09-28,Kisumu Referral Hospital,Respiratory Infections,7
2022-09-29,Kisumu Referral Hospital,Respiratory Infections,11
2022-09-30,Kisumu Referral Hospital,Respiratory Infections,7
2022-10-01,Kisumu Referral Hospital,Respiratory Infections,9
2022-10-02,Kisumu Referral Hospital,Respiratory Infections,7
2022-10-03,Kisumu Referral Hospital,Respiratory Infections,3
2022-10-04,Kisumu Referral Hospital,Respiratory Infections,5
2022-10-05,Kisumu Referral Hospital,Respiratory Infections,9
2022-10-06,Kisumu Referral Hospital,Respiratory Infections,8
2022-10-07,Kisumu Referral Hospital,Respiratory Infections,11
2022-10-08,Kisumu Referral Hospital,Respiratory Infections,9
2022-10-09,Kisumu Referral Hospital,Respiratory Infections,5
2022-10-10,Kisumu Referral Hospital,Respiratory Infections,15
2022-10-11,Kisumu Referral Hospital,Respiratory Infections,8
2022-10-12,Kisumu Referral Hospital,Respiratory Infections,7
2022-10-13,Kisumu Referral Hospital,Respiratory Infections,6
2022-10-14,Kisumu Referral Hospital,Respiratory Infections,7
2022-10-15,Kisumu Referral Hospital,Respiratory Infections,5
2022-10-16,Kisumu Referral Hospital,Respiratory Infections,5
2022-10-17,Kisumu Referral Hospital,Respiratory Infections,6
2022-10-18,Kisumu Referral Hospital,Respiratory Infections,7
2022-10-19,Kisumu Referral Hospital,Respiratory Infections,6
2022-10-20,Kisumu Referral Hospital,Respiratory Infections,10
2022-10-21,Kisumu Referral Hospital,Respiratory Infections,4
2022-10-22,Kisumu Referral Hospital,Respiratory Infections,6
2022-10-23,Kisumu Referral Hospital,Respiratory Infections,5
2022-10-24,Kisumu Referral Hospital,Respiratory Infections,5
2022-10-25,Kisumu Referral Hospital,Respiratory Infections,11
2022-10-26,Kisumu Referral Hospital,Respiratory Infections,3
2022-10-27,Kisumu Referral Hospital,Respiratory Infections,5
2022-10-28,Kisumu Referral Hospital,Respiratory Infections,5
2022-10-29,Kisumu Referral Hospital,Respiratory Infections,5
2022-10-30,Kisumu Referral Hospital,Respiratory Infections,3
2022-10-31,Kisumu Referral Hospital,Respiratory Infections,9
2022-11-01,Kisumu Referral Hospital,Respiratory Infections,6
2022-11-02,Kisumu Referral Hospital,Respiratory Infections,8
2022-11-03,Kisumu Referral Hospital,Respiratory Infections,7
2022-11-04,Kisumu Referral Hospital,Respiratory Infections,4
2022-11-05,Kisumu Referral Hospital,Respiratory Infections,1
2022-11-06,Kisumu Referral Hospital,Respiratory Infections,5
2022-11-07,Kisumu Referral Hospital,Respiratory Infections,3
2022-11-08,Kisumu Referral Hospital,Respiratory Infections,7
2022-11-09,Kisumu Referral Hospital,Respiratory Infections,4
2022-11-10,Kisumu Referral Hospital,Respiratory Infections,4
2022-11-11,Kisumu Referral Hospital,Respiratory Infections,4
2022-11-12,Kisumu Referral Hospital,Respiratory Infections,6
2022-11-13,Kisumu Referral Hospital,Respiratory Infections,4
2022-11-14,Kisumu Referral Hospital,Respiratory Infections,4
2022-11-15,Kisumu Referral Hospital,Respiratory Infections,8
2022-11-16,Kisumu Referral Hospital,Respiratory Infections,5
2022-11-17,Kisumu Referral Hospital,Respiratory Infections,2
2022-11-18,Kisumu Referral Hospital,Respiratory Infections,11
2022-11-19,Kisumu Referral Hospital,Respiratory Infections,5
2022-11-20,Kisumu Referral Hospital,Respiratory Infections,8
2022-11-21,Kisumu Referral Hospital,Respiratory Infections,2
2022-11-22,Kisumu Referral Hospital,Respiratory Infections,7
2022-11-23,Kisumu Referral Hospital,Respiratory Infections,3
2022-11-24,Kisumu Referral Hospital,Respiratory Infections,6
2022-11-25,Kisumu Referral Hospital,Respiratory Infections,5
2022-11-26,Kisumu Referral Hospital,Respiratory Infections,8
2022-11-27,Kisumu Referral Hospital,Respiratory Infections,6
2022-11-28,Kisumu Referral Hospital,Respiratory Infections,8
2022-11-29,Kisumu Referral Hospital,Respiratory Infections,4
2022-11-30,Kisumu Referral Hospital,Respiratory Infections,3
2022-12-01,Kisumu Referral Hospital,Respiratory Infections,4
2022-12-02,Kisumu Referral Hospital,Respiratory Infections,9
2022-12-03,Kisumu Referral Hospital,Respiratory Infections,5
2022-12-04,Kisumu Referral Hospital,Respiratory Infections,3
2022-12-05,Kisumu Referral Hospital,Respiratory Infections,9
2022-12-06,Kisumu Referral Hospital,Respiratory Infections,8
2022-12-07,Kisumu Referral Hospital,Respiratory Infections,4
2022-12-08,Kisumu Referral Hospital,Respiratory Infections,3
2022-12-09,Kisumu Referral Hospital,Respiratory Infections,4
2022-12-10,Kisumu Referral Hospital,Respiratory Infections,3
2022-12-11,Kisumu Referral Hospital,Respiratory Infections,3
2022-12-12,Kisumu Referral Hospital,Respiratory Infections,5
2022-12-13,Kisumu Referral Hospital,Respiratory Infections,5
2022-12-14,Kisumu Referral Hospital,Respiratory Infections,5
2022-12-15,Kisumu Referral Hospital,Respiratory Infections,5
2022-12-16,Kisumu Referral Hospital,Respiratory Infections,3
2022-12-17,Kisumu Referral Hospital,Respiratory Infections,6
2022-12-18,Kisumu Referral Hospital,Respiratory Infections,4
2022-12-19,Kisumu Referral Hospital,Respiratory Infections,3
2022-12-20,Kisumu Referral Hospital,Respiratory Infections,5
2022-12-21,Kisumu Referral Hospital,Respiratory Infections,6
2022-12-22,Kisumu Referral Hospital,Respiratory Infections,5
2022-12-23,Kisumu Referral Hospital,Respiratory Infections,6
2022-12-24,Kisumu Referral Hospital,Respiratory Infections,1
2022-12-25,Kisumu Referral Hospital,Respiratory Infections,3
2022-12-26,Kisumu Referral Hospital,Respiratory Infections,1
2022-12-27,Kisumu Referral Hospital,Respiratory Infections,7
2022-12-28,Kisumu Referral Hospital,Respiratory Infections,3
2022-12-29,Kisumu Referral Hospital,Respiratory Infections,6
2022-12-30,Kisumu Referral Hospital,Respiratory Infections,4
2022-12-31,Kisumu Referral Hospital,Respiratory Infections,0
2023-01-01,Kisumu Referral Hospital,Respiratory Infections,2
2023-01-02,Kisumu Referral Hospital,Respiratory Infections,0
2023-01-03,Kisumu Referral Hospital,Respiratory Infections,0
2023-01-04,Kisumu Referral Hospital,Respiratory Infections,5
2023-01-05,Kisumu Referral Hospital,Respiratory Infections,5
2023-01-06,Kisumu Referral Hospital,Respiratory Infections,7
2023-01-07,Kisumu Referral Hospital,Respiratory Infections,2
2023-01-08,Kisumu Referral Hospital,Respiratory Infections,4
2023-01-09,Kisumu Referral Hospital,Respiratory Infections,4
2023-01-10,Kisumu Referral Hospital,Respiratory Infections,2
2023-01-11,Kisumu Referral Hospital,Respiratory Infections,2
2023-01-12,Kisumu Referral Hospital,Respiratory Infections,3
2023-01-13,Kisumu Referral Hospital,Respiratory Infections,3
2023-01-14,Kisumu Referral Hospital,Respiratory Infections,2
2023-01-15,Kisumu Referral Hospital,Respiratory Infections,6
2023-01-16,Kisumu Referral Hospital,Respiratory Infections,2
2023-01-17,Kisumu Referral Hospital,Respiratory Infections,5
2023-01-18,Kisumu Referral Hospital,Respiratory Infections,2
2023-01-19,Kisumu Referral Hospital,Respiratory Infections,2
2023-01-20,Kisumu Referral Hospital,Respiratory Infections,7
2023-01-21,Kisumu Referral Hospital,Respiratory Infections,2
2023-01-22,Kisumu Referral Hospital,Respiratory Infections,5
2023-01-23,Kisumu Referral Hospital,Respiratory Infections,6
2023-01-24,Kisumu Referral Hospital,Respiratory Infections,6
2023-01-25,Kisumu Referral Hospital,Respiratory Infections,2
2023-01-26,Kisumu Referral Hospital,Respiratory Infections,7
2023-01-27,Kisumu Referral Hospital,Respiratory Infections,4
2023-01-28,Kisumu Referral Hospital,Respiratory Infections,2
2023-01-29,Kisumu Referral Hospital,Respiratory Infections,0
2023-01-30,Kisumu Referral Hospital,Respiratory Infections,2
2023-01-31,Kisumu Referral Hospital,Respiratory Infections,7
2023-02-01,Kisumu Referral Hospital,Respiratory Infections,2
2023-02-02,Kisumu Referral Hospital,Respiratory Infections,2
2023-02-03,Kisumu Referral Hospital,Respiratory Infections,3
2023-02-04,Kisumu Referral Hospital,Respiratory Infections,5
2023-02-05,Kisumu Referral Hospital,Respiratory Infections,3
2023-02-06,Kisumu Referral Hospital,Respiratory Infections,6
2023-02-07,Kisumu Referral Hospital,Respiratory Infections,6
2023-02-08,Kisumu Referral Hospital,Respiratory Infections,5
2023-02-09,Kisumu Referral Hospital,Respiratory Infections,4
2023-02-10,Kisumu Referral Hospital,Respiratory Infections,4
2023-02-11,Kisumu Referral Hospital,Respiratory Infections,5
2023-02-12,Kisumu Referral Hospital,Respiratory Infections,0
2023-02-13,Kisumu Referral Hospital,Respiratory Infections,5
2023-02-14,Kisumu Referral Hospital,Respiratory Infections,6
2023-02-15,Kisumu Referral Hospital,Respiratory Infections,4
2023-02-16,Kisumu Referral Hospital,Respiratory Infections,7
2023-02-17,Kisumu Referral Hospital,Respiratory Infections,3
2023-02-18,Kisumu Referral Hospital,Respiratory Infections,5
2023-02-19,Kisumu Referral Hospital,Respiratory Infections,0
2023-02-20,Kisumu Referral Hospital,Respiratory Infections,3
2023-02-21,Kisumu Referral Hospital,Respiratory Infections,6
2023-02-22,Kisumu Referral Hospital,Respiratory Infections,4
2023-02-23,Kisumu Referral Hospital,Respiratory Infections,5
2023-02-24,Kisumu Referral Hospital,Respiratory Infections,3
2023-02-25,Kisumu Referral Hospital,Respiratory Infections,5
2023-02-26,Kisumu Referral Hospital,Respiratory Infections,1
2023-02-27,Kisumu Referral Hospital,Respiratory Infections,2
2023-02-28,Kisumu Referral Hospital,Respiratory Infections,3
2023-03-01,Kisumu Referral Hospital,Respiratory Infections,4
2023-03-02,Kisumu Referral Hospital,Respiratory Infections,6
2023-03-03,Kisumu Referral Hospital,Respiratory Infections,5
2023-03-04,Kisumu Referral Hospital,Respiratory Infections,2
2023-03-05,Kisumu Referral Hospital,Respiratory Infections,2
2023-03-06,Kisumu Referral Hospital,Respiratory Infections,6
2023-03-07,Kisumu Referral Hospital,Respiratory Infections,5
2023-03-08,Kisumu Referral Hospital,Respiratory Infections,3
2023-03-09,Kisumu Referral Hospital,Respiratory Infections,7
2023-03-10,Kisumu Referral Hospital,Respiratory Infections,3
2023-03-11,Kisumu Referral Hospital,Respiratory Infections,5
2023-03-12,Kisumu Referral Hospital,Respiratory Infections,2
2023-03-13,Kisumu Referral Hospital,Respiratory Infections,4
2023-03-14,Kisumu Referral Hospital,Respiratory Infections,7
2023-03-15,Kisumu Referral Hospital,Respiratory Infections,3
2023-03-16,Kisumu Referral Hospital,Respiratory Infections,5
2023-03-17,Kisumu Referral Hospital,Respiratory Infections,5
2023-03-18,Kisumu Referral Hospital,Respiratory Infections,7
2023-03-19,Kisumu Referral Hospital,Respiratory Infections,6
2023-03-20,Kisumu Referral Hospital,Respiratory Infections,2
2023-03-21,Kisumu Referral Hospital,Respiratory Infections,4
2023-03-22,Kisumu Referral Hospital,Respiratory Infections,4
2023-03-23,Kisumu Referral Hospital,Respiratory Infections,8
2023-03-24,Kisumu Referral Hospital,Respiratory Infections,3
2023-03-25,Kisumu Referral Hospital,Respiratory Infections,1
2023-03-26,Kisumu Referral Hospital,Respiratory Infections,1
2023-03-27,Kisumu Referral Hospital,Respiratory Infections,8
2023-03-28,Kisumu Referral Hospital,Respiratory Infections,2
2023-03-29,Kisumu Referral Hospital,Respiratory Infections,5
2023-03-30,Kisumu Referral Hospital,Respiratory Infections,4
2023-03-31,Kisumu Referral Hospital,Respiratory Infections,3
2023-04-01,Kisumu Referral Hospital,Respiratory Infections,4
2023-04-02,Kisumu Referral Hospital,Respiratory Infections,5
2023-04-03,Kisumu Referral Hospital,Respiratory Infections,4
2023-04-04,Kisumu Referral Hospital,Respiratory Infections,6
2023-04-05,Kisumu Referral Hospital,Respiratory Infections,4
2023-04-06,Kisumu Referral Hospital,Respiratory Infections,5
2023-04-07,Kisumu Referral Hospital,Respiratory Infections,9
2023-04-08,Kisumu Referral Hospital,Respiratory Infections,7
2023-04-09,Kisumu Referral Hospital,Respiratory Infections,3
2023-04-10,Kisumu Referral Hospital,Respiratory Infections,9
2023-04-11,Kisumu Referral Hospital,Respiratory Infections,7
2023-04-12,Kisumu Referral Hospital,Respiratory Infections,5
2023-04-13,Kisumu Referral Hospital,Respiratory Infections,3
2023-04-14,Kisumu Referral Hospital,Respiratory Infections,7
2023-04-15,Kisumu Referral Hospital,Respiratory Infections,6
2023-04-16,Kisumu Referral Hospital,Respiratory Infections,9
2023-04-17,Kisumu Referral Hospital,Respiratory Infections,6
2023-04-18,Kisumu Referral Hospital,Respiratory Infections,6
2023-04-19,Kisumu Referral Hospital,Respiratory Infections,8
2023-04-20,Kisumu Referral Hospital,Respiratory Infections,5
2023-04-21,Kisumu Referral Hospital,Respiratory Infections,7
2023-04-22,Kisumu Referral Hospital,Respiratory Infections,9
2023-04-23,Kisumu Referral Hospital,Respiratory Infections,10
2023-04-24,Kisumu Referral Hospital,Respiratory Infections,3
2023-04-25,Kisumu Referral Hospital,Respiratory Infections,11
2023-04-26,Kisumu Referral Hospital,Respiratory Infections,9
2023-04-27,Kisumu Referral Hospital,Respiratory Infections,5
2023-04-28,Kisumu Referral Hospital,Respiratory Infections,8
2023-04-29,Kisumu Referral Hospital,Respiratory Infections,13
2023-04-30,Kisumu Referral Hospital,Respiratory Infections,9
2023-05-01,Kisumu Referral Hospital,Respiratory Infections,15
2023-05-02,Kisumu Referral Hospital,Respiratory Infections,11
2023-05-03,Kisumu Referral Hospital,Respiratory Infections,8
2023-05-04,Kisumu Referral Hospital,Respiratory Infections,5
2023-05-05,Kisumu Referral Hospital,Respiratory Infections,6
2023-05-06,Kisumu Referral Hospital,Respiratory Infections,9
2023-05-07,Kisumu Referral Hospital,Respiratory Infections,8
2023-05-08,Kisumu Referral Hospital,Respiratory Infections,9
2023-05-09,Kisumu Referral Hospital,Respiratory Infections,5
2023-05-10,Kisumu Referral Hospital,Respiratory Infections,9
2023-05-11,Kisumu Referral Hospital,Respiratory Infections,8
2023-05-12,Kisumu Referral Hospital,Respiratory Infections,12
2023-05-13,Kisumu Referral Hospital,Respiratory Infections,9
2023-05-14,Kisumu Referral Hospital,Respiratory Infections,9
2023-05-15,Kisumu Referral Hospital,Respiratory Infections,11
2023-05-16,Kisumu Referral Hospital,Respiratory Infections,9
2023-05-17,Kisumu Referral Hospital,Respiratory Infections,8
2023-05-18,Kisumu Referral Hospital,Respiratory Infections,11
2023-05-19,Kisumu Referral Hospital,Respiratory Infections,10
2023-05-20,Kisumu Referral Hospital,Respiratory Infections,4
2023-05-21,Kisumu Referral Hospital,Respiratory Infections,4
2023-05-22,Kisumu Referral Hospital,Respiratory Infections,11
2023-05-23,Kisumu Referral Hospital,Respiratory Infections,7
2023-05-24,Kisumu Referral Hospital,Respiratory Infections,17
2023-05-25,Kisumu Referral Hospital,Respiratory Infections,7
2023-05-26,Kisumu Referral Hospital,Respiratory Infections,12
2023-05-27,Kisumu Referral Hospital,Respiratory Infections,8
2023-05-28,Kisumu Referral Hospital,Respiratory Infections,7
2023-05-29,Kisumu Referral Hospital,Respiratory Infections,9
2023-05-30,Kisumu Referral Hospital,Respiratory Infections,13
2023-05-31,Kisumu Referral Hospital,Respiratory Infections,9
2023-06-01,Kisumu Referral Hospital,Respiratory Infections,15
2023-06-02,Kisumu Referral Hospital,Respiratory Infections,12
2023-06-03,Kisumu Referral Hospital,Respiratory Infections,8
2023-06-04,Kisumu Referral Hospital,Respiratory Infections,10
2023-06-05,Kisumu Referral Hospital,Respiratory Infections,8
2023-06-06,Kisumu Referral Hospital,Respiratory Infections,8
2023-06-07,Kisumu Referral Hospital,Respiratory Infections,9
2023-06-08,Kisumu Referral Hospital,Respiratory Infections,6
2023-06-09,Kisumu Referral Hospital,Respiratory Infections,12
2023-06-10,Kisumu Referral Hospital,Respiratory Infections,10
2023-06-11,Kisumu Referral Hospital,Respiratory Infections,7
2023-06-12,Kisumu Referral Hospital,Respiratory Infections,8
2023-06-13,Kisumu Referral Hospital,Respiratory Infections,9
2023-06-14,Kisumu Referral Hospital,Respiratory Infections,13
2023-06-15,Kisumu Referral Hospital,Respiratory Infections,8
2023-06-16,Kisumu Referral Hospital,Respiratory Infections,8
2023-06-17,Kisumu Referral Hospital,Respiratory Infections,10
2023-06-18,Kisumu Referral Hospital,Respiratory Infections,5
2023-06-19,Kisumu Referral Hospital,Respiratory Infections,15
2023-06-20,Kisumu Referral Hospital,Respiratory Infections,11
2023-06-21,Kisumu Referral Hospital,Respiratory Infections,12
2023-06-22,Kisumu Referral Hospital,Respiratory Infections,14
2023-06-23,Kisumu Referral Hospital,Respiratory Infections,6
2023-06-24,Kisumu Referral Hospital,Respiratory Infections,16
2023-06-25,Kisumu Referral Hospital,Respiratory Infections,14
2023-06-26,Kisumu Referral Hospital,Respiratory Infections,10
2023-06-27,Kisumu Referral Hospital,Respiratory Infections,12
2023-06-28,Kisumu Referral Hospital,Respiratory Infections,16
2023-06-29,Kisumu Referral Hospital,Respiratory Infections,10
2023-06-30,Kisumu Referral Hospital,Respiratory Infections,19
2023-07-01,Kisumu Referral Hospital,Respiratory Infections,8
2023-07-02,Kisumu Referral Hospital,Respiratory Infections,8
2023-07-03,Kisumu Referral Hospital,Respiratory Infections,16
2023-07-04,Kisumu Referral Hospital,Respiratory Infections,9
2023-07-05,Kisumu Referral Hospital,Respiratory Infections,9
2023-07-06,Kisumu Referral Hospital,Respiratory Infections,9
2023-07-07,Kisumu Referral Hospital,Respiratory Infections,11
2023-07-08,Kisumu Referral Hospital,Respiratory Infections,10
2023-07-09,Kisumu Referral Hospital,Respiratory Infections,5
2023-07-10,Kisumu Referral Hospital,Respiratory Infections,6
2023-07-11,Kisumu Referral Hospital,Respiratory Infections,11
2023-07-12,Kisumu Referral Hospital,Respiratory Infections,15
2023-07-13,Kisumu Referral Hospital,Respiratory Infections,8
2023-07-14,Kisumu Referral Hospital,Respiratory Infections,15
2023-07-15,Kisumu Referral Hospital,Respiratory Infections,5
2023-07-16,Kisumu Referral Hospital,Respiratory Infections,10
2023-07-17,Kisumu Referral Hospital,Respiratory Infections,13
2023-07-18,Kisumu Referral Hospital,Respiratory Infections,9
2023-07-19,Kisumu Referral Hospital,Respiratory Infections,11
2023-07-20,Kisumu Referral Hospital,Respiratory Infections,12
2023-07-21,Kisumu Referral Hospital,Respiratory Infections,13
2023-07-22,Kisumu Referral Hospital,Respiratory Infections,10
2023-07-23,Kisumu Referral Hospital,Respiratory Infections,8
2023-07-24,Kisumu Referral Hospital,Respiratory Infections,9
2023-07-25,Kisumu Referral Hospital,Respiratory Infections,9
2023-07-26,Kisumu Referral Hospital,Respiratory Infections,11
2023-07-27,Kisumu Referral Hospital,Respiratory Infections,6
2023-07-28,Kisumu Referral Hospital,Respiratory Infections,14
2023-07-29,Kisumu Referral Hospital,Respiratory Infections,7
2023-07-30,Kisumu Referral Hospital,Respiratory Infections,10
2023-07-31,Kisumu Referral Hospital,Respiratory Infections,14
2023-08-01,Kisumu Referral Hospital,Respiratory Infections,12
2023-08-02,Kisumu Referral Hospital,Respiratory Infections,13
2023-08-03,Kisumu Referral Hospital,Respiratory Infections,13
2023-08-04,Kisumu Referral Hospital,Respiratory Infections,10
2023-08-05,Kisumu Referral Hospital,Respiratory Infections,13
2023-08-06,Kisumu Referral Hospital,Respiratory Infections,6
2023-08-07,Kisumu Referral Hospital,Respiratory Infections,14
2023-08-08,Kisumu Referral Hospital,Respiratory Infections,7
2023-08-09,Kisumu Referral Hospital,Respiratory Infections,5
2023-08-10,Kisumu Referral Hospital,Respiratory Infections,8
2023-08-11,Kisumu Referral Hospital,Respiratory Infections,9
2023-08-12,Kisumu Referral Hospital,Respiratory Infections,8
2023-08-13,Kisumu Referral Hospital,Respiratory Infections,9
2023-08-14,Kisumu Referral Hospital,Respiratory Infections,16
2023-08-15,Kisumu Referral Hospital,Respiratory Infections,9
2023-08-16,Kisumu Referral Hospital,Respiratory Infections,18
2023-08-17,Kisumu Referral Hospital,Respiratory Infections,4
2023-08-18,Kisumu Referral Hospital,Respiratory Infections,10
2023-08-19,Kisumu Referral Hospital,Respiratory Infections,11
2023-08-20,Kisumu Referral Hospital,Respiratory Infections,4
2023-08-21,Kisumu Referral Hospital,Respiratory Infections,10
2023-08-22,Kisumu Referral Hospital,Respiratory Infections,13
2023-08-23,Kisumu Referral Hospital,Respiratory Infections,12
2023-08-24,Kisumu Referral Hospital,Respiratory Infections,8
2023-08-25,Kisumu Referral Hospital,Respiratory Infections,16
2023-08-26,Kisumu Referral Hospital,Respiratory Infections,10
2023-08-27,Kisumu Referral Hospital,Respiratory Infections,9
2023-08-28,Kisumu Referral Hospital,Respiratory Infections,12
2023-08-29,Kisumu Referral Hospital,Respiratory Infections,9
2023-08-30,Kisumu Referral Hospital,Respiratory Infections,10
2023-08-31,Kisumu Referral Hospital,Respiratory Infections,7
2023-09-01,Kisumu Referral Hospital,Respiratory Infections,14
2023-09-02,Kisumu Referral Hospital,Respiratory Infections,11
2023-09-03,Kisumu Referral Hospital,Respiratory Infections,10
2023-09-04,Kisumu Referral Hospital,Respiratory Infections,9
2023-09-05,Kisumu Referral Hospital,Respiratory Infections,7
2023-09-06,Kisumu Referral Hospital,Respiratory Infections,7
2023-09-07,Kisumu Referral Hospital,Respiratory Infections,7
2023-09-08,Kisumu Referral Hospital,Respiratory Infections,5
2023-09-09,Kisumu Referral Hospital,Respiratory Infections,7
2023-09-10,Kisumu Referral Hospital,Respiratory Infections,14
2023-09-11,Kisumu Referral Hospital,Respiratory Infections,5
2023-09-12,Kisumu Referral Hospital,Respiratory Infections,7
2023-09-13,Kisumu Referral Hospital,Respiratory Infections,16
2023-09-14,Kisumu Referral Hospital,Respiratory Infections,13
2023-09-15,Kisumu Referral Hospital,Respiratory Infections,6
2023-09-16,Kisumu Referral Hospital,Respiratory Infections,11
2023-09-17,Kisumu Referral Hospital,Respiratory Infections,6
2023-09-18,Kisumu Referral Hospital,Respiratory Infections,4
2023-09-19,Kisumu Referral Hospital,Respiratory Infections,5
2023-09-20,Kisumu Referral Hospital,Respiratory Infections,9
2023-09-21,Kisumu Referral Hospital,Respiratory Infections,11
2023-09-22,Kisumu Referral Hospital,Respiratory Infections,6
2023-09-23,Kisumu Referral Hospital,Respiratory Infections,6
2023-09-24,Kisumu Referral Hospital,Respiratory Infections,2
2023-09-25,Kisumu Referral Hospital,Respiratory Infections,6
2023-09-26,Kisumu Referral Hospital,Respiratory Infections,8
2023-09-27,Kisumu Referral Hospital,Respiratory Infections,3
2023-09-28,Kisumu Referral Hospital,Respiratory Infections,14
2023-09-29,Kisumu Referral Hospital,Respiratory Infections,10
2023-09-30,Kisumu Referral Hospital,Respiratory Infections,11
2023-10-01,Kisumu Referral Hospital,Respiratory Infections,11
2023-10-02,Kisumu Referral Hospital,Respiratory Infections,10
2023-10-03,Kisumu Referral Hospital,Respiratory Infections,7
2023-10-04,Kisumu Referral Hospital,Respiratory Infections,3
2023-10-05,Kisumu Referral Hospital,Respiratory Infections,4
2023-10-06,Kisumu Referral Hospital,Respiratory Infections,10
2023-10-07,Kisumu Referral Hospital,Respiratory Infections,4
2023-10-08,Kisumu Referral Hospital,Respiratory Infections,4
2023-10-09,Kisumu Referral Hospital,Respiratory Infections,8
2023-10-10,Kisumu Referral Hospital,Respiratory Infections,7
2023-10-11,Kisumu Referral Hospital,Respiratory Infections,7
2023-10-12,Kisumu Referral Hospital,Respiratory Infections,10
2023-10-13,Kisumu Referral Hospital,Respiratory Infections,10
2023-10-14,Kisumu Referral Hospital,Respiratory Infections,8
2023-10-15,Kisumu Referral Hospital,Respiratory Infections,6
2023-10-16,Kisumu Referral Hospital,Respiratory Infections,3
2023-10-17,Kisumu Referral Hospital,Respiratory Infections,10
2023-10-18,Kisumu Referral Hospital,Respiratory Infections,13
2023-10-19,Kisumu Referral Hospital,Respiratory Infections,6
2023-10-20,Kisumu Referral Hospital,Respiratory Infections,7
2023-10-21,Kisumu Referral Hospital,Respiratory Infections,6
2023-10-22,Kisumu Referral Hospital,Respiratory Infections,6
2023-10-23,Kisumu Referral Hospital,Respiratory Infections,6
2023-10-24,Kisumu Referral Hospital,Respiratory Infections,14
2023-10-25,Kisumu Referral Hospital,Respiratory Infections,9
2023-10-26,Kisumu Referral Hospital,Respiratory Infections,4
2023-10-27,Kisumu Referral Hospital,Respiratory Infections,6
2023-10-28,Kisumu Referral Hospital,Respiratory Infections,6
2023-10-29,Kisumu Referral Hospital,Respiratory Infections,6
2023-10-30,Kisumu Referral Hospital,Respiratory Infections,5
2023-10-31,Kisumu Referral Hospital,Respiratory Infections,6
2023-11-01,Kisumu Referral Hospital,Respiratory Infections,9
2023-11-02,Kisumu Referral Hospital,Respiratory Infections,4
2023-11-03,Kisumu Referral Hospital,Respiratory Infections,7
2023-11-04,Kisumu Referral Hospital,Respiratory Infections,4
2023-11-05,Kisumu Referral Hospital,Respiratory Infections,10
2023-11-06,Kisumu Referral Hospital,Respiratory Infections,6
2023-11-07,Kisumu Referral Hospital,Respiratory Infections,3
2023-11-08,Kisumu Referral Hospital,Respiratory Infections,2
2023-11-09,Kisumu Referral Hospital,Respiratory Infections,7
2023-11-10,Kisumu Referral Hospital,Respiratory Infections,7
2023-11-11,Kisumu Referral Hospital,Respiratory Infections,5
2023-11-12,Kisumu Referral Hospital,Respiratory Infections,7
2023-11-13,Kisumu Referral Hospital,Respiratory Infections,5
2023-11-14,Kisumu Referral Hospital,Respiratory Infections,4
2023-11-15,Kisumu Referral Hospital,Respiratory Infections,6
2023-11-16,Kisumu Referral Hospital,Respiratory Infections,4
2023-11-17,Kisumu Referral Hospital,Respiratory Infections,4
2023-11-18,Kisumu Referral Hospital,Respiratory Infections,6
2023-11-19,Kisumu Referral Hospital,Respiratory Infections,4
2023-11-20,Kisumu Referral Hospital,Respiratory Infections,4
2023-11-21,Kisumu Referral Hospital,Respiratory Infections,2
2023-11-22,Kisumu Referral Hospital,Respiratory Infections,2
2023-11-23,Kisumu Referral Hospital,Respiratory Infections,3
2023-11-24,Kisumu Referral Hospital,Respiratory Infections,7
2023-11-25,Kisumu Referral Hospital,Respiratory Infections,5
2023-11-26,Kisumu Referral Hospital,Respiratory Infections,5
2023-11-27,Kisumu Referral Hospital,Respiratory Infections,1
2023-11-28,Kisumu Referral Hospital,Respiratory Infections,5
2023-11-29,Kisumu Referral Hospital,Respiratory Infections,6
2023-11-30,Kisumu Referral Hospital,Respiratory Infections,6
2023-12-01,Kisumu Referral Hospital,Respiratory Infections,9
2023-12-02,Kisumu Referral Hospital,Respiratory Infections,4
2023-12-03,Kisumu Referral Hospital,Respiratory Infections,2
2023-12-04,Kisumu Referral Hospital,Respiratory Infections,7
2023-12-05,Kisumu Referral Hospital,Respiratory Infections,7
2023-12-06,Kisumu Referral Hospital,Respiratory Infections,4
2023-12-07,Kisumu Referral Hospital,Respiratory Infections,6
2023-12-08,Kisumu Referral Hospital,Respiratory Infections,8
2023-12-09,Kisumu Referral Hospital,Respiratory Infections,4
2023-12-10,Kisumu Referral Hospital,Respiratory Infections,2
2023-12-11,Kisumu Referral Hospital,Respiratory Infections,5
2023-12-12,Kisumu Referral Hospital,Respiratory Infections,4
2023-12-13,Kisumu Referral Hospital,Respiratory Infections,3
2023-12-14,Kisumu Referral Hospital,Respiratory Infections,4
2023-12-15,Kisumu Referral Hospital,Respiratory Infections,2
2023-12-16,Kisumu Referral Hospital,Respiratory Infections,3
2023-12-17,Kisumu Referral Hospital,Respiratory Infections,1
2023-12-18,Kisumu Referral Hospital,Respiratory Infections,5
2023-12-19,Kisumu Referral Hospital,Respiratory Infections,6
2023-12-20,Kisumu Referral Hospital,Respiratory Infections,3
2023-12-21,Kisumu Referral Hospital,Respiratory Infections,2
2023-12-22,Kisumu Referral Hospital,Respiratory Infections,3
2023-12-23,Kisumu Referral Hospital,Respiratory Infections,1
2023-12-24,Kisumu Referral Hospital,Respiratory Infections,2
2023-12-25,Kisumu Referral Hospital,Respiratory Infections,1
2023-12-26,Kisumu Referral Hospital,Respiratory Infections,5
2023-12-27,Kisumu Referral Hospital,Respiratory Infections,4
2023-12-28,Kisumu Referral Hospital,Respiratory Infections,4
2023-12-29,Kisumu Referral Hospital,Respiratory Infections,4
2023-12-30,Kisumu Referral Hospital,Respiratory Infections,8
2023-12-31,Kisumu Referral Hospital,Respiratory Infections,2
2024-01-01,Kisumu Referral Hospital,Respiratory Infections,4
2024-01-02,Kisumu Referral Hospital,Respiratory Infections,4
2024-01-03,Kisumu Referral Hospital,Respiratory Infections,2
2024-01-04,Kisumu Referral Hospital,Respiratory Infections,4
2024-01-05,Kisumu Referral Hospital,Respiratory Infections,2
2024-01-06,Kisumu Referral Hospital,Respiratory Infections,3
2024-01-07,Kisumu Referral Hospital,Respiratory Infections,1
2024-01-08,Kisumu Referral Hospital,Respiratory Infections,1
2024-01-09,Kisumu Referral Hospital,Respiratory Infections,3
2024-01-10,Kisumu Referral Hospital,Respiratory Infections,2
2024-01-11,Kisumu Referral Hospital,Respiratory Infections,3
2024-01-12,Kisumu Referral Hospital,Respiratory Infections,4
2024-01-13,Kisumu Referral Hospital,Respiratory Infections,5
2024-01-14,Kisumu Referral Hospital,Respiratory Infections,3
2024-01-15,Kisumu Referral Hospital,Respiratory Infections,2
2024-01-16,Kisumu Referral Hospital,Respiratory Infections,3
2024-01-17,Kisumu Referral Hospital,Respiratory Infections,8
2024-01-18,Kisumu Referral Hospital,Respiratory Infections,5
2024-01-19,Kisumu Referral Hospital,Respiratory Infections,3
2024-01-20,Kisumu Referral Hospital,Respiratory Infections,0
2024-01-21,Kisumu Referral Hospital,Respiratory Infections,3
2024-01-22,Kisumu Referral Hospital,Respiratory Infections,8
2024-01-23,Kisumu Referral Hospital,Respiratory Infections,2
2024-01-24,Kisumu Referral Hospital,Respiratory Infections,2
2024-01-25,Kisumu Referral Hospital,Respiratory Infections,6
2024-01-26,Kisumu Referral Hospital,Respiratory Infections,4
2024-01-27,Kisumu Referral Hospital,Respiratory Infections,3
2024-01-28,Kisumu Referral Hospital,Respiratory Infections,5
2024-01-29,Kisumu Referral Hospital,Respiratory Infections,1
2024-01-30,Kisumu Referral Hospital,Respiratory Infections,5
2024-01-31,Kisumu Referral Hospital,Respiratory Infections,8
2024-02-01,Kisumu Referral Hospital,Respiratory Infections,2
2024-02-02,Kisumu Referral Hospital,Respiratory Infections,3
2024-02-03,Kisumu Referral Hospital,Respiratory Infections,3
2024-02-04,Kisumu Referral Hospital,Respiratory Infections,2
2024-02-05,Kisumu Referral Hospital,Respiratory Infections,4
2024-02-06,Kisumu Referral Hospital,Respiratory Infections,2
2024-02-07,Kisumu Referral Hospital,Respiratory Infections,2
2024-02-08,Kisumu Referral Hospital,Respiratory Infections,6
2024-02-09,Kisumu Referral Hospital,Respiratory Infections,1
2024-02-10,Kisumu Referral Hospital,Respiratory Infections,2
2024-02-11,Kisumu Referral Hospital,Respiratory Infections,5
2024-02-12,Kisumu Referral Hospital,Respiratory Infections,3
2024-02-13,Kisumu Referral Hospital,Respiratory Infections,3
2024-02-14,Kisumu Referral Hospital,Respiratory Infections,5
2024-02-15,Kisumu Referral Hospital,Respiratory Infections,5
2024-02-16,Kisumu Referral Hospital,Respiratory Infections,5
2024-02-17,Kisumu Referral Hospital,Respiratory Infections,3
2024-02-18,Kisumu Referral Hospital,Respiratory Infections,5
2024-02-19,Kisumu Referral Hospital,Respiratory Infections,2
2024-02-20,Kisumu Referral Hospital,Respiratory Infections,4
2024-02-21,Kisumu Referral Hospital,Respiratory Infections,5
2024-02-22,Kisumu Referral Hospital,Respiratory Infections,3
2024-02-23,Kisumu Referral Hospital,Respiratory Infections,3
2024-02-24,Kisumu Referral Hospital,Respiratory Infections,1
2024-02-25,Kisumu Referral Hospital,Respiratory Infections,1
2024-02-26,Kisumu Referral Hospital,Respiratory Infections,2
2024-02-27,Kisumu Referral Hospital,Respiratory Infections,9
2024-02-28,Kisumu Referral Hospital,Respiratory Infections,6
2024-02-29,Kisumu Referral Hospital,Respiratory Infections,5
2024-03-01,Kisumu Referral Hospital,Respiratory Infections,2
2024-03-02,Kisumu Referral Hospital,Respiratory Infections,1
2024-03-03,Kisumu Referral Hospital,Respiratory Infections,3
2024-03-04,Kisumu Referral Hospital,Respiratory Infections,5
2024-03-05,Kisumu Referral Hospital,Respiratory Infections,4
2024-03-06,Kisumu Referral Hospital,Respiratory Infections,2
2024-03-07,Kisumu Referral Hospital,Respiratory Infections,5
2024-03-08,Kisumu Referral Hospital,Respiratory Infections,5
2024-03-09,Kisumu Referral Hospital,Respiratory Infections,3
2024-03-10,Kisumu Referral Hospital,Respiratory Infections,3
2024-03-11,Kisumu Referral Hospital,Respiratory Infections,4
2024-03-12,Kisumu Referral Hospital,Respiratory Infections,6
2024-03-13,Kisumu Referral Hospital,Respiratory Infections,6
2024-03-14,Kisumu Referral Hospital,Respiratory Infections,7
2024-03-15,Kisumu Referral Hospital,Respiratory Infections,7
2024-03-16,Kisumu Referral Hospital,Respiratory Infections,4
2024-03-17,Kisumu Referral Hospital,Respiratory Infections,7
2024-03-18,Kisumu Referral Hospital,Respiratory Infections,4
2024-03-19,Kisumu Referral Hospital,Respiratory Infections,3
2024-03-20,Kisumu Referral Hospital,Respiratory Infections,3
2024-03-21,Kisumu Referral Hospital,Respiratory Infections,0
2024-03-22,Kisumu Referral Hospital,Respiratory Infections,11
2024-03-23,Kisumu Referral Hospital,Respiratory Infections,2
2024-03-24,Kisumu Referral Hospital,Respiratory Infections,6
2024-03-25,Kisumu Referral Hospital,Respiratory Infections,7
2024-03-26,Kisumu Referral Hospital,Respiratory Infections,9
2024-03-27,Kisumu Referral Hospital,Respiratory Infections,7
2024-03-28,Kisumu Referral Hospital,Respiratory Infections,7
2024-03-29,Kisumu Referral Hospital,Respiratory Infections,5
2024-03-30,Kisumu Referral Hospital,Respiratory Infections,7
2024-03-31,Kisumu Referral Hospital,Respiratory Infections,6
2024-04-01,Kisumu Referral Hospital,Respiratory Infections,4
2024-04-02,Kisumu Referral Hospital,Respiratory Infections,10
2024-04-03,Kisumu Referral Hospital,Respiratory Infections,3
2024-04-04,Kisumu Referral Hospital,Respiratory Infections,4
2024-04-05,Kisumu Referral Hospital,Respiratory Infections,8
2024-04-06,Kisumu Referral Hospital,Respiratory Infections,1
2024-04-07,Kisumu Referral Hospital,Respiratory Infections,5
2024-04-08,Kisumu Referral Hospital,Respiratory Infections,6
2024-04-09,Kisumu Referral Hospital,Respiratory Infections,7
2024-04-10,Kisumu Referral Hospital,Respiratory Infections,3
2024-04-11,Kisumu Referral Hospital,Respiratory Infections,3
2024-04-12,Kisumu Referral Hospital,Respiratory Infections,6
2024-04-13,Kisumu Referral Hospital,Respiratory Infections,8
2024-04-14,Kisumu Referral Hospital,Respiratory Infections,7
2024-04-15,Kisumu Referral Hospital,Respiratory Infections,3
2024-04-16,Kisumu Referral Hospital,Respiratory Infections,7
2024-04-17,Kisumu Referral Hospital,Respiratory Infections,6
2024-04-18,Kisumu Referral Hospital,Respiratory Infections,8
2024-04-19,Kisumu Referral Hospital,Respiratory Infections,7
2024-04-20,Kisumu Referral Hospital,Respiratory Infections,7
2024-04-21,Kisumu Referral Hospital,Respiratory Infections,6
2024-04-22,Kisumu Referral Hospital,Respiratory Infections,4
2024-04-23,Kisumu Referral Hospital,Respiratory Infections,7
2024-04-24,Kisumu Referral Hospital,Respiratory Infections,8
2024-04-25,Kisumu Referral Hospital,Respiratory Infections,16
2024-04-26,Kisumu Referral Hospital,Respiratory Infections,7
2024-04-27,Kisumu Referral Hospital,Respiratory Infections,3
2024-04-28,Kisumu Referral Hospital,Respiratory Infections,4
2024-04-29,Kisumu Referral Hospital,Respiratory Infections,11
2024-04-30,Kisumu Referral Hospital,Respiratory Infections,7
2024-05-01,Kisumu Referral Hospital,Respiratory Infections,6
2024-05-02,Kisumu Referral Hospital,Respiratory Infections,6
2024-05-03,Kisumu Referral Hospital,Respiratory Infections,8
2024-05-04,Kisumu Referral Hospital,Respiratory Infections,7
2024-05-05,Kisumu Referral Hospital,Respiratory Infections,4
2024-05-06,Kisumu Referral Hospital,Respiratory Infections,10
2024-05-07,Kisumu Referral Hospital,Respiratory Infections,13
2024-05-08,Kisumu Referral Hospital,Respiratory Infections,8
2024-05-09,Kisumu Referral Hospital,Respiratory Infections,9
2024-05-10,Kisumu Referral Hospital,Respiratory Infections,8
2024-05-11,Kisumu Referral Hospital,Respiratory Infections,8
2024-05-12,Kisumu Referral Hospital,Respiratory Infections,6
2024-05-13,Kisumu Referral Hospital,Respiratory Infections,4
2024-05-14,Kisumu Referral Hospital,Respiratory Infections,7
2024-05-15,Kisumu Referral Hospital,Respiratory Infections,15
2024-05-16,Kisumu Referral Hospital,Respiratory Infections,6
2024-05-17,Kisumu Referral Hospital,Respiratory Infections,11
2024-05-18,Kisumu Referral Hospital,Respiratory Infections,9
2024-05-19,Kisumu Referral Hospital,Respiratory Infections,8
2024-05-20,Kisumu Referral Hospital,Respiratory Infections,9
2024-05-21,Kisumu Referral Hospital,Respiratory Infections,7
2024-05-22,Kisumu Referral Hospital,Respiratory Infections,10
2024-05-23,Kisumu Referral Hospital,Respiratory Infections,9
2024-05-24,Kisumu Referral Hospital,Respiratory Infections,8
2024-05-25,Kisumu Referral Hospital,Respiratory Infections,9
2024-05-26,Kisumu Referral Hospital,Respiratory Infections,7
2024-05-27,Kisumu Referral Hospital,Respiratory Infections,10
2024-05-28,Kisumu Referral Hospital,Respiratory Infections,10
2024-05-29,Kisumu Referral Hospital,Respiratory Infections,8
2024-05-30,Kisumu Referral Hospital,Respiratory Infections,9
2024-05-31,Kisumu Referral Hospital,Respiratory Infections,9
2024-06-01,Kisumu Referral Hospital,Respiratory Infections,7
2024-06-02,Kisumu Referral Hospital,Respiratory Infections,6
2024-06-03,Kisumu Referral Hospital,Respiratory Infections,10
2024-06-04,Kisumu Referral Hospital,Respiratory Infections,13
2024-06-05,Kisumu Referral Hospital,Respiratory Infections,8
2024-06-06,Kisumu Referral Hospital,Respiratory Infections,15
2024-06-07,Kisumu Referral Hospital,Respiratory Infections,6
2024-06-08,Kisumu Referral Hospital,Respiratory Infections,9
2024-06-09,Kisumu Referral Hospital,Respiratory Infections,9
2024-06-10,Kisumu Referral Hospital,Respiratory Infections,10
2024-06-11,Kisumu Referral Hospital,Respiratory Infections,8
2024-06-12,Kisumu Referral Hospital,Respiratory Infections,11
2024-06-13,Kisumu Referral Hospital,Respiratory Infections,13
2024-06-14,Kisumu Referral Hospital,Respiratory Infections,5
2024-06-15,Kisumu Referral Hospital,Respiratory Infections,10
2024-06-16,Kisumu Referral Hospital,Respiratory Infections,11
2024-06-17,Kisumu Referral Hospital,Respiratory Infections,15
2024-06-18,Kisumu Referral Hospital,Respiratory Infections,13
2024-06-19,Kisumu Referral Hospital,Respiratory Infections,14
2024-06-20,Kisumu Referral Hospital,Respiratory Infections,11
2024-06-21,Kisumu Referral Hospital,Respiratory Infections,12
2024-06-22,Kisumu Referral Hospital,Respiratory Infections,13
2024-06-23,Kisumu Referral Hospital,Respiratory Infections,7
2024-06-24,Kisumu Referral Hospital,Respiratory Infections,9
2024-06-25,Kisumu Referral Hospital,Respiratory Infections,11
2024-06-26,Kisumu Referral Hospital,Respiratory Infections,12
2024-06-27,Kisumu Referral Hospital,Respiratory Infections,10
2024-06-28,Kisumu Referral Hospital,Respiratory Infections,5
2024-06-29,Kisumu Referral Hospital,Respiratory Infections,13
2024-06-30,Kisumu Referral Hospital,Respiratory Infections,4
2024-07-01,Kisumu Referral Hospital,Respiratory Infections,11
2024-07-02,Kisumu Referral Hospital,Respiratory Infections,6
2024-07-03,Kisumu Referral Hospital,Respiratory Infections,9
2024-07-04,Kisumu Referral Hospital,Respiratory Infections,4
2024-07-05,Kisumu Referral Hospital,Respiratory Infections,4
2024-07-06,Kisumu Referral Hospital,Respiratory Infections,7
2024-07-07,Kisumu Referral Hospital,Respiratory Infections,17
2024-07-08,Kisumu Referral Hospital,Respiratory Infections,12
2024-07-09,Kisumu Referral Hospital,Respiratory Infections,15
2024-07-10,Kisumu Referral Hospital,Respiratory Infections,7
2024-07-11,Kisumu Referral Hospital,Respiratory Infections,7
2024-07-12,Kisumu Referral Hospital,Respiratory Infections,7
2024-07-13,Kisumu Referral Hospital,Respiratory Infections,9
2024-07-14,Kisumu Referral Hospital,Respiratory Infections,11
2024-07-15,Kisumu Referral Hospital,Respiratory Infections,8
2024-07-16,Kisumu Referral Hospital,Respiratory Infections,11
2024-07-17,Kisumu Referral Hospital,Respiratory Infections,12
2024-07-18,Kisumu Referral Hospital,Respiratory Infections,9
2024-07-19,Kisumu Referral Hospital,Respiratory Infections,10
2024-07-20,Kisumu Referral Hospital,Respiratory Infections,7
2024-07-21,Kisumu Referral Hospital,Respiratory Infections,10
2024-07-22,Kisumu Referral Hospital,Respiratory Infections,3
2024-07-23,Kisumu Referral Hospital,Respiratory Infections,9
2024-07-24,Kisumu Referral Hospital,Respiratory Infections,7
2024-07-25,Kisumu Referral Hospital,Respiratory Infections,10
2024-07-26,Kisumu Referral Hospital,Respiratory Infections,5
2024-07-27,Kisumu Referral Hospital,Respiratory Infections,7
2024-07-28,Kisumu Referral Hospital,Respiratory Infections,8
2024-07-29,Kisumu Referral Hospital,Respiratory Infections,8
2024-07-30,Kisumu Referral Hospital,Respiratory Infections,8
2024-07-31,Kisumu Referral Hospital,Respiratory Infections,6
2024-08-01,Kisumu Referral Hospital,Respiratory Infections,12
2024-08-02,Kisumu Referral Hospital,Respiratory Infections,7
2024-08-03,Kisumu Referral Hospital,Respiratory Infections,9
2024-08-04,Kisumu Referral Hospital,Respiratory Infections,10
2024-08-05,Kisumu Referral Hospital,Respiratory Infections,10
2024-08-06,Kisumu Referral Hospital,Respiratory Infections,15
2024-08-07,Kisumu Referral Hospital,Respiratory Infections,12
2024-08-08,Kisumu Referral Hospital,Respiratory Infections,9
2024-08-09,Kisumu Referral Hospital,Respiratory Infections,13
2024-08-10,Kisumu Referral Hospital,Respiratory Infections,9
2024-08-11,Kisumu Referral Hospital,Respiratory Infections,8
2024-08-12,Kisumu Referral Hospital,Respiratory Infections,9
2024-08-13,Kisumu Referral Hospital,Respiratory Infections,11
2024-08-14,Kisumu Referral Hospital,Respiratory Infections,8
2024-08-15,Kisumu Referral Hospital,Respiratory Infections,21
2024-08-16,Kisumu Referral Hospital,Respiratory Infections,6
2024-08-17,Kisumu Referral Hospital,Respiratory Infections,7
2024-08-18,Kisumu Referral Hospital,Respiratory Infections,7
2024-08-19,Kisumu Referral Hospital,Respiratory Infections,6
2024-08-20,Kisumu Referral Hospital,Respiratory Infections,7
2024-08-21,Kisumu Referral Hospital,Respiratory Infections,16
2024-08-22,Kisumu Referral Hospital,Respiratory Infections,6
2024-08-23,Kisumu Referral Hospital,Respiratory Infections,14
2024-08-24,Kisumu Referral Hospital,Respiratory Infections,12
2024-08-25,Kisumu Referral Hospital,Respiratory Infections,10
2024-08-26,Kisumu Referral Hospital,Respiratory Infections,7
2024-08-27,Kisumu Referral Hospital,Respiratory Infections,7
2024-08-28,Kisumu Referral Hospital,Respiratory Infections,16
2024-08-29,Kisumu Referral Hospital,Respiratory Infections,15
2024-08-30,Kisumu Referral Hospital,Respiratory Infections,16
2024-08-31,Kisumu Referral Hospital,Respiratory Infections,11
2024-09-01,Kisumu Referral Hospital,Respiratory Infections,8
2024-09-02,Kisumu Referral Hospital,Respiratory Infections,12
2024-09-03,Kisumu Referral Hospital,Respiratory Infections,8
2024-09-04,Kisumu Referral Hospital,Respiratory Infections,13
2024-09-05,Kisumu Referral Hospital,Respiratory Infections,10
2024-09-06,Kisumu Referral Hospital,Respiratory Infections,14
2024-09-07,Kisumu Referral Hospital,Respiratory Infections,9
2024-09-08,Kisumu Referral Hospital,Respiratory Infections,8
2024-09-09,Kisumu Referral Hospital,Respiratory Infections,6
2024-09-10,Kisumu Referral Hospital,Respiratory Infections,11
2024-09-11,Kisumu Referral Hospital,Respiratory Infections,16
2024-09-12,Kisumu Referral Hospital,Respiratory Infections,6
2024-09-13,Kisumu Referral Hospital,Respiratory Infections,15
2024-09-14,Kisumu Referral Hospital,Respiratory Infections,8
2024-09-15,Kisumu Referral Hospital,Respiratory Infections,5
2024-09-16,Kisumu Referral Hospital,Respiratory Infections,6
2024-09-17,Kisumu Referral Hospital,Respiratory Infections,9
2024-09-18,Kisumu Referral Hospital,Respiratory Infections,11
2024-09-19,Kisumu Referral Hospital,Respiratory Infections,9
2024-09-20,Kisumu Referral Hospital,Respiratory Infections,8
2024-09-21,Kisumu Referral Hospital,Respiratory Infections,11
2024-09-22,Kisumu Referral Hospital,Respiratory Infections,9
2024-09-23,Kisumu Referral Hospital,Respiratory Infections,9
2024-09-24,Kisumu Referral Hospital,Respiratory Infections,7
2024-09-25,Kisumu Referral Hospital,Respiratory Infections,13
2024-09-26,Kisumu Referral Hospital,Respiratory Infections,10
2024-09-27,Kisumu Referral Hospital,Respiratory Infections,9
2024-09-28,Kisumu Referral Hospital,Respiratory Infections,8
2024-09-29,Kisumu Referral Hospital,Respiratory Infections,7
2024-09-30,Kisumu Referral Hospital,Respiratory Infections,15
2024-10-01,Kisumu Referral Hospital,Respiratory Infections,7
2024-10-02,Kisumu Referral Hospital,Respiratory Infections,12
2024-10-03,Kisumu Referral Hospital,Respiratory Infections,9
2024-10-04,Kisumu Referral Hospital,Respiratory Infections,6
2024-10-05,Kisumu Referral Hospital,Respiratory Infections,6
2024-10-06,Kisumu Referral Hospital,Respiratory Infections,8
2024-10-07,Kisumu Referral Hospital,Respiratory Infections,5
2024-10-08,Kisumu Referral Hospital,Respiratory Infections,8
2024-10-09,Kisumu Referral Hospital,Respiratory Infections,11
2024-10-10,Kisumu Referral Hospital,Respiratory Infections,7
2024-10-11,Kisumu Referral Hospital,Respiratory Infections,7
2024-10-12,Kisumu Referral Hospital,Respiratory Infections,11
2024-10-13,Kisumu Referral Hospital,Respiratory Infections,8
2024-10-14,Kisumu Referral Hospital,Respiratory Infections,6
2024-10-15,Kisumu Referral Hospital,Respiratory Infections,6
2024-10-16,Kisumu Referral Hospital,Respiratory Infections,9
2024-10-17,Kisumu Referral Hospital,Respiratory Infections,8
2024-10-18,Kisumu Referral Hospital,Respiratory Infections,6
2024-10-19,Kisumu Referral Hospital,Respiratory Infections,5
2024-10-20,Kisumu Referral Hospital,Respiratory Infections,7
2024-10-21,Kisumu Referral Hospital,Respiratory Infections,7
2024-10-22,Kisumu Referral Hospital,Respiratory Infections,9
2024-10-23,Kisumu Referral Hospital,Respiratory Infections,6
2024-10-24,Kisumu Referral Hospital,Respiratory Infections,7
2024-10-25,Kisumu Referral Hospital,Respiratory Infections,5
2024-10-26,Kisumu Referral Hospital,Respiratory Infections,7
2024-10-27,Kisumu Referral Hospital,Respiratory Infections,5
2024-10-28,Kisumu Referral Hospital,Respiratory Infections,8
2024-10-29,Kisumu Referral Hospital,Respiratory Infections,7
2024-10-30,Kisumu Referral Hospital,Respiratory Infections,7
2024-10-31,Kisumu Referral Hospital,Respiratory Infections,6
2024-11-01,Kisumu Referral Hospital,Respiratory Infections,6
2024-11-02,Kisumu Referral Hospital,Respiratory Infections,7
2024-11-03,Kisumu Referral Hospital,Respiratory Infections,6
2024-11-04,Kisumu Referral Hospital,Respiratory Infections,4
2024-11-05,Kisumu Referral Hospital,Respiratory Infections,8
2024-11-06,Kisumu Referral Hospital,Respiratory Infections,8
2024-11-07,Kisumu Referral Hospital,Respiratory Infections,6
2024-11-08,Kisumu Referral Hospital,Respiratory Infections,3
2024-11-09,Kisumu Referral Hospital,Respiratory Infections,5
2024-11-10,Kisumu Referral Hospital,Respiratory Infections,8
2024-11-11,Kisumu Referral Hospital,Respiratory Infections,4
2024-11-12,Kisumu Referral Hospital,Respiratory Infections,5
2024-11-13,Kisumu Referral Hospital,Respiratory Infections,3
2024-11-14,Kisumu Referral Hospital,Respiratory Infections,4
2024-11-15,Kisumu Referral Hospital,Respiratory Infections,8
2024-11-16,Kisumu Referral Hospital,Respiratory Infections,5
2024-11-17,Kisumu Referral Hospital,Respiratory Infections,5
2024-11-18,Kisumu Referral Hospital,Respiratory Infections,5
2024-11-19,Kisumu Referral Hospital,Respiratory Infections,7
2024-11-20,Kisumu Referral Hospital,Respiratory Infections,4
2024-11-21,Kisumu Referral Hospital,Respiratory Infections,6
2024-11-22,Kisumu Referral Hospital,Respiratory Infections,6
2024-11-23,Kisumu Referral Hospital,Respiratory Infections,8
2024-11-24,Kisumu Referral Hospital,Respiratory Infections,4
2024-11-25,Kisumu Referral Hospital,Respiratory Infections,8
2024-11-26,Kisumu Referral Hospital,Respiratory Infections,3
2024-11-27,Kisumu Referral Hospital,Respiratory Infections,8
2024-11-28,Kisumu Referral Hospital,Respiratory Infections,2
2024-11-29,Kisumu Referral Hospital,Respiratory Infections,5
2024-11-30,Kisumu Referral Hospital,Respiratory Infections,7
2024-12-01,Kisumu Referral Hospital,Respiratory Infections,2
2024-12-02,Kisumu Referral Hospital,Respiratory Infections,4
2024-12-03,Kisumu Referral Hospital,Respiratory Infections,6
2024-12-04,Kisumu Referral Hospital,Respiratory Infections,3
2024-12-05,Kisumu Referral Hospital,Respiratory Infections,3
2024-12-06,Kisumu Referral Hospital,Respiratory Infections,5
2024-12-07,Kisumu Referral Hospital,Respiratory Infections,4
2024-12-08,Kisumu Referral Hospital,Respiratory Infections,5
2024-12-09,Kisumu Referral Hospital,Respiratory Infections,4
2024-12-10,Kisumu Referral Hospital,Respiratory Infections,5
2024-12-11,Kisumu Referral Hospital,Respiratory Infections,2
2024-12-12,Kisumu Referral Hospital,Respiratory Infections,4
2024-12-13,Kisumu Referral Hospital,Respiratory Infections,3
2024-12-14,Kisumu Referral Hospital,Respiratory Infections,6
2024-12-15,Kisumu Referral Hospital,Respiratory Infections,1
2024-12-16,Kisumu Referral Hospital,Respiratory Infections,2
2024-12-17,Kisumu Referral Hospital,Respiratory Infections,4
2024-12-18,Kisumu Referral Hospital,Respiratory Infections,4
2024-12-19,Kisumu Referral Hospital,Respiratory Infections,3
2024-12-20,Kisumu Referral Hospital,Respiratory Infections,2
2024-12-21,Kisumu Referral Hospital,Respiratory Infections,4
2024-12-22,Kisumu Referral Hospital,Respiratory Infections,5
2024-12-23,Kisumu Referral Hospital,Respiratory Infections,5
2024-12-24,Kisumu Referral Hospital,Respiratory Infections,6
2024-12-25,Kisumu Referral Hospital,Respiratory Infections,2
2024-12-26,Kisumu Referral Hospital,Respiratory Infections,6
2024-12-27,Kisumu Referral Hospital,Respiratory Infections,7
2024-12-28,Kisumu Referral Hospital,Respiratory Infections,5
2024-12-29,Kisumu Referral Hospital,Respiratory Infections,1
2024-12-30,Kisumu Referral Hospital,Respiratory Infections,3
2024-12-31,Kisumu Referral Hospital,Respiratory Infections,5
2025-01-01,Kisumu Referral Hospital,Respiratory Infections,2
2025-01-02,Kisumu Referral Hospital,Respiratory Infections,3
2025-01-03,Kisumu Referral Hospital,Respiratory Infections,1
2025-01-04,Kisumu Referral Hospital,Respiratory Infections,3
2025-01-05,Kisumu Referral Hospital,Respiratory Infections,5
2025-01-06,Kisumu Referral Hospital,Respiratory Infections,2
2025-01-07,Kisumu Referral Hospital,Respiratory Infections,2
2025-01-08,Kisumu Referral Hospital,Respiratory Infections,9
2025-01-09,Kisumu Referral Hospital,Respiratory Infections,2
2025-01-10,Kisumu Referral Hospital,Respiratory Infections,0
2025-01-11,Kisumu Referral Hospital,Respiratory Infections,5
2025-01-12,Kisumu Referral Hospital,Respiratory Infections,5
2025-01-13,Kisumu Referral Hospital,Respiratory Infections,3
2025-01-14,Kisumu Referral Hospital,Respiratory Infections,3
2025-01-15,Kisumu Referral Hospital,Respiratory Infections,2
2025-01-16,Kisumu Referral Hospital,Respiratory Infections,4
2025-01-17,Kisumu Referral Hospital,Respiratory Infections,1
2025-01-18,Kisumu Referral Hospital,Respiratory Infections,3
2025-01-19,Kisumu Referral Hospital,Respiratory Infections,4
2025-01-20,Kisumu Referral Hospital,Respiratory Infections,4
2025-01-21,Kisumu Referral Hospital,Respiratory Infections,3
2025-01-22,Kisumu Referral Hospital,Respiratory Infections,2
2025-01-23,Kisumu Referral Hospital,Respiratory Infections,5
2025-01-24,Kisumu Referral Hospital,Respiratory Infections,3
2025-01-25,Kisumu Referral Hospital,Respiratory Infections,5
2025-01-26,Kisumu Referral Hospital,Respiratory Infections,1
2025-01-27,Kisumu Referral Hospital,Respiratory Infections,4
2025-01-28,Kisumu Referral Hospital,Respiratory Infections,8
2025-01-29,Kisumu Referral Hospital,Respiratory Infections,4
2025-01-30,Kisumu Referral Hospital,Respiratory Infections,3
2025-01-31,Kisumu Referral Hospital,Respiratory Infections,2
2025-02-01,Kisumu Referral Hospital,Respiratory Infections,5
2025-02-02,Kisumu Referral Hospital,Respiratory Infections,2
2025-02-03,Kisumu Referral Hospital,Respiratory Infections,6
2025-02-04,Kisumu Referral Hospital,Respiratory Infections,2
2025-02-05,Kisumu Referral Hospital,Respiratory Infections,4
2025-02-06,Kisumu Referral Hospital,Respiratory Infections,6
2025-02-07,Kisumu Referral Hospital,Respiratory Infections,5
2025-02-08,Kisumu Referral Hospital,Respiratory Infections,2
2025-02-09,Kisumu Referral Hospital,Respiratory Infections,2
2025-02-10,Kisumu Referral Hospital,Respiratory Infections,4
2025-02-11,Kisumu Referral Hospital,Respiratory Infections,4
2025-02-12,Kisumu Referral Hospital,Respiratory Infections,12
2025-02-13,Kisumu Referral Hospital,Respiratory Infections,2
2025-02-14,Kisumu Referral Hospital,Respiratory Infections,3
2025-02-15,Kisumu Referral Hospital,Respiratory Infections,3
2025-02-16,Kisumu Referral Hospital,Respiratory Infections,1
2025-02-17,Kisumu Referral Hospital,Respiratory Infections,5
2025-02-18,Kisumu Referral Hospital,Respiratory Infections,2
2025-02-19,Kisumu Referral Hospital,Respiratory Infections,6
2025-02-20,Kisumu Referral Hospital,Respiratory Infections,2
2025-02-21,Kisumu Referral Hospital,Respiratory Infections,2
2025-02-22,Kisumu Referral Hospital,Respiratory Infections,2
2025-02-23,Kisumu Referral Hospital,Respiratory Infections,5
2025-02-24,Kisumu Referral Hospital,Respiratory Infections,3
2025-02-25,Kisumu Referral Hospital,Respiratory Infections,5
2025-02-26,Kisumu Referral Hospital,Respiratory Infections,2
2025-02-27,Kisumu Referral Hospital,Respiratory Infections,4
2025-02-28,Kisumu Referral Hospital,Respiratory Infections,6
2025-03-01,Kisumu Referral Hospital,Respiratory Infections,4
2025-03-02,Kisumu Referral Hospital,Respiratory Infections,4
2025-03-03,Kisumu Referral Hospital,Respiratory Infections,8
2025-03-04,Kisumu Referral Hospital,Respiratory Infections,5
2025-03-05,Kisumu Referral Hospital,Respiratory Infections,2
2025-03-06,Kisumu Referral Hospital,Respiratory Infections,8
2025-03-07,Kisumu Referral Hospital,Respiratory Infections,3
2025-03-08,Kisumu Referral Hospital,Respiratory Infections,5
2025-03-09,Kisumu Referral Hospital,Respiratory Infections,3
2025-03-10,Kisumu Referral Hospital,Respiratory Infections,7
2025-03-11,Kisumu Referral Hospital,Respiratory Infections,5
2025-03-12,Kisumu Referral Hospital,Respiratory Infections,6
2025-03-13,Kisumu Referral Hospital,Respiratory Infections,7
2025-03-14,Kisumu Referral Hospital,Respiratory Infections,5
2025-03-15,Kisumu Referral Hospital,Respiratory Infections,4
2025-03-16,Kisumu Referral Hospital,Respiratory Infections,5
2025-03-17,Kisumu Referral Hospital,Respiratory Infections,7
2025-03-18,Kisumu Referral Hospital,Respiratory Infections,8
2025-03-19,Kisumu Referral Hospital,Respiratory Infections,7
2025-03-20,Kisumu Referral Hospital,Respiratory Infections,10
2025-03-21,Kisumu Referral Hospital,Respiratory Infections,6
2025-03-22,Kisumu Referral Hospital,Respiratory Infections,4
2025-03-23,Kisumu Referral Hospital,Respiratory Infections,5
2025-03-24,Kisumu Referral Hospital,Respiratory Infections,8
2025-03-25,Kisumu Referral Hospital,Respiratory Infections,5
2025-03-26,Kisumu Referral Hospital,Respiratory Infections,5
2025-03-27,Kisumu Referral Hospital,Respiratory Infections,8
2025-03-28,Kisumu Referral Hospital,Respiratory Infections,8
2025-03-29,Kisumu Referral Hospital,Respiratory Infections,8
2025-03-30,Kisumu Referral Hospital,Respiratory Infections,9
2025-03-31,Kisumu Referral Hospital,Respiratory Infections,3
2025-04-01,Kisumu Referral Hospital,Respiratory Infections,9
2025-04-02,Kisumu Referral Hospital,Respiratory Infections,7
2025-04-03,Kisumu Referral Hospital,Respiratory Infections,4
2025-04-04,Kisumu Referral Hospital,Respiratory Infections,9
2025-04-05,Kisumu Referral Hospital,Respiratory Infections,13
2025-04-06,Kisumu Referral Hospital,Respiratory Infections,1
2025-04-07,Kisumu Referral Hospital,Respiratory Infections,6
2025-04-08,Kisumu Referral Hospital,Respiratory Infections,8
2025-04-09,Kisumu Referral Hospital,Respiratory Infections,3
2025-04-10,Kisumu Referral Hospital,Respiratory Infections,10
2025-04-11,Kisumu Referral Hospital,Respiratory Infections,8
2025-04-12,Kisumu Referral Hospital,Respiratory Infections,3
2025-04-13,Kisumu Referral Hospital,Respiratory Infections,4
2025-04-14,Kisumu Referral Hospital,Respiratory Infections,7
2025-04-15,Kisumu Referral Hospital,Respiratory Infections,8
2025-04-16,Kisumu Referral Hospital,Respiratory Infections,9
2025-04-17,Kisumu Referral Hospital,Respiratory Infections,11
2025-04-18,Kisumu Referral Hospital,Respiratory Infections,5
2025-04-19,Kisumu Referral Hospital,Respiratory Infections,13
2025-04-20,Kisumu Referral Hospital,Respiratory Infections,6
2025-04-21,Kisumu Referral Hospital,Respiratory Infections,9
2025-04-22,Kisumu Referral Hospital,Respiratory Infections,7
2025-04-23,Kisumu Referral Hospital,Respiratory Infections,6
2025-04-24,Kisumu Referral Hospital,Respiratory Infections,6
2025-04-25,Kisumu Referral Hospital,Respiratory Infections,9
2025-04-26,Kisumu Referral Hospital,Respiratory Infections,6
2025-04-27,Kisumu Referral Hospital,Respiratory Infections,6
2025-04-28,Kisumu Referral Hospital,Respiratory Infections,7
2025-04-29,Kisumu Referral Hospital,Respiratory Infections,9
2025-04-30,Kisumu Referral Hospital,Respiratory Infections,15
2025-05-01,Kisumu Referral Hospital,Respiratory Infections,9
2025-05-02,Kisumu Referral Hospital,Respiratory Infections,5
2025-05-03,Kisumu Referral Hospital,Respiratory Infections,9
2025-05-04,Kisumu Referral Hospital,Respiratory Infections,7
2025-05-05,Kisumu Referral Hospital,Respiratory Infections,9
2025-05-06,Kisumu Referral Hospital,Respiratory Infections,7
2025-05-07,Kisumu Referral Hospital,Respiratory Infections,15
2025-05-08,Kisumu Referral Hospital,Respiratory Infections,11
2025-05-09,Kisumu Referral Hospital,Respiratory Infections,9
2025-05-10,Kisumu Referral Hospital,Respiratory Infections,9
2025-05-11,Kisumu Referral Hospital,Respiratory Infections,2
2025-05-12,Kisumu Referral Hospital,Respiratory Infections,8
2025-05-13,Kisumu Referral Hospital,Respiratory Infections,8
2025-05-14,Kisumu Referral Hospital,Respiratory Infections,7
2025-05-15,Kisumu Referral Hospital,Respiratory Infections,8
2025-05-16,Kisumu Referral Hospital,Respiratory Infections,9
2025-05-17,Kisumu Referral Hospital,Respiratory Infections,9
2025-05-18,Kisumu Referral Hospital,Respiratory Infections,7
2025-05-19,Kisumu Referral Hospital,Respiratory Infections,9
2025-05-20,Kisumu Referral Hospital,Respiratory Infections,8
2025-05-21,Kisumu Referral Hospital,Respiratory Infections,11
2025-05-22,Kisumu Referral Hospital,Respiratory Infections,9
2025-05-23,Kisumu Referral Hospital,Respiratory Infections,17
2025-05-24,Kisumu Referral Hospital,Respiratory Infections,10
2025-05-25,Kisumu Referral Hospital,Respiratory Infections,9
2025-05-26,Kisumu Referral Hospital,Respiratory Infections,9
2025-05-27,Kisumu Referral Hospital,Respiratory Infections,6
2025-05-28,Kisumu Referral Hospital,Respiratory Infections,10
2025-05-29,Kisumu Referral Hospital,Respiratory Infections,9
2025-05-30,Kisumu Referral Hospital,Respiratory Infections,10
2025-05-31,Kisumu Referral Hospital,Respiratory Infections,11
2025-06-01,Kisumu Referral Hospital,Respiratory Infections,4
2025-06-02,Kisumu Referral Hospital,Respiratory Infections,14
2025-06-03,Kisumu Referral Hospital,Respiratory Infections,8
2025-06-04,Kisumu Referral Hospital,Respiratory Infections,9
2025-06-05,Kisumu Referral Hospital,Respiratory Infections,6
2025-06-06,Kisumu Referral Hospital,Respiratory Infections,14
2025-06-07,Kisumu Referral Hospital,Respiratory Infections,4
2025-06-08,Kisumu Referral Hospital,Respiratory Infections,7
2025-06-09,Kisumu Referral Hospital,Respiratory Infections,12
2025-06-10,Kisumu Referral Hospital,Respiratory Infections,13
2025-06-11,Kisumu Referral Hospital,Respiratory Infections,15
2025-06-12,Kisumu Referral Hospital,Respiratory Infections,9
2025-06-13,Kisumu Referral Hospital,Respiratory Infections,11
2025-06-14,Kisumu Referral Hospital,Respiratory Infections,14
2025-06-15,Kisumu Referral Hospital,Respiratory Infections,7
2025-06-16,Kisumu Referral Hospital,Respiratory Infections,9
2025-06-17,Kisumu Referral Hospital,Respiratory Infections,12
2025-06-18,Kisumu Referral Hospital,Respiratory Infections,13
2025-06-19,Kisumu Referral Hospital,Respiratory Infections,5
2025-06-20,Kisumu Referral Hospital,Respiratory Infections,8
2025-06-21,Kisumu Referral Hospital,Respiratory Infections,8
2025-06-22,Kisumu Referral Hospital,Respiratory Infections,16
2025-06-23,Kisumu Referral Hospital,Respiratory Infections,8
2025-06-24,Kisumu Referral Hospital,Respiratory Infections,5
2025-06-25,Kisumu Referral Hospital,Respiratory Infections,13
2025-06-26,Kisumu Referral Hospital,Respiratory Infections,13
2025-06-27,Kisumu Referral Hospital,Respiratory Infections,13
2025-06-28,Kisumu Referral Hospital,Respiratory Infections,9
2025-06-29,Kisumu Referral Hospital,Respiratory Infections,8
2025-06-30,Kisumu Referral Hospital,Respiratory Infections,14
2025-07-01,Kisumu Referral Hospital,Respiratory Infections,8
2025-07-02,Kisumu Referral Hospital,Respiratory Infections,18
2025-07-03,Kisumu Referral Hospital,Respiratory Infections,10
2025-07-04,Kisumu Referral Hospital,Respiratory Infections,7
2025-07-05,Kisumu Referral Hospital,Respiratory Infections,7
2025-07-06,Kisumu Referral Hospital,Respiratory Infections,10
2025-07-07,Kisumu Referral Hospital,Respiratory Infections,12
2025-07-08,Kisumu Referral Hospital,Respiratory Infections,7
2025-07-09,Kisumu Referral Hospital,Respiratory Infections,7
2025-07-10,Kisumu Referral Hospital,Respiratory Infections,7
2025-07-11,Kisumu Referral Hospital,Respiratory Infections,9
2025-07-12,Kisumu Referral Hospital,Respiratory Infections,9
2025-07-13,Kisumu Referral Hospital,Respiratory Infections,14
2025-07-14,Kisumu Referral Hospital,Respiratory Infections,9
2025-07-15,Kisumu Referral Hospital,Respiratory Infections,7
2025-07-16,Kisumu Referral Hospital,Respiratory Infections,10
2025-07-17,Kisumu Referral Hospital,Respiratory Infections,9
2025-07-18,Kisumu Referral Hospital,Respiratory Infections,12
2025-07-19,Kisumu Referral Hospital,Respiratory Infections,22
2025-07-20,Kisumu Referral Hospital,Respiratory Infections,7
2025-07-21,Kisumu Referral Hospital,Respiratory Infections,8
2025-07-22,Kisumu Referral Hospital,Respiratory Infections,13
2025-07-23,Kisumu Referral Hospital,Respiratory Infections,11
2025-07-24,Kisumu Referral Hospital,Respiratory Infections,15
2025-07-25,Kisumu Referral Hospital,Respiratory Infections,10
2025-07-26,Kisumu Referral Hospital,Respiratory Infections,7
2025-07-27,Kisumu Referral Hospital,Respiratory Infections,9
2025-07-28,Kisumu Referral Hospital,Respiratory Infections,6
2025-07-29,Kisumu Referral Hospital,Respiratory Infections,15
2025-07-30,Kisumu Referral Hospital,Respiratory Infections,6
2025-07-31,Kisumu Referral Hospital,Respiratory Infections,15
2025-08-01,Kisumu Referral Hospital,Respiratory Infections,16
2025-08-02,Kisumu Referral Hospital,Respiratory Infections,9
2025-08-03,Kisumu Referral Hospital,Respiratory Infections,10
2025-08-04,Kisumu Referral Hospital,Respiratory Infections,8
2025-08-05,Kisumu Referral Hospital,Respiratory Infections,9
2025-08-06,Kisumu Referral Hospital,Respiratory Infections,15
2025-08-07,Kisumu Referral Hospital,Respiratory Infections,11
2025-08-08,Kisumu Referral Hospital,Respiratory Infections,18
2025-08-09,Kisumu Referral Hospital,Respiratory Infections,12
2025-08-10,Kisumu Referral Hospital,Respiratory Infections,10
2025-08-11,Kisumu Referral Hospital,Respiratory Infections,13
2025-08-12,Kisumu Referral Hospital,Respiratory Infections,10
2025-08-13,Kisumu Referral Hospital,Respiratory Infections,9
2025-08-14,Kisumu Referral Hospital,Respiratory Infections,11
2025-08-15,Kisumu Referral Hospital,Respiratory Infections,9
2025-08-16,Kisumu Referral Hospital,Respiratory Infections,6
2025-08-17,Kisumu Referral Hospital,Respiratory Infections,5
2025-08-18,Kisumu Referral Hospital,Respiratory Infections,9
2025-08-19,Kisumu Referral Hospital,Respiratory Infections,15
2025-08-20,Kisumu Referral Hospital,Respiratory Infections,7
2025-08-21,Kisumu Referral Hospital,Respiratory Infections,4
2025-08-22,Kisumu Referral Hospital,Respiratory Infections,12
2025-08-23,Kisumu Referral Hospital,Respiratory Infections,8
2025-08-24,Kisumu Referral Hospital,Respiratory Infections,8
2025-08-25,Kisumu Referral Hospital,Respiratory Infections,16
2025-08-26,Kisumu Referral Hospital,Respiratory Infections,4
2025-08-27,Kisumu Referral Hospital,Respiratory Infections,10
2025-08-28,Kisumu Referral Hospital,Respiratory Infections,13
2025-08-29,Kisumu Referral Hospital,Respiratory Infections,12
2025-08-30,Kisumu Referral Hospital,Respiratory Infections,10
2025-08-31,Kisumu Referral Hospital,Respiratory Infections,12
2025-09-01,Kisumu Referral Hospital,Respiratory Infections,9
2025-09-02,Kisumu Referral Hospital,Respiratory Infections,8
2025-09-03,Kisumu Referral Hospital,Respiratory Infections,7
2025-09-04,Kisumu Referral Hospital,Respiratory Infections,14
2025-09-05,Kisumu Referral Hospital,Respiratory Infections,4
2025-09-06,Kisumu Referral Hospital,Respiratory Infections,11
2025-09-07,Kisumu Referral Hospital,Respiratory Infections,6
2025-09-08,Kisumu Referral Hospital,Respiratory Infections,8
2025-09-09,Kisumu Referral Hospital,Respiratory Infections,9
2025-09-10,Kisumu Referral Hospital,Respiratory Infections,13
2025-09-11,Kisumu Referral Hospital,Respiratory Infections,6
2025-09-12,Kisumu Referral Hospital,Respiratory Infections,11
2025-09-13,Kisumu Referral Hospital,Respiratory Infections,11
2025-09-14,Kisumu Referral Hospital,Respiratory Infections,9
2025-09-15,Kisumu Referral Hospital,Respiratory Infections,7
2025-09-16,Kisumu Referral Hospital,Respiratory Infections,7
2025-09-17,Kisumu Referral Hospital,Respiratory Infections,10
2025-09-18,Kisumu Referral Hospital,Respiratory Infections,16
2025-09-19,Kisumu Referral Hospital,Respiratory Infections,8
2025-09-20,Kisumu Referral Hospital,Respiratory Infections,5
2025-09-21,Kisumu Referral Hospital,Respiratory Infections,9
2025-09-22,Kisumu Referral Hospital,Respiratory Infections,7
2025-09-23,Kisumu Referral Hospital,Respiratory Infections,7
2025-09-24,Kisumu Referral Hospital,Respiratory Infections,6
2025-09-25,Kisumu Referral Hospital,Respiratory Infections,14
2025-09-26,Kisumu Referral Hospital,Respiratory Infections,8
2025-09-27,Kisumu Referral Hospital,Respiratory Infections,6
2025-09-28,Kisumu Referral Hospital,Respiratory Infections,7
2025-09-29,Kisumu Referral Hospital,Respiratory Infections,9
2025-09-30,Kisumu Referral Hospital,Respiratory Infections,4
2025-10-01,Kisumu Referral Hospital,Respiratory Infections,14
2025-10-02,Kisumu Referral Hospital,Respiratory Infections,7
2025-10-03,Kisumu Referral Hospital,Respiratory Infections,10
2025-10-04,Kisumu Referral Hospital,Respiratory Infections,10
2025-10-05,Kisumu Referral Hospital,Respiratory Infections,6
2025-10-06,Kisumu Referral Hospital,Respiratory Infections,8
2025-10-07,Kisumu Referral Hospital,Respiratory Infections,6
2025-10-08,Kisumu Referral Hospital,Respiratory Infections,8
2025-10-09,Kisumu Referral Hospital,Respiratory Infections,6
2025-10-10,Kisumu Referral Hospital,Respiratory Infections,7
2025-10-11,Kisumu Referral Hospital,Respiratory Infections,10
2025-10-12,Kisumu Referral Hospital,Respiratory Infections,8
2025-10-13,Kisumu Referral Hospital,Respiratory Infections,6
2025-10-14,Kisumu Referral Hospital,Respiratory Infections,8
2025-10-15,Kisumu Referral Hospital,Respiratory Infections,5
2025-10-16,Kisumu Referral Hospital,Respiratory Infections,6
2025-10-17,Kisumu Referral Hospital,Respiratory Infections,3
2025-10-18,Kisumu Referral Hospital,Respiratory Infections,4
2025-10-19,Kisumu Referral Hospital,Respiratory Infections,9
2025-10-20,Kisumu Referral Hospital,Respiratory Infections,2
2025-10-21,Kisumu Referral Hospital,Respiratory Infections,5
2025-10-22,Kisumu Referral Hospital,Respiratory Infections,10
2025-10-23,Kisumu Referral Hospital,Respiratory Infections,4
2025-10-24,Kisumu Referral Hospital,Respiratory Infections,6
2025-10-25,Kisumu Referral Hospital,Respiratory Infections,6
2025-10-26,Kisumu Referral Hospital,Respiratory Infections,5
2025-10-27,Kisumu Referral Hospital,Respiratory Infections,7
2025-10-28,Kisumu Referral Hospital,Respiratory Infections,5
2025-10-29,Kisumu Referral Hospital,Respiratory Infections,7
2025-10-30,Kisumu Referral Hospital,Respiratory Infections,10
2025-10-31,Kisumu Referral Hospital,Respiratory Infections,8
2025-11-01,Kisumu Referral Hospital,Respiratory Infections,5
2025-11-02,Kisumu Referral Hospital,Respiratory Infections,2
2025-11-03,Kisumu Referral Hospital,Respiratory Infections,5
2025-11-04,Kisumu Referral Hospital,Respiratory Infections,10
2025-11-05,Kisumu Referral Hospital,Respiratory Infections,5
2025-11-06,Kisumu Referral Hospital,Respiratory Infections,6
2025-11-07,Kisumu Referral Hospital,Respiratory Infections,6
2025-11-08,Kisumu Referral Hospital,Respiratory Infections,10
2025-11-09,Kisumu Referral Hospital,Respiratory Infections,6
2025-11-10,Kisumu Referral Hospital,Respiratory Infections,4
2025-11-11,Kisumu Referral Hospital,Respiratory Infections,4
2025-11-12,Kisumu Referral Hospital,Respiratory Infections,7
2025-11-13,Kisumu Referral Hospital,Respiratory Infections,4
2025-11-14,Kisumu Referral Hospital,Respiratory Infections,8
2025-11-15,Kisumu Referral Hospital,Respiratory Infections,3
2025-11-16,Kisumu Referral Hospital,Respiratory Infections,3
2025-11-17,Kisumu Referral Hospital,Respiratory Infections,4
2025-11-18,Kisumu Referral Hospital,Respiratory Infections,6
2025-11-19,Kisumu Referral Hospital,Respiratory Infections,8
2025-11-20,Kisumu Referral Hospital,Respiratory Infections,5
2025-11-21,Kisumu Referral Hospital,Respiratory Infections,5
2025-11-22,Kisumu Referral Hospital,Respiratory Infections,5
2025-11-23,Kisumu Referral Hospital,Respiratory Infections,3
2025-11-24,Kisumu Referral Hospital,Respiratory Infections,1
2025-11-25,Kisumu Referral Hospital,Respiratory Infections,6
2025-11-26,Kisumu Referral Hospital,Respiratory Infections,4
2025-11-27,Kisumu Referral Hospital,Respiratory Infections,3
2025-11-28,Kisumu Referral Hospital,Respiratory Infections,6
2025-11-29,Kisumu Referral Hospital,Respiratory Infections,4
2025-11-30,Kisumu Referral Hospital,Respiratory Infections,5
2025-12-01,Kisumu Referral Hospital,Respiratory Infections,6
2025-12-02,Kisumu Referral Hospital,Respiratory Infections,4
2025-12-03,Kisumu Referral Hospital,Respiratory Infections,2
2025-12-04,Kisumu Referral Hospital,Respiratory Infections,4
2025-12-05,Kisumu Referral Hospital,Respiratory Infections,4
2025-12-06,Kisumu Referral Hospital,Respiratory Infections,3
2025-12-07,Kisumu Referral Hospital,Respiratory Infections,2
2025-12-08,Kisumu Referral Hospital,Respiratory Infections,10
2025-12-09,Kisumu Referral Hospital,Respiratory Infections,4
2025-12-10,Kisumu Referral Hospital,Respiratory Infections,3
2025-12-11,Kisumu Referral Hospital,Respiratory Infections,4
2025-12-12,Kisumu Referral Hospital,Respiratory Infections,3
2025-12-13,Kisumu Referral Hospital,Respiratory Infections,3
2025-12-14,Kisumu Referral Hospital,Respiratory Infections,1
2025-12-15,Kisumu Referral Hospital,Respiratory Infections,5
2025-12-16,Kisumu Referral Hospital,Respiratory Infections,3
2025-12-17,Kisumu Referral Hospital,Respiratory Infections,10
2025-12-18,Kisumu Referral Hospital,Respiratory Infections,4
2025-12-19,Kisumu Referral Hospital,Respiratory Infections,1
2025-12-20,Kisumu Referral Hospital,Respiratory Infections,1
2025-12-21,Kisumu Referral Hospital,Respiratory Infections,4
2025-12-22,Kisumu Referral Hospital,Respiratory Infections,5
2025-12-23,Kisumu Referral Hospital,Respiratory Infections,4
2025-12-24,Kisumu Referral Hospital,Respiratory Infections,3
2025-12-25,Kisumu Referral Hospital,Respiratory Infections,2
2025-12-26,Kisumu Referral Hospital,Respiratory Infections,4
2025-12-27,Kisumu Referral Hospital,Respiratory Infections,2
2025-12-28,Kisumu Referral Hospital,Respiratory Infections,2
2025-12-29,Kisumu Referral Hospital,Respiratory Infections,3
2025-12-30,Kisumu Referral Hospital,Respiratory Infections,1
2025-12-31,Kisumu Referral Hospital,Respiratory Infections,3
2026-01-01,Kisumu Referral Hospital,Respiratory Infections,5
2026-01-02,Kisumu Referral Hospital,Respiratory Infections,4
2026-01-03,Kisumu Referral Hospital,Respiratory Infections,1
2026-01-04,Kisumu Referral Hospital,Respiratory Infections,4
2026-01-05,Kisumu Referral Hospital,Respiratory Infections,5
2026-01-06,Kisumu Referral Hospital,Respiratory Infections,4
2026-01-07,Kisumu Referral Hospital,Respiratory Infections,1
2026-01-08,Kisumu Referral Hospital,Respiratory Infections,4
2026-01-09,Kisumu Referral Hospital,Respiratory Infections,3
2026-01-10,Kisumu Referral Hospital,Respiratory Infections,4
2026-01-11,Kisumu Referral Hospital,Respiratory Infections,2
2026-01-12,Kisumu Referral Hospital,Respiratory Infections,9
2026-01-13,Kisumu Referral Hospital,Respiratory Infections,6
2026-01-14,Kisumu Referral Hospital,Respiratory Infections,4
2026-01-15,Kisumu Referral Hospital,Respiratory Infections,5
2026-01-16,Kisumu Referral Hospital,Respiratory Infections,2
2026-01-17,Kisumu Referral Hospital,Respiratory Infections,3
2026-01-18,Kisumu Referral Hospital,Respiratory Infections,4
2026-01-19,Kisumu Referral Hospital,Respiratory Infections,3
2026-01-20,Kisumu Referral Hospital,Respiratory Infections,3
2026-01-21,Kisumu Referral Hospital,Respiratory Infections,5
2026-01-22,Kisumu Referral Hospital,Respiratory Infections,3
2026-01-23,Kisumu Referral Hospital,Respiratory Infections,2
2026-01-24,Kisumu Referral Hospital,Respiratory Infections,4
2026-01-25,Kisumu Referral Hospital,Respiratory Infections,4
2026-01-26,Kisumu Referral Hospital,Respiratory Infections,5
2026-01-27,Kisumu Referral Hospital,Respiratory Infections,2
2026-01-28,Kisumu Referral Hospital,Respiratory Infections,4
2026-01-29,Kisumu Referral Hospital,Respiratory Infections,7
2026-01-30,Kisumu Referral Hospital,Respiratory Infections,1
2026-01-31,Kisumu Referral Hospital,Respiratory Infections,3
2026-02-01,Kisumu Referral Hospital,Respiratory Infections,5
2026-02-02,Kisumu Referral Hospital,Respiratory Infections,3
2026-02-03,Kisumu Referral Hospital,Respiratory Infections,6
2026-02-04,Kisumu Referral Hospital,Respiratory Infections,1
2026-02-05,Kisumu Referral Hospital,Respiratory Infections,1
2026-02-06,Kisumu Referral Hospital,Respiratory Infections,1
2026-02-07,Kisumu Referral Hospital,Respiratory Infections,6
2026-02-08,Kisumu Referral Hospital,Respiratory Infections,3
2026-02-09,Kisumu Referral Hospital,Respiratory Infections,4
2026-02-10,Kisumu Referral Hospital,Respiratory Infections,7
2026-02-11,Kisumu Referral Hospital,Respiratory Infections,6
2026-02-12,Kisumu Referral Hospital,Respiratory Infections,2
2026-02-13,Kisumu Referral Hospital,Respiratory Infections,2
2026-02-14,Kisumu Referral Hospital,Respiratory Infections,3
2026-02-15,Kisumu Referral Hospital,Respiratory Infections,5
2026-02-16,Kisumu Referral Hospital,Respiratory Infections,7
2026-02-17,Kisumu Referral Hospital,Respiratory Infections,8
2026-02-18,Kisumu Referral Hospital,Respiratory Infections,6
2026-02-19,Kisumu Referral Hospital,Respiratory Infections,6
2026-02-20,Kisumu Referral Hospital,Respiratory Infections,3
2026-02-21,Kisumu Referral Hospital,Respiratory Infections,4
2026-02-22,Kisumu Referral Hospital,Respiratory Infections,5
2026-02-23,Kisumu Referral Hospital,Respiratory Infections,7
2026-02-24,Kisumu Referral Hospital,Respiratory Infections,5
2026-02-25,Kisumu Referral Hospital,Respiratory Infections,6
2026-02-26,Kisumu Referral Hospital,Respiratory Infections,3
2026-02-27,Kisumu Referral Hospital,Respiratory Infections,6
2026-02-28,Kisumu Referral Hospital,Respiratory Infections,5
2026-03-01,Kisumu Referral Hospital,Respiratory Infections,2
2026-03-02,Kisumu Referral Hospital,Respiratory Infections,4
2026-03-03,Kisumu Referral Hospital,Respiratory Infections,2
2026-03-04,Kisumu Referral Hospital,Respiratory Infections,2
2026-03-05,Kisumu Referral Hospital,Respiratory Infections,5
2026-03-06,Kisumu Referral Hospital,Respiratory Infections,5
2026-03-07,Kisumu Referral Hospital,Respiratory Infections,3
2026-03-08,Kisumu Referral Hospital,Respiratory Infections,5
2026-03-09,Kisumu Referral Hospital,Respiratory Infections,3
2026-03-10,Kisumu Referral Hospital,Respiratory Infections,5
2026-03-11,Kisumu Referral Hospital,Respiratory Infections,3
2026-03-12,Kisumu Referral Hospital,Respiratory Infections,7
2026-03-13,Kisumu Referral Hospital,Respiratory Infections,12
2026-03-14,Kisumu Referral Hospital,Respiratory Infections,7
2026-03-15,Kisumu Referral Hospital,Respiratory Infections,5
2026-03-16,Kisumu Referral Hospital,Respiratory Infections,4
2026-03-17,Kisumu Referral Hospital,Respiratory Infections,9
2026-03-18,Kisumu Referral Hospital,Respiratory Infections,1
2026-03-19,Kisumu Referral Hospital,Respiratory Infections,8
2026-03-20,Kisumu Referral Hospital,Respiratory Infections,6
2026-03-21,Kisumu Referral Hospital,Respiratory Infections,5
2026-03-22,Kisumu Referral Hospital,Respiratory Infections,6
2026-03-23,Kisumu Referral Hospital,Respiratory Infections,6
2026-03-24,Kisumu Referral Hospital,Respiratory Infections,9
2026-03-25,Kisumu Referral Hospital,Respiratory Infections,9
2026-03-26,Kisumu Referral Hospital,Respiratory Infections,6
2026-03-27,Kisumu Referral Hospital,Respiratory Infections,8
2026-03-28,Kisumu Referral Hospital,Respiratory Infections,10
2026-03-29,Kisumu Referral Hospital,Respiratory Infections,3
2026-03-30,Kisumu Referral Hospital,Respiratory Infections,3
2026-03-31,Kisumu Referral Hospital,Respiratory Infections,7
2026-04-01,Kisumu Referral Hospital,Respiratory Infections,6
2026-04-02,Kisumu Referral Hospital,Respiratory Infections,4
2026-04-03,Kisumu Referral Hospital,Respiratory Infections,7
2026-04-04,Kisumu Referral Hospital,Respiratory Infections,7
2026-04-05,Kisumu Referral Hospital,Respiratory Infections,7
2026-04-06,Kisumu Referral Hospital,Respiratory Infections,8
2026-04-07,Kisumu Referral Hospital,Respiratory Infections,12
2026-04-08,Kisumu Referral Hospital,Respiratory Infections,4
2026-04-09,Kisumu Referral Hospital,Respiratory Infections,7
2026-04-10,Kisumu Referral Hospital,Respiratory Infections,3
2026-04-11,Kisumu Referral Hospital,Respiratory Infections,6
2026-04-12,Kisumu Referral Hospital,Respiratory Infections,10
2026-04-13,Kisumu Referral Hospital,Respiratory Infections,9
2026-04-14,Kisumu Referral Hospital,Respiratory Infections,10
2026-04-15,Kisumu Referral Hospital,Respiratory Infections,9
2026-04-16,Kisumu Referral Hospital,Respiratory Infections,7
2026-04-17,Kisumu Referral Hospital,Respiratory Infections,6
2026-04-18,Kisumu Referral Hospital,Respiratory Infections,12
2026-04-19,Kisumu Referral Hospital,Respiratory Infections,6
2026-04-20,Kisumu Referral Hospital,Respiratory Infections,10
2026-04-21,Kisumu Referral Hospital,Respiratory Infections,6
2026-04-22,Kisumu Referral Hospital,Respiratory Infections,7
2026-04-23,Kisumu Referral Hospital,Respiratory Infections,8
2026-04-24,Kisumu Referral Hospital,Respiratory Infections,9
2026-04-25,Kisumu Referral Hospital,Respiratory Infections,8
2026-04-26,Kisumu Referral Hospital,Respiratory Infections,6
2026-04-27,Kisumu Referral Hospital,Respiratory Infections,14
2026-04-28,Kisumu Referral Hospital,Respiratory Infections,3
2026-04-29,Kisumu Referral Hospital,Respiratory Infections,4
2026-04-30,Kisumu Referral Hospital,Respiratory Infections,14
2026-05-01,Kisumu Referral Hospital,Respiratory Infections,12
2026-05-02,Kisumu Referral Hospital,Respiratory Infections,9
2026-05-03,Kisumu Referral Hospital,Respiratory Infections,6
2026-05-04,Kisumu Referral Hospital,Respiratory Infections,15
2026-05-05,Kisumu Referral Hospital,Respiratory Infections,8
2026-05-06,Kisumu Referral Hospital,Respiratory Infections,12
2026-05-07,Kisumu Referral Hospital,Respiratory Infections,7
2026-05-08,Kisumu Referral Hospital,Respiratory Infections,5
2026-05-09,Kisumu Referral Hospital,Respiratory Infections,4
2026-05-10,Kisumu Referral Hospital,Respiratory Infections,10
2026-05-11,Kisumu Referral Hospital,Respiratory Infections,11
2026-05-12,Kisumu Referral Hospital,Respiratory Infections,9
2026-05-13,Kisumu Referral Hospital,Respiratory Infections,8
2026-05-14,Kisumu Referral Hospital,Respiratory Infections,10
2026-05-15,Kisumu Referral Hospital,Respiratory Infections,5
2026-05-16,Kisumu Referral Hospital,Respiratory Infections,5
2026-05-17,Kisumu Referral Hospital,Respiratory Infections,8
2026-05-18,Kisumu Referral Hospital,Respiratory Infections,3
2026-05-19,Kisumu Referral Hospital,Respiratory Infections,10
2026-05-20,Kisumu Referral Hospital,Respiratory Infections,9
2026-05-21,Kisumu Referral Hospital,Respiratory Infections,13
2026-05-22,Kisumu Referral Hospital,Respiratory Infections,9
2026-05-23,Kisumu Referral Hospital,Respiratory Infections,9
2026-05-24,Kisumu Referral Hospital,Respiratory Infections,9
2026-05-25,Kisumu Referral Hospital,Respiratory Infections,13
2026-05-26,Kisumu Referral Hospital,Respiratory Infections,9
2026-05-27,Kisumu Referral Hospital,Respiratory Infections,13
2026-05-28,Kisumu Referral Hospital,Respiratory Infections,7
2026-05-29,Kisumu Referral Hospital,Respiratory Infections,7
2026-05-30,Kisumu Referral Hospital,Respiratory Infections,12
2026-05-31,Kisumu Referral Hospital,Respiratory Infections,11
2026-06-01,Kisumu Referral Hospital,Respiratory Infections,10
2026-06-02,Kisumu Referral Hospital,Respiratory Infections,4
2026-06-03,Kisumu Referral Hospital,Respiratory Infections,11
2026-06-04,Kisumu Referral Hospital,Respiratory Infections,8
2026-06-05,Kisumu Referral Hospital,Respiratory Infections,16
2026-06-06,Kisumu Referral Hospital,Respiratory Infections,6
2026-06-07,Kisumu Referral Hospital,Respiratory Infections,8
2026-06-08,Kisumu Referral Hospital,Respiratory Infections,20
2026-06-09,Kisumu Referral Hospital,Respiratory Infections,12
2026-06-10,Kisumu Referral Hospital,Respiratory Infections,11
2026-06-11,Kisumu Referral Hospital,Respiratory Infections,7
2026-06-12,Kisumu Referral Hospital,Respiratory Infections,10
2026-06-13,Kisumu Referral Hospital,Respiratory Infections,5
2026-06-14,Kisumu Referral Hospital,Respiratory Infections,9
2026-06-15,Kisumu Referral Hospital,Respiratory Infections,8
2026-06-16,Kisumu Referral Hospital,Respiratory Infections,11
2026-06-17,Kisumu Referral Hospital,Respiratory Infections,12
2026-06-18,Kisumu Referral Hospital,Respiratory Infections,4
2026-06-19,Kisumu Referral Hospital,Respiratory Infections,14
2026-06-20,Kisumu Referral Hospital,Respiratory Infections,8
2026-06-21,Kisumu Referral Hospital,Respiratory Infections,14
2026-06-22,Kisumu Referral Hospital,Respiratory Infections,14
2026-06-23,Kisumu Referral Hospital,Respiratory Infections,9
2026-06-24,Kisumu Referral Hospital,Respiratory Infections,11
2026-06-25,Kisumu Referral Hospital,Respiratory Infections,10
2026-06-26,Kisumu Referral Hospital,Respiratory Infections,13
2026-06-27,Kisumu Referral Hospital,Respiratory Infections,9
2026-06-28,Kisumu Referral Hospital,Respiratory Infections,5
2026-06-29,Kisumu Referral Hospital,Respiratory Infections,7
2026-06-30,Kisumu Referral Hospital,Respiratory Infections,15
2026-07-01,Kisumu Referral Hospital,Respiratory Infections,10
2026-07-02,Kisumu Referral Hospital,Respiratory Infections,5
2026-07-03,Kisumu Referral Hospital,Respiratory Infections,4
2026-07-04,Kisumu Referral Hospital,Respiratory Infections,5
2026-07-05,Kisumu Referral Hospital,Respiratory Infections,10
2026-07-06,Kisumu Referral Hospital,Respiratory Infections,13
2026-07-07,Kisumu Referral Hospital,Respiratory Infections,11
2026-07-08,Kisumu Referral Hospital,Respiratory Infections,11
2026-07-09,Kisumu Referral Hospital,Respiratory Infections,7
2026-07-10,Kisumu Referral Hospital,Respiratory Infections,10
2026-07-11,Kisumu Referral Hospital,Respiratory Infections,6
2026-07-12,Kisumu Referral Hospital,Respiratory Infections,10
2026-07-13,Kisumu Referral Hospital,Respiratory Infections,17
2026-07-14,Kisumu Referral Hospital,Respiratory Infections,7
2026-07-15,Kisumu Referral Hospital,Respiratory Infections,7
2026-07-16,Kisumu Referral Hospital,Respiratory Infections,8
2026-07-17,Kisumu Referral Hospital,Respiratory Infections,13
2026-07-18,Kisumu Referral Hospital,Respiratory Infections,16
2026-07-19,Kisumu Referral Hospital,Respiratory Infections,9
2026-07-20,Kisumu Referral Hospital,Respiratory Infections,14
2026-07-21,Kisumu Referral Hospital,Respiratory Infections,14
2026-07-22,Kisumu Referral Hospital,Respiratory Infections,9
2026-07-23,Kisumu Referral Hospital,Respiratory Infections,12
2026-07-24,Kisumu Referral Hospital,Respiratory Infections,10
2026-07-25,Kisumu Referral Hospital,Respiratory Infections,10
2026-07-26,Kisumu Referral Hospital,Respiratory Infections,10
2026-07-27,Kisumu Referral Hospital,Respiratory Infections,8
2026-07-28,Kisumu Referral Hospital,Respiratory Infections,11
2026-07-29,Kisumu Referral Hospital,Respiratory Infections,10
2026-07-30,Kisumu Referral Hospital,Respiratory Infections,6
2026-07-31,Kisumu Referral Hospital,Respiratory Infections,15
2026-08-01,Kisumu Referral Hospital,Respiratory Infections,10
2026-08-02,Kisumu Referral Hospital,Respiratory Infections,8
2026-08-03,Kisumu Referral Hospital,Respiratory Infections,12
2026-08-04,Kisumu Referral Hospital,Respiratory Infections,6
2026-08-05,Kisumu Referral Hospital,Respiratory Infections,11
2026-08-06,Kisumu Referral Hospital,Respiratory Infections,14
2026-08-07,Kisumu Referral Hospital,Respiratory Infections,13
2026-08-08,Kisumu Referral Hospital,Respiratory Infections,6
2026-08-09,Kisumu Referral Hospital,Respiratory Infections,7
2026-08-10,Kisumu Referral Hospital,Respiratory Infections,13
2026-08-11,Kisumu Referral Hospital,Respiratory Infections,8
2026-08-12,Kisumu Referral Hospital,Respiratory Infections,12
2026-08-13,Kisumu Referral Hospital,Respiratory Infections,6
2026-08-14,Kisumu Referral Hospital,Respiratory Infections,11
2026-08-15,Kisumu Referral Hospital,Respiratory Infections,9
2026-08-16,Kisumu Referral Hospital,Respiratory Infections,6
2026-08-17,Kisumu Referral Hospital,Respiratory Infections,11
2026-08-18,Kisumu Referral Hospital,Respiratory Infections,10
2026-08-19,Kisumu Referral Hospital,Respiratory Infections,16
2026-08-20,Kisumu Referral Hospital,Respiratory Infections,14
2026-08-21,Kisumu Referral Hospital,Respiratory Infections,10
2026-08-22,Kisumu Referral Hospital,Respiratory Infections,11
2026-08-23,Kisumu Referral Hospital,Respiratory Infections,7
2026-08-24,Kisumu Referral Hospital,Respiratory Infections,8
2026-08-25,Kisumu Referral Hospital,Respiratory Infections,10
2026-08-26,Kisumu Referral Hospital,Respiratory Infections,12
2026-08-27,Kisumu Referral Hospital,Respiratory Infections,9
2026-08-28,Kisumu Referral Hospital,Respiratory Infections,8
2026-08-29,Kisumu Referral Hospital,Respiratory Infections,10
2026-08-30,Kisumu Referral Hospital,Respiratory Infections,5
2026-08-31,Kisumu Referral Hospital,Respiratory Infections,12
2022-01-01,Nakuru District Hospital,Malaria,2
2022-01-02,Nakuru District Hospital,Malaria,2
2022-01-03,Nakuru District Hospital,Malaria,1
2022-01-04,Nakuru District Hospital,Malaria,4
2022-01-05,Nakuru District Hospital,Malaria,4
2022-01-06,Nakuru District Hospital,Malaria,3
2022-01-07,Nakuru District Hospital,Malaria,3
2022-01-08,Nakuru District Hospital,Malaria,4
2022-01-09,Nakuru District Hospital,Malaria,2
2022-01-10,Nakuru District Hospital,Malaria,9
2022-01-11,Nakuru District Hospital,Malaria,4
2022-01-12,Nakuru District Hospital,Malaria,2
2022-01-13,Nakuru District Hospital,Malaria,4
2022-01-14,Nakuru District Hospital,Malaria,2
2022-01-15,Nakuru District Hospital,Malaria,1
2022-01-16,Nakuru District Hospital,Malaria,1
2022-01-17,Nakuru District Hospital,Malaria,2
2022-01-18,Nakuru District Hospital,Malaria,2
2022-01-19,Nakuru District Hospital,Malaria,1
2022-01-20,Nakuru District Hospital,Malaria,1
2022-01-21,Nakuru District Hospital,Malaria,3
2022-01-22,Nakuru District Hospital,Malaria,2
2022-01-23,Nakuru District Hospital,Malaria,3
2022-01-24,Nakuru District Hospital,Malaria,1
2022-01-25,Nakuru District Hospital,Malaria,5
2022-01-26,Nakuru District Hospital,Malaria,3
2022-01-27,Nakuru District Hospital,Malaria,5
2022-01-28,Nakuru District Hospital,Malaria,5
2022-01-29,Nakuru District Hospital,Malaria,7
2022-01-30,Nakuru District Hospital,Malaria,2
2022-01-31,Nakuru District Hospital,Malaria,5
2022-02-01,Nakuru District Hospital,Malaria,2
2022-02-02,Nakuru District Hospital,Malaria,1
2022-02-03,Nakuru District Hospital,Malaria,7
2022-02-04,Nakuru District Hospital,Malaria,2
2022-02-05,Nakuru District Hospital,Malaria,0
2022-02-06,Nakuru District Hospital,Malaria,2
2022-02-07,Nakuru District Hospital,Malaria,4
2022-02-08,Nakuru District Hospital,Malaria,2
2022-02-09,Nakuru District Hospital,Malaria,4
2022-02-10,Nakuru District Hospital,Malaria,3
2022-02-11,Nakuru District Hospital,Malaria,5
2022-02-12,Nakuru District Hospital,Malaria,1
2022-02-13,Nakuru District Hospital,Malaria,2
2022-02-14,Nakuru District Hospital,Malaria,4
2022-02-15,Nakuru District Hospital,Malaria,5
2022-02-16,Nakuru District Hospital,Malaria,4
2022-02-17,Nakuru District Hospital,Malaria,3
2022-02-18,Nakuru District Hospital,Malaria,3
2022-02-19,Nakuru District Hospital,Malaria,0
2022-02-20,Nakuru District Hospital,Malaria,9
2022-02-21,Nakuru District Hospital,Malaria,5
2022-02-22,Nakuru District Hospital,Malaria,3
2022-02-23,Nakuru District Hospital,Malaria,7
2022-02-24,Nakuru District Hospital,Malaria,7
2022-02-25,Nakuru District Hospital,Malaria,2
2022-02-26,Nakuru District Hospital,Malaria,7
2022-02-27,Nakuru District Hospital,Malaria,2
2022-02-28,Nakuru District Hospital,Malaria,5
2022-03-01,Nakuru District Hospital,Malaria,3
2022-03-02,Nakuru District Hospital,Malaria,5
2022-03-03,Nakuru District Hospital,Malaria,9
2022-03-04,Nakuru District Hospital,Malaria,5
2022-03-05,Nakuru District Hospital,Malaria,3
2022-03-06,Nakuru District Hospital,Malaria,5
2022-03-07,Nakuru District Hospital,Malaria,7
2022-03-08,Nakuru District Hospital,Malaria,6
2022-03-09,Nakuru District Hospital,Malaria,1
2022-03-10,Nakuru District Hospital,Malaria,5
2022-03-11,Nakuru District Hospital,Malaria,3
2022-03-12,Nakuru District Hospital,Malaria,5
2022-03-13,Nakuru District Hospital,Malaria,5
2022-03-14,Nakuru District Hospital,Malaria,4
2022-03-15,Nakuru District Hospital,Malaria,4
2022-03-16,Nakuru District Hospital,Malaria,8
2022-03-17,Nakuru District Hospital,Malaria,4
2022-03-18,Nakuru District Hospital,Malaria,4
2022-03-19,Nakuru District Hospital,Malaria,10
2022-03-20,Nakuru District Hospital,Malaria,6
2022-03-21,Nakuru District Hospital,Malaria,6
2022-03-22,Nakuru District Hospital,Malaria,3
2022-03-23,Nakuru District Hospital,Malaria,7
2022-03-24,Nakuru District Hospital,Malaria,5
2022-03-25,Nakuru District Hospital,Malaria,2
2022-03-26,Nakuru District Hospital,Malaria,5
2022-03-27,Nakuru District Hospital,Malaria,2
2022-03-28,Nakuru District Hospital,Malaria,6
2022-03-29,Nakuru District Hospital,Malaria,4
2022-03-30,Nakuru District Hospital,Malaria,3
2022-03-31,Nakuru District Hospital,Malaria,4
2022-04-01,Nakuru District Hospital,Malaria,6
2022-04-02,Nakuru District Hospital,Malaria,7
2022-04-03,Nakuru District Hospital,Malaria,4
2022-04-04,Nakuru District Hospital,Malaria,5
2022-04-05,Nakuru District Hospital,Malaria,4
2022-04-06,Nakuru District Hospital,Malaria,6
2022-04-07,Nakuru District Hospital,Malaria,4
2022-04-08,Nakuru District Hospital,Malaria,5
2022-04-09,Nakuru District Hospital,Malaria,8
2022-04-10,Nakuru District Hospital,Malaria,3
2022-04-11,Nakuru District Hospital,Malaria,4
2022-04-12,Nakuru District Hospital,Malaria,4
2022-04-13,Nakuru District Hospital,Malaria,6
2022-04-14,Nakuru District Hospital,Malaria,4
2022-04-15,Nakuru District Hospital,Malaria,3
2022-04-16,Nakuru District Hospital,Malaria,5
2022-04-17,Nakuru District Hospital,Malaria,5
2022-04-18,Nakuru District Hospital,Malaria,7
2022-04-19,Nakuru District Hospital,Malaria,11
2022-04-20,Nakuru District Hospital,Malaria,5
2022-04-21,Nakuru District Hospital,Malaria,4
2022-04-22,Nakuru District Hospital,Malaria,2
2022-04-23,Nakuru District Hospital,Malaria,6
2022-04-24,Nakuru District Hospital,Malaria,7
2022-04-25,Nakuru District Hospital,Malaria,3
2022-04-26,Nakuru District Hospital,Malaria,2
2022-04-27,Nakuru District Hospital,Malaria,5
2022-04-28,Nakuru District Hospital,Malaria,4
2022-04-29,Nakuru District Hospital,Malaria,2
2022-04-30,Nakuru District Hospital,Malaria,4
2022-05-01,Nakuru District Hospital,Malaria,4
2022-05-02,Nakuru District Hospital,Malaria,4
2022-05-03,Nakuru District Hospital,Malaria,6
2022-05-04,Nakuru District Hospital,Malaria,7
2022-05-05,Nakuru District Hospital,Malaria,9
2022-05-06,Nakuru District Hospital,Malaria,5
2022-05-07,Nakuru District Hospital,Malaria,8
2022-05-08,Nakuru District Hospital,Malaria,3
2022-05-09,Nakuru District Hospital,Malaria,6
2022-05-10,Nakuru District Hospital,Malaria,5
2022-05-11,Nakuru District Hospital,Malaria,6
2022-05-12,Nakuru District Hospital,Malaria,6
2022-05-13,Nakuru District Hospital,Malaria,8
2022-05-14,Nakuru District Hospital,Malaria,1
2022-05-15,Nakuru District Hospital,Malaria,4
2022-05-16,Nakuru District Hospital,Malaria,1
2022-05-17,Nakuru District Hospital,Malaria,6
2022-05-18,Nakuru District Hospital,Malaria,4
2022-05-19,Nakuru District Hospital,Malaria,8
2022-05-20,Nakuru District Hospital,Malaria,6
2022-05-21,Nakuru District Hospital,Malaria,5
2022-05-22,Nakuru District Hospital,Malaria,6
2022-05-23,Nakuru District Hospital,Malaria,9
2022-05-24,Nakuru District Hospital,Malaria,9
2022-05-25,Nakuru District Hospital,Malaria,8
2022-05-26,Nakuru District Hospital,Malaria,9
2022-05-27,Nakuru District Hospital,Malaria,8
2022-05-28,Nakuru District Hospital,Malaria,5
2022-05-29,Nakuru District Hospital,Malaria,1
2022-05-30,Nakuru District Hospital,Malaria,6
2022-05-31,Nakuru District Hospital,Malaria,5
2022-06-01,Nakuru District Hospital,Malaria,2
2022-06-02,Nakuru District Hospital,Malaria,3
2022-06-03,Nakuru District Hospital,Malaria,7
2022-06-04,Nakuru District Hospital,Malaria,7
2022-06-05,Nakuru District Hospital,Malaria,8
2022-06-06,Nakuru District Hospital,Malaria,10
2022-06-07,Nakuru District Hospital,Malaria,5
2022-06-08,Nakuru District Hospital,Malaria,7
2022-06-09,Nakuru District Hospital,Malaria,8
2022-06-10,Nakuru District Hospital,Malaria,9
2022-06-11,Nakuru District Hospital,Malaria,5
2022-06-12,Nakuru District Hospital,Malaria,8
2022-06-13,Nakuru District Hospital,Malaria,6
2022-06-14,Nakuru District Hospital,Malaria,3
2022-06-15,Nakuru District Hospital,Malaria,4
2022-06-16,Nakuru District Hospital,Malaria,6
2022-06-17,Nakuru District Hospital,Malaria,5
2022-06-18,Nakuru District Hospital,Malaria,5
2022-06-19,Nakuru District Hospital,Malaria,5
2022-06-20,Nakuru District Hospital,Malaria,7
2022-06-21,Nakuru District Hospital,Malaria,3
2022-06-22,Nakuru District Hospital,Malaria,5
2022-06-23,Nakuru District Hospital,Malaria,5
2022-06-24,Nakuru District Hospital,Malaria,8
2022-06-25,Nakuru District Hospital,Malaria,3
2022-06-26,Nakuru District Hospital,Malaria,3
2022-06-27,Nakuru District Hospital,Malaria,6
2022-06-28,Nakuru District Hospital,Malaria,5
2022-06-29,Nakuru District Hospital,Malaria,5
2022-06-30,Nakuru District Hospital,Malaria,8
2022-07-01,Nakuru District Hospital,Malaria,9
2022-07-02,Nakuru District Hospital,Malaria,4
2022-07-03,Nakuru District Hospital,Malaria,8
2022-07-04,Nakuru District Hospital,Malaria,7
2022-07-05,Nakuru District Hospital,Malaria,5
2022-07-06,Nakuru District Hospital,Malaria,6
2022-07-07,Nakuru District Hospital,Malaria,3
2022-07-08,Nakuru District Hospital,Malaria,7
2022-07-09,Nakuru District Hospital,Malaria,5
2022-07-10,Nakuru District Hospital,Malaria,3
2022-07-11,Nakuru District Hospital,Malaria,6
2022-07-12,Nakuru District Hospital,Malaria,6
2022-07-13,Nakuru District Hospital,Malaria,6
2022-07-14,Nakuru District Hospital,Malaria,6
2022-07-15,Nakuru District Hospital,Malaria,6
2022-07-16,Nakuru District Hospital,Malaria,3
2022-07-17,Nakuru District Hospital,Malaria,7
2022-07-18,Nakuru District Hospital,Malaria,6
2022-07-19,Nakuru District Hospital,Malaria,9
2022-07-20,Nakuru District Hospital,Malaria,4
2022-07-21,Nakuru District Hospital,Malaria,1
2022-07-22,Nakuru District Hospital,Malaria,4
2022-07-23,Nakuru District Hospital,Malaria,4
2022-07-24,Nakuru District Hospital,Malaria,3
2022-07-25,Nakuru District Hospital,Malaria,3
2022-07-26,Nakuru District Hospital,Malaria,9
2022-07-27,Nakuru District Hospital,Malaria,5
2022-07-28,Nakuru District Hospital,Malaria,5
2022-07-29,Nakuru District Hospital,Malaria,7
2022-07-30,Nakuru District Hospital,Malaria,1
2022-07-31,Nakuru District Hospital,Malaria,1
2022-08-01,Nakuru District Hospital,Malaria,5
2022-08-02,Nakuru District Hospital,Malaria,7
2022-08-03,Nakuru District Hospital,Malaria,4
2022-08-04,Nakuru District Hospital,Malaria,1
2022-08-05,Nakuru District Hospital,Malaria,3
2022-08-06,Nakuru District Hospital,Malaria,4
2022-08-07,Nakuru District Hospital,Malaria,4
2022-08-08,Nakuru District Hospital,Malaria,4
2022-08-09,Nakuru District Hospital,Malaria,2
2022-08-10,Nakuru District Hospital,Malaria,2
2022-08-11,Nakuru District Hospital,Malaria,5
2022-08-12,Nakuru District Hospital,Malaria,3
2022-08-13,Nakuru District Hospital,Malaria,4
2022-08-14,Nakuru District Hospital,Malaria,2
2022-08-15,Nakuru District Hospital,Malaria,2
2022-08-16,Nakuru District Hospital,Malaria,5
2022-08-17,Nakuru District Hospital,Malaria,0
2022-08-18,Nakuru District Hospital,Malaria,7
2022-08-19,Nakuru District Hospital,Malaria,3
2022-08-20,Nakuru District Hospital,Malaria,3
2022-08-21,Nakuru District Hospital,Malaria,6
2022-08-22,Nakuru District Hospital,Malaria,7
2022-08-23,Nakuru District Hospital,Malaria,2
2022-08-24,Nakuru District Hospital,Malaria,4
2022-08-25,Nakuru District Hospital,Malaria,6
2022-08-26,Nakuru District Hospital,Malaria,6
2022-08-27,Nakuru District Hospital,Malaria,4
2022-08-28,Nakuru District Hospital,Malaria,5
2022-08-29,Nakuru District Hospital,Malaria,8
2022-08-30,Nakuru District Hospital,Malaria,5
2022-08-31,Nakuru District Hospital,Malaria,1
2022-09-01,Nakuru District Hospital,Malaria,1
2022-09-02,Nakuru District Hospital,Malaria,8
2022-09-03,Nakuru District Hospital,Malaria,6
2022-09-04,Nakuru District Hospital,Malaria,4
2022-09-05,Nakuru District Hospital,Malaria,2
2022-09-06,Nakuru District Hospital,Malaria,4
2022-09-07,Nakuru District Hospital,Malaria,4
2022-09-08,Nakuru District Hospital,Malaria,7
2022-09-09,Nakuru District Hospital,Malaria,5
2022-09-10,Nakuru District Hospital,Malaria,3
2022-09-11,Nakuru District Hospital,Malaria,5
2022-09-12,Nakuru District Hospital,Malaria,4
2022-09-13,Nakuru District Hospital,Malaria,5
2022-09-14,Nakuru District Hospital,Malaria,3
2022-09-15,Nakuru District Hospital,Malaria,3
2022-09-16,Nakuru District Hospital,Malaria,3
2022-09-17,Nakuru District Hospital,Malaria,2
2022-09-18,Nakuru District Hospital,Malaria,3
2022-09-19,Nakuru District Hospital,Malaria,6
2022-09-20,Nakuru District Hospital,Malaria,4
2022-09-21,Nakuru District Hospital,Malaria,2
2022-09-22,Nakuru District Hospital,Malaria,1
2022-09-23,Nakuru District Hospital,Malaria,2
2022-09-24,Nakuru District Hospital,Malaria,5
2022-09-25,Nakuru District Hospital,Malaria,3
2022-09-26,Nakuru District Hospital,Malaria,2
2022-09-27,Nakuru District Hospital,Malaria,2
2022-09-28,Nakuru District Hospital,Malaria,2
2022-09-29,Nakuru District Hospital,Malaria,5
2022-09-30,Nakuru District Hospital,Malaria,2
2022-10-01,Nakuru District Hospital,Malaria,2
2022-10-02,Nakuru District Hospital,Malaria,8
2022-10-03,Nakuru District Hospital,Malaria,4
2022-10-04,Nakuru District Hospital,Malaria,2
2022-10-05,Nakuru District Hospital,Malaria,4
2022-10-06,Nakuru District Hospital,Malaria,2
2022-10-07,Nakuru District Hospital,Malaria,5
2022-10-08,Nakuru District Hospital,Malaria,4
2022-10-09,Nakuru District Hospital,Malaria,2
2022-10-10,Nakuru District Hospital,Malaria,2
2022-10-11,Nakuru District Hospital,Malaria,3
2022-10-12,Nakuru District Hospital,Malaria,2
2022-10-13,Nakuru District Hospital,Malaria,5
2022-10-14,Nakuru District Hospital,Malaria,2
2022-10-15,Nakuru District Hospital,Malaria,1
2022-10-16,Nakuru District Hospital,Malaria,2
2022-10-17,Nakuru District Hospital,Malaria,2
2022-10-18,Nakuru District Hospital,Malaria,6
2022-10-19,Nakuru District Hospital,Malaria,1
2022-10-20,Nakuru District Hospital,Malaria,1
2022-10-21,Nakuru District Hospital,Malaria,2
2022-10-22,Nakuru District Hospital,Malaria,1
2022-10-23,Nakuru District Hospital,Malaria,1
2022-10-24,Nakuru District Hospital,Malaria,1
2022-10-25,Nakuru District Hospital,Malaria,0
2022-10-26,Nakuru District Hospital,Malaria,4
2022-10-27,Nakuru District Hospital,Malaria,4
2022-10-28,Nakuru District Hospital,Malaria,2
2022-10-29,Nakuru District Hospital,Malaria,0
2022-10-30,Nakuru District Hospital,Malaria,1
2022-10-31,Nakuru District Hospital,Malaria,1
2022-11-01,Nakuru District Hospital,Malaria,4
2022-11-02,Nakuru District Hospital,Malaria,2
2022-11-03,Nakuru District Hospital,Malaria,0
2022-11-04,Nakuru District Hospital,Malaria,2
2022-11-05,Nakuru District Hospital,Malaria,4
2022-11-06,Nakuru District Hospital,Malaria,0
2022-11-07,Nakuru District Hospital,Malaria,1
2022-11-08,Nakuru District Hospital,Malaria,4
2022-11-09,Nakuru District Hospital,Malaria,2
2022-11-10,Nakuru District Hospital,Malaria,3
2022-11-11,Nakuru District Hospital,Malaria,2
2022-11-12,Nakuru District Hospital,Malaria,0
2022-11-13,Nakuru District Hospital,Malaria,0
2022-11-14,Nakuru District Hospital,Malaria,4
2022-11-15,Nakuru District Hospital,Malaria,1
2022-11-16,Nakuru District Hospital,Malaria,2
2022-11-17,Nakuru District Hospital,Malaria,2
2022-11-18,Nakuru District Hospital,Malaria,2
2022-11-19,Nakuru District Hospital,Malaria,2
2022-11-20,Nakuru District Hospital,Malaria,0
2022-11-21,Nakuru District Hospital,Malaria,5
2022-11-22,Nakuru District Hospital,Malaria,0
2022-11-23,Nakuru District Hospital,Malaria,2
2022-11-24,Nakuru District Hospital,Malaria,3
2022-11-25,Nakuru District Hospital,Malaria,4
2022-11-26,Nakuru District Hospital,Malaria,3
2022-11-27,Nakuru District Hospital,Malaria,1
2022-11-28,Nakuru District Hospital,Malaria,1
2022-11-29,Nakuru District Hospital,Malaria,2
2022-11-30,Nakuru District Hospital,Malaria,2
2022-12-01,Nakuru District Hospital,Malaria,2
2022-12-02,Nakuru District Hospital,Malaria,0
2022-12-03,Nakuru District Hospital,Malaria,2
2022-12-04,Nakuru District Hospital,Malaria,0
2022-12-05,Nakuru District Hospital,Malaria,0
2022-12-06,Nakuru District Hospital,Malaria,2
2022-12-07,Nakuru District Hospital,Malaria,5
2022-12-08,Nakuru District Hospital,Malaria,1
2022-12-09,Nakuru District Hospital,Malaria,0
2022-12-10,Nakuru District Hospital,Malaria,2
2022-12-11,Nakuru District Hospital,Malaria,0
2022-12-12,Nakuru District Hospital,Malaria,5
2022-12-13,Nakuru District Hospital,Malaria,3
2022-12-14,Nakuru District Hospital,Malaria,3
2022-12-15,Nakuru District Hospital,Malaria,0
2022-12-16,Nakuru District Hospital,Malaria,1
2022-12-17,Nakuru District Hospital,Malaria,2
2022-12-18,Nakuru District Hospital,Malaria,2
2022-12-19,Nakuru District Hospital,Malaria,0
2022-12-20,Nakuru District Hospital,Malaria,3
2022-12-21,Nakuru District Hospital,Malaria,1
2022-12-22,Nakuru District Hospital,Malaria,1
2022-12-23,Nakuru District Hospital,Malaria,2
2022-12-24,Nakuru District Hospital,Malaria,4
2022-12-25,Nakuru District Hospital,Malaria,1
2022-12-26,Nakuru District Hospital,Malaria,4
2022-12-27,Nakuru District Hospital,Malaria,3
2022-12-28,Nakuru District Hospital,Malaria,4
2022-12-29,Nakuru District Hospital,Malaria,2
2022-12-30,Nakuru District Hospital,Malaria,5
2022-12-31,Nakuru District Hospital,Malaria,2
2023-01-01,Nakuru District Hospital,Malaria,2
2023-01-02,Nakuru District Hospital,Malaria,7
2023-01-03,Nakuru District Hospital,Malaria,3
2023-01-04,Nakuru District Hospital,Malaria,2
2023-01-05,Nakuru District Hospital,Malaria,1
2023-01-06,Nakuru District Hospital,Malaria,4
2023-01-07,Nakuru District Hospital,Malaria,5
2023-01-08,Nakuru District Hospital,Malaria,2
2023-01-09,Nakuru District Hospital,Malaria,0
2023-01-10,Nakuru District Hospital,Malaria,4
2023-01-11,Nakuru District Hospital,Malaria,0
2023-01-12,Nakuru District Hospital,Malaria,2
2023-01-13,Nakuru District Hospital,Malaria,4
2023-01-14,Nakuru District Hospital,Malaria,1
2023-01-15,Nakuru District Hospital,Malaria,1
2023-01-16,Nakuru District Hospital,Malaria,2
2023-01-17,Nakuru District Hospital,Malaria,4
2023-01-18,Nakuru District Hospital,Malaria,3
2023-01-19,Nakuru District Hospital,Malaria,3
2023-01-20,Nakuru District Hospital,Malaria,3
2023-01-21,Nakuru District Hospital,Malaria,2
2023-01-22,Nakuru District Hospital,Malaria,3
2023-01-23,Nakuru District Hospital,Malaria,7
2023-01-24,Nakuru District Hospital,Malaria,0
2023-01-25,Nakuru District Hospital,Malaria,5
2023-01-26,Nakuru District Hospital,Malaria,2
2023-01-27,Nakuru District Hospital,Malaria,1
2023-01-28,Nakuru District Hospital,Malaria,5
2023-01-29,Nakuru District Hospital,Malaria,5
2023-01-30,Nakuru District Hospital,Malaria,4
2023-01-31,Nakuru District Hospital,Malaria,4
2023-02-01,Nakuru District Hospital,Malaria,5
2023-02-02,Nakuru District Hospital,Malaria,3
2023-02-03,Nakuru District Hospital,Malaria,2
2023-02-04,Nakuru District Hospital,Malaria,5
2023-02-05,Nakuru District Hospital,Malaria,3
2023-02-06,Nakuru District Hospital,Malaria,7
2023-02-07,Nakuru District Hospital,Malaria,2
2023-02-08,Nakuru District Hospital,Malaria,1
2023-02-09,Nakuru District Hospital,Malaria,3
2023-02-10,Nakuru District Hospital,Malaria,2
2023-02-11,Nakuru District Hospital,Malaria,3
2023-02-12,Nakuru District Hospital,Malaria,6
2023-02-13,Nakuru District Hospital,Malaria,4
2023-02-14,Nakuru District Hospital,Malaria,1
2023-02-15,Nakuru District Hospital,Malaria,5
2023-02-16,Nakuru District Hospital,Malaria,3
2023-02-17,Nakuru District Hospital,Malaria,4
2023-02-18,Nakuru District Hospital,Malaria,1
2023-02-19,Nakuru District Hospital,Malaria,5
2023-02-20,Nakuru District Hospital,Malaria,4
2023-02-21,Nakuru District Hospital,Malaria,1
2023-02-22,Nakuru District Hospital,Malaria,4
2023-02-23,Nakuru District Hospital,Malaria,2
2023-02-24,Nakuru District Hospital,Malaria,4
2023-02-25,Nakuru District Hospital,Malaria,2
2023-02-26,Nakuru District Hospital,Malaria,2
2023-02-27,Nakuru District Hospital,Malaria,4
2023-02-28,Nakuru District Hospital,Malaria,5
2023-03-01,Nakuru District Hospital,Malaria,6
2023-03-02,Nakuru District Hospital,Malaria,6
2023-03-03,Nakuru District Hospital,Malaria,4
2023-03-04,Nakuru District Hospital,Malaria,1
2023-03-05,Nakuru District Hospital,Malaria,6
2023-03-06,Nakuru District Hospital,Malaria,5
2023-03-07,Nakuru District Hospital,Malaria,10
2023-03-08,Nakuru District Hospital,Malaria,1
2023-03-09,Nakuru District Hospital,Malaria,3
2023-03-10,Nakuru District Hospital,Malaria,6
2023-03-11,Nakuru District Hospital,Malaria,3
2023-03-12,Nakuru District Hospital,Malaria,8
2023-03-13,Nakuru District Hospital,Malaria,5
2023-03-14,Nakuru District Hospital,Malaria,3
2023-03-15,Nakuru District Hospital,Malaria,3
2023-03-16,Nakuru District Hospital,Malaria,2
2023-03-17,Nakuru District Hospital,Malaria,2
2023-03-18,Nakuru District Hospital,Malaria,3
2023-03-19,Nakuru District Hospital,Malaria,4
2023-03-20,Nakuru District Hospital,Malaria,8
2023-03-21,Nakuru District Hospital,Malaria,3
2023-03-22,Nakuru District Hospital,Malaria,5
2023-03-23,Nakuru District Hospital,Malaria,6
2023-03-24,Nakuru District Hospital,Malaria,5
2023-03-25,Nakuru District Hospital,Malaria,5
2023-03-26,Nakuru District Hospital,Malaria,1
2023-03-27,Nakuru District Hospital,Malaria,3
2023-03-28,Nakuru District Hospital,Malaria,5
2023-03-29,Nakuru District Hospital,Malaria,4
2023-03-30,Nakuru District Hospital,Malaria,5
2023-03-31,Nakuru District Hospital,Malaria,6
2023-04-01,Nakuru District Hospital,Malaria,3
2023-04-02,Nakuru District Hospital,Malaria,3
2023-04-03,Nakuru District Hospital,Malaria,3
2023-04-04,Nakuru District Hospital,Malaria,3
2023-04-05,Nakuru District Hospital,Malaria,1
2023-04-06,Nakuru District Hospital,Malaria,4
2023-04-07,Nakuru District Hospital,Malaria,6
2023-04-08,Nakuru District Hospital,Malaria,1
2023-04-09,Nakuru District Hospital,Malaria,4
2023-04-10,Nakuru District Hospital,Malaria,7
2023-04-11,Nakuru District Hospital,Malaria,5
2023-04-12,Nakuru District Hospital,Malaria,6
2023-04-13,Nakuru District Hospital,Malaria,5
2023-04-14,Nakuru District Hospital,Malaria,4
2023-04-15,Nakuru District Hospital,Malaria,5
2023-04-16,Nakuru District Hospital,Malaria,3
2023-04-17,Nakuru District Hospital,Malaria,7
2023-04-18,Nakuru District Hospital,Malaria,9
2023-04-19,Nakuru District Hospital,Malaria,2
2023-04-20,Nakuru District Hospital,Malaria,3
2023-04-21,Nakuru District Hospital,Malaria,6
2023-04-22,Nakuru District Hospital,Malaria,4
2023-04-23,Nakuru District Hospital,Malaria,8
2023-04-24,Nakuru District Hospital,Malaria,4
2023-04-25,Nakuru District Hospital,Malaria,2
2023-04-26,Nakuru District Hospital,Malaria,4
2023-04-27,Nakuru District Hospital,Malaria,1
2023-04-28,Nakuru District Hospital,Malaria,7
2023-04-29,Nakuru District Hospital,Malaria,1
2023-04-30,Nakuru District Hospital,Malaria,8
2023-05-01,Nakuru District Hospital,Malaria,4
2023-05-02,Nakuru District Hospital,Malaria,8
2023-05-03,Nakuru District Hospital,Malaria,3
2023-05-04,Nakuru District Hospital,Malaria,5
2023-05-05,Nakuru District Hospital,Malaria,4
2023-05-06,Nakuru District Hospital,Malaria,4
2023-05-07,Nakuru District Hospital,Malaria,3
2023-05-08,Nakuru District Hospital,Malaria,8
2023-05-09,Nakuru District Hospital,Malaria,8
2023-05-10,Nakuru District Hospital,Malaria,11
2023-05-11,Nakuru District Hospital,Malaria,12
2023-05-12,Nakuru District Hospital,Malaria,9
2023-05-13,Nakuru District Hospital,Malaria,5
2023-05-14,Nakuru District Hospital,Malaria,5
2023-05-15,Nakuru District Hospital,Malaria,8
2023-05-16,Nakuru District Hospital,Malaria,8
2023-05-17,Nakuru District Hospital,Malaria,6
2023-05-18,Nakuru District Hospital,Malaria,4
2023-05-19,Nakuru District Hospital,Malaria,12
2023-05-20,Nakuru District Hospital,Malaria,6
2023-05-21,Nakuru District Hospital,Malaria,3
2023-05-22,Nakuru District Hospital,Malaria,3
2023-05-23,Nakuru District Hospital,Malaria,8
2023-05-24,Nakuru District Hospital,Malaria,7
2023-05-25,Nakuru District Hospital,Malaria,3
2023-05-26,Nakuru District Hospital,Malaria,9
2023-05-27,Nakuru District Hospital,Malaria,10
2023-05-28,Nakuru District Hospital,Malaria,7
2023-05-29,Nakuru District Hospital,Malaria,4
2023-05-30,Nakuru District Hospital,Malaria,6
2023-05-31,Nakuru District Hospital,Malaria,7
2023-06-01,Nakuru District Hospital,Malaria,5
2023-06-02,Nakuru District Hospital,Malaria,8
2023-06-03,Nakuru District Hospital,Malaria,12
2023-06-04,Nakuru District Hospital,Malaria,8
2023-06-05,Nakuru District Hospital,Malaria,8
2023-06-06,Nakuru District Hospital,Malaria,9
2023-06-07,Nakuru District Hospital,Malaria,10
2023-06-08,Nakuru District Hospital,Malaria,7
2023-06-09,Nakuru District Hospital,Malaria,7
2023-06-10,Nakuru District Hospital,Malaria,5
2023-06-11,Nakuru District Hospital,Malaria,5
2023-06-12,Nakuru District Hospital,Malaria,5
2023-06-13,Nakuru District Hospital,Malaria,9
2023-06-14,Nakuru District Hospital,Malaria,9
2023-06-15,Nakuru District Hospital,Malaria,7
2023-06-16,Nakuru District Hospital,Malaria,6
2023-06-17,Nakuru District Hospital,Malaria,7
2023-06-18,Nakuru District Hospital,Malaria,6
2023-06-19,Nakuru District Hospital,Malaria,5
2023-06-20,Nakuru District Hospital,Malaria,5
2023-06-21,Nakuru District Hospital,Malaria,1
2023-06-22,Nakuru District Hospital,Malaria,5
2023-06-23,Nakuru District Hospital,Malaria,1
2023-06-24,Nakuru District Hospital,Malaria,7
2023-06-25,Nakuru District Hospital,Malaria,1
2023-06-26,Nakuru District Hospital,Malaria,3
2023-06-27,Nakuru District Hospital,Malaria,7
2023-06-28,Nakuru District Hospital,Malaria,12
2023-06-29,Nakuru District Hospital,Malaria,5
2023-06-30,Nakuru District Hospital,Malaria,2
2023-07-01,Nakuru District Hospital,Malaria,3
2023-07-02,Nakuru District Hospital,Malaria,4
2023-07-03,Nakuru District Hospital,Malaria,9
2023-07-04,Nakuru District Hospital,Malaria,6
2023-07-05,Nakuru District Hospital,Malaria,7
2023-07-06,Nakuru District Hospital,Malaria,7
2023-07-07,Nakuru District Hospital,Malaria,5
2023-07-08,Nakuru District Hospital,Malaria,4
2023-07-09,Nakuru District Hospital,Malaria,5
2023-07-10,Nakuru District Hospital,Malaria,5
2023-07-11,Nakuru District Hospital,Malaria,6
2023-07-12,Nakuru District Hospital,Malaria,8
2023-07-13,Nakuru District Hospital,Malaria,5
2023-07-14,Nakuru District Hospital,Malaria,7
2023-07-15,Nakuru District Hospital,Malaria,1
2023-07-16,Nakuru District Hospital,Malaria,6
2023-07-17,Nakuru District Hospital,Malaria,8
2023-07-18,Nakuru District Hospital,Malaria,3
2023-07-19,Nakuru District Hospital,Malaria,5
2023-07-20,Nakuru District Hospital,Malaria,3
2023-07-21,Nakuru District Hospital,Malaria,1
2023-07-22,Nakuru District Hospital,Malaria,1
2023-07-23,Nakuru District Hospital,Malaria,4
2023-07-24,Nakuru District Hospital,Malaria,2
2023-07-25,Nakuru District Hospital,Malaria,3
2023-07-26,Nakuru District Hospital,Malaria,3
2023-07-27,Nakuru District Hospital,Malaria,9
2023-07-28,Nakuru District Hospital,Malaria,5
2023-07-29,Nakuru District Hospital,Malaria,8
2023-07-30,Nakuru District Hospital,Malaria,9
2023-07-31,Nakuru District Hospital,Malaria,9
2023-08-01,Nakuru District Hospital,Malaria,4
2023-08-02,Nakuru District Hospital,Malaria,3
2023-08-03,Nakuru District Hospital,Malaria,4
2023-08-04,Nakuru District Hospital,Malaria,7
2023-08-05,Nakuru District Hospital,Malaria,3
2023-08-06,Nakuru District Hospital,Malaria,6
2023-08-07,Nakuru District Hospital,Malaria,2
2023-08-08,Nakuru District Hospital,Malaria,7
2023-08-09,Nakuru District Hospital,Malaria,4
2023-08-10,Nakuru District Hospital,Malaria,3
2023-08-11,Nakuru District Hospital,Malaria,2
2023-08-12,Nakuru District Hospital,Malaria,0
2023-08-13,Nakuru District Hospital,Malaria,5
2023-08-14,Nakuru District Hospital,Malaria,5
2023-08-15,Nakuru District Hospital,Malaria,5
2023-08-16,Nakuru District Hospital,Malaria,4
2023-08-17,Nakuru District Hospital,Malaria,10
2023-08-18,Nakuru District Hospital,Malaria,4
2023-08-19,Nakuru District Hospital,Malaria,6
2023-08-20,Nakuru District Hospital,Malaria,4
2023-08-21,Nakuru District Hospital,Malaria,5
2023-08-22,Nakuru District Hospital,Malaria,4
2023-08-23,Nakuru District Hospital,Malaria,3
2023-08-24,Nakuru District Hospital,Malaria,4
2023-08-25,Nakuru District Hospital,Malaria,5
2023-08-26,Nakuru District Hospital,Malaria,6
2023-08-27,Nakuru District Hospital,Malaria,4
2023-08-28,Nakuru District Hospital,Malaria,5
2023-08-29,Nakuru District Hospital,Malaria,5
2023-08-30,Nakuru District Hospital,Malaria,6
2023-08-31,Nakuru District Hospital,Malaria,2
2023-09-01,Nakuru District Hospital,Malaria,6
2023-09-02,Nakuru District Hospital,Malaria,3
2023-09-03,Nakuru District Hospital,Malaria,3
2023-09-04,Nakuru District Hospital,Malaria,3
2023-09-05,Nakuru District Hospital,Malaria,4
2023-09-06,Nakuru District Hospital,Malaria,3
2023-09-07,Nakuru District Hospital,Malaria,8
2023-09-08,Nakuru District Hospital,Malaria,4
2023-09-09,Nakuru District Hospital,Malaria,3
2023-09-10,Nakuru District Hospital,Malaria,3
2023-09-11,Nakuru District Hospital,Malaria,2
2023-09-12,Nakuru District Hospital,Malaria,4
2023-09-13,Nakuru District Hospital,Malaria,1
2023-09-14,Nakuru District Hospital,Malaria,5
2023-09-15,Nakuru District Hospital,Malaria,1
2023-09-16,Nakuru District Hospital,Malaria,3
2023-09-17,Nakuru District Hospital,Malaria,1
2023-09-18,Nakuru District Hospital,Malaria,3
2023-09-19,Nakuru District Hospital,Malaria,5
2023-09-20,Nakuru District Hospital,Malaria,4
2023-09-21,Nakuru District Hospital,Malaria,5
2023-09-22,Nakuru District Hospital,Malaria,2
2023-09-23,Nakuru District Hospital,Malaria,2
2023-09-24,Nakuru District Hospital,Malaria,5
2023-09-25,Nakuru District Hospital,Malaria,8
2023-09-26,Nakuru District Hospital,Malaria,1
2023-09-27,Nakuru District Hospital,Malaria,4
2023-09-28,Nakuru District Hospital,Malaria,6
2023-09-29,Nakuru District Hospital,Malaria,5
2023-09-30,Nakuru District Hospital,Malaria,2
2023-10-01,Nakuru District Hospital,Malaria,3
2023-10-02,Nakuru District Hospital,Malaria,2
2023-10-03,Nakuru District Hospital,Malaria,5
2023-10-04,Nakuru District Hospital,Malaria,1
2023-10-05,Nakuru District Hospital,Malaria,1
2023-10-06,Nakuru District Hospital,Malaria,4
2023-10-07,Nakuru District Hospital,Malaria,1
2023-10-08,Nakuru District Hospital,Malaria,2
2023-10-09,Nakuru District Hospital,Malaria,4
2023-10-10,Nakuru District Hospital,Malaria,2
2023-10-11,Nakuru District Hospital,Malaria,2
2023-10-12,Nakuru District Hospital,Malaria,3
2023-10-13,Nakuru District Hospital,Malaria,2
2023-10-14,Nakuru District Hospital,Malaria,2
2023-10-15,Nakuru District Hospital,Malaria,1
2023-10-16,Nakuru District Hospital,Malaria,4
2023-10-17,Nakuru District Hospital,Malaria,1
2023-10-18,Nakuru District Hospital,Malaria,2
2023-10-19,Nakuru District Hospital,Malaria,4
2023-10-20,Nakuru District Hospital,Malaria,2
2023-10-21,Nakuru District Hospital,Malaria,1
2023-10-22,Nakuru District Hospital,Malaria,1
2023-10-23,Nakuru District Hospital,Malaria,3
2023-10-24,Nakuru District Hospital,Malaria,3
2023-10-25,Nakuru District Hospital,Malaria,4
2023-10-26,Nakuru District Hospital,Malaria,3
2023-10-27,Nakuru District Hospital,Malaria,1
2023-10-28,Nakuru District Hospital,Malaria,6
2023-10-29,Nakuru District Hospital,Malaria,0
2023-10-30,Nakuru District Hospital,Malaria,3
2023-10-31,Nakuru District Hospital,Malaria,1
2023-11-01,Nakuru District Hospital,Malaria,4
2023-11-02,Nakuru District Hospital,Malaria,2
2023-11-03,Nakuru District Hospital,Malaria,6
2023-11-04,Nakuru District Hospital,Malaria,0
2023-11-05,Nakuru District Hospital,Malaria,1
2023-11-06,Nakuru District Hospital,Malaria,2
2023-11-07,Nakuru District Hospital,Malaria,3
2023-11-08,Nakuru District Hospital,Malaria,4
2023-11-09,Nakuru District Hospital,Malaria,1
2023-11-10,Nakuru District Hospital,Malaria,2
2023-11-11,Nakuru District Hospital,Malaria,2
2023-11-12,Nakuru District Hospital,Malaria,4
2023-11-13,Nakuru District Hospital,Malaria,4
2023-11-14,Nakuru District Hospital,Malaria,2
2023-11-15,Nakuru District Hospital,Malaria,1
2023-11-16,Nakuru District Hospital,Malaria,3
2023-11-17,Nakuru District Hospital,Malaria,1
2023-11-18,Nakuru District Hospital,Malaria,4
2023-11-19,Nakuru District Hospital,Malaria,0
2023-11-20,Nakuru District Hospital,Malaria,2
2023-11-21,Nakuru District Hospital,Malaria,4
2023-11-22,Nakuru District Hospital,Malaria,1
2023-11-23,Nakuru District Hospital,Malaria,1
2023-11-24,Nakuru District Hospital,Malaria,1
2023-11-25,Nakuru District Hospital,Malaria,1
2023-11-26,Nakuru District Hospital,Malaria,2
2023-11-27,Nakuru District Hospital,Malaria,0
2023-11-28,Nakuru District Hospital,Malaria,1
2023-11-29,Nakuru District Hospital,Malaria,0
2023-11-30,Nakuru District Hospital,Malaria,3
2023-12-01,Nakuru District Hospital,Malaria,3
2023-12-02,Nakuru District Hospital,Malaria,2
2023-12-03,Nakuru District Hospital,Malaria,1
2023-12-04,Nakuru District Hospital,Malaria,0
2023-12-05,Nakuru District Hospital,Malaria,4
2023-12-06,Nakuru District Hospital,Malaria,2
2023-12-07,Nakuru District Hospital,Malaria,3
2023-12-08,Nakuru District Hospital,Malaria,2
2023-12-09,Nakuru District Hospital,Malaria,0
2023-12-10,Nakuru District Hospital,Malaria,3
2023-12-11,Nakuru District Hospital,Malaria,2
2023-12-12,Nakuru District Hospital,Malaria,1
2023-12-13,Nakuru District Hospital,Malaria,2
2023-12-14,Nakuru District Hospital,Malaria,3
2023-12-15,Nakuru District Hospital,Malaria,3
2023-12-16,Nakuru District Hospital,Malaria,0
2023-12-17,Nakuru District Hospital,Malaria,2
2023-12-18,Nakuru District Hospital,Malaria,2
2023-12-19,Nakuru District Hospital,Malaria,3
2023-12-20,Nakuru District Hospital,Malaria,2
2023-12-21,Nakuru District Hospital,Malaria,3
2023-12-22,Nakuru District Hospital,Malaria,1
2023-12-23,Nakuru District Hospital,Malaria,5
2023-12-24,Nakuru District Hospital,Malaria,0
2023-12-25,Nakuru District Hospital,Malaria,3
2023-12-26,Nakuru District Hospital,Malaria,1
2023-12-27,Nakuru District Hospital,Malaria,3
2023-12-28,Nakuru District Hospital,Malaria,2
2023-12-29,Nakuru District Hospital,Malaria,3
2023-12-30,Nakuru District Hospital,Malaria,1
2023-12-31,Nakuru District Hospital,Malaria,0
2024-01-01,Nakuru District Hospital,Malaria,0
2024-01-02,Nakuru District Hospital,Malaria,1
2024-01-03,Nakuru District Hospital,Malaria,1
2024-01-04,Nakuru District Hospital,Malaria,1
2024-01-05,Nakuru District Hospital,Malaria,2
2024-01-06,Nakuru District Hospital,Malaria,1
2024-01-07,Nakuru District Hospital,Malaria,4
2024-01-08,Nakuru District Hospital,Malaria,3
2024-01-09,Nakuru District Hospital,Malaria,0
2024-01-10,Nakuru District Hospital,Malaria,2
2024-01-11,Nakuru District Hospital,Malaria,1
2024-01-12,Nakuru District Hospital,Malaria,3
2024-01-13,Nakuru District Hospital,Malaria,3
2024-01-14,Nakuru District Hospital,Malaria,1
2024-01-15,Nakuru District Hospital,Malaria,1
2024-01-16,Nakuru District Hospital,Malaria,5
2024-01-17,Nakuru District Hospital,Malaria,3
2024-01-18,Nakuru District Hospital,Malaria,3
2024-01-19,Nakuru District Hospital,Malaria,2
2024-01-20,Nakuru District Hospital,Malaria,2
2024-01-21,Nakuru District Hospital,Malaria,2
2024-01-22,Nakuru District Hospital,Malaria,5
2024-01-23,Nakuru District Hospital,Malaria,1
2024-01-24,Nakuru District Hospital,Malaria,3
2024-01-25,Nakuru District Hospital,Malaria,4
2024-01-26,Nakuru District Hospital,Malaria,3
2024-01-27,Nakuru District Hospital,Malaria,3
2024-01-28,Nakuru District Hospital,Malaria,1
2024-01-29,Nakuru District Hospital,Malaria,0
2024-01-30,Nakuru District Hospital,Malaria,4
2024-01-31,Nakuru District Hospital,Malaria,2
2024-02-01,Nakuru District Hospital,Malaria,5
2024-02-02,Nakuru District Hospital,Malaria,7
2024-02-03,Nakuru District Hospital,Malaria,1
2024-02-04,Nakuru District Hospital,Malaria,1
2024-02-05,Nakuru District Hospital,Malaria,3
2024-02-06,Nakuru District Hospital,Malaria,2
2024-02-07,Nakuru District Hospital,Malaria,3
2024-02-08,Nakuru District Hospital,Malaria,5
2024-02-09,Nakuru District Hospital,Malaria,1
2024-02-10,Nakuru District Hospital,Malaria,2
2024-02-11,Nakuru District Hospital,Malaria,4
2024-02-12,Nakuru District Hospital,Malaria,6
2024-02-13,Nakuru District Hospital,Malaria,3
2024-02-14,Nakuru District Hospital,Malaria,4
2024-02-15,Nakuru District Hospital,Malaria,6
2024-02-16,Nakuru District Hospital,Malaria,7
2024-02-17,Nakuru District Hospital,Malaria,2
2024-02-18,Nakuru District Hospital,Malaria,4
2024-02-19,Nakuru District Hospital,Malaria,6
2024-02-20,Nakuru District Hospital,Malaria,3
2024-02-21,Nakuru District Hospital,Malaria,2
2024-02-22,Nakuru District Hospital,Malaria,9
2024-02-23,Nakuru District Hospital,Malaria,3
2024-02-24,Nakuru District Hospital,Malaria,4
2024-02-25,Nakuru District Hospital,Malaria,4
2024-02-26,Nakuru District Hospital,Malaria,6
2024-02-27,Nakuru District Hospital,Malaria,3
2024-02-28,Nakuru District Hospital,Malaria,5
2024-02-29,Nakuru District Hospital,Malaria,1
2024-03-01,Nakuru District Hospital,Malaria,3
2024-03-02,Nakuru District Hospital,Malaria,6
2024-03-03,Nakuru District Hospital,Malaria,4
2024-03-04,Nakuru District Hospital,Malaria,3
2024-03-05,Nakuru District Hospital,Malaria,3
2024-03-06,Nakuru District Hospital,Malaria,1
2024-03-07,Nakuru District Hospital,Malaria,8
2024-03-08,Nakuru District Hospital,Malaria,7
2024-03-09,Nakuru District Hospital,Malaria,3
2024-03-10,Nakuru District Hospital,Malaria,5
2024-03-11,Nakuru District Hospital,Malaria,1
2024-03-12,Nakuru District Hospital,Malaria,8
2024-03-13,Nakuru District Hospital,Malaria,2
2024-03-14,Nakuru District Hospital,Malaria,5
2024-03-15,Nakuru District Hospital,Malaria,5
2024-03-16,Nakuru District Hospital,Malaria,4
2024-03-17,Nakuru District Hospital,Malaria,1
2024-03-18,Nakuru District Hospital,Malaria,3
2024-03-19,Nakuru District Hospital,Malaria,4
2024-03-20,Nakuru District Hospital,Malaria,2
2024-03-21,Nakuru District Hospital,Malaria,6
2024-03-22,Nakuru District Hospital,Malaria,3
2024-03-23,Nakuru District Hospital,Malaria,2
2024-03-24,Nakuru District Hospital,Malaria,4
2024-03-25,Nakuru District Hospital,Malaria,4
2024-03-26,Nakuru District Hospital,Malaria,6
2024-03-27,Nakuru District Hospital,Malaria,4
2024-03-28,Nakuru District Hospital,Malaria,7
2024-03-29,Nakuru District Hospital,Malaria,4
2024-03-30,Nakuru District Hospital,Malaria,3
2024-03-31,Nakuru District Hospital,Malaria,4
2024-04-01,Nakuru District Hospital,Malaria,5
2024-04-02,Nakuru District Hospital,Malaria,6
2024-04-03,Nakuru District Hospital,Malaria,5
2024-04-04,Nakuru District Hospital,Malaria,7
2024-04-05,Nakuru District Hospital,Malaria,1
2024-04-06,Nakuru District Hospital,Malaria,1
2024-04-07,Nakuru District Hospital,Malaria,3
2024-04-08,Nakuru District Hospital,Malaria,2
2024-04-09,Nakuru District Hospital,Malaria,2
2024-04-10,Nakuru District Hospital,Malaria,5
2024-04-11,Nakuru District Hospital,Malaria,2
2024-04-12,Nakuru District Hospital,Malaria,4
2024-04-13,Nakuru District Hospital,Malaria,3
2024-04-14,Nakuru District Hospital,Malaria,8
2024-04-15,Nakuru District Hospital,Malaria,11
2024-04-16,Nakuru District Hospital,Malaria,3
2024-04-17,Nakuru District Hospital,Malaria,4
2024-04-18,Nakuru District Hospital,Malaria,6
2024-04-19,Nakuru District Hospital,Malaria,6
2024-04-20,Nakuru District Hospital,Malaria,3
2024-04-21,Nakuru District Hospital,Malaria,4
2024-04-22,Nakuru District Hospital,Malaria,5
2024-04-23,Nakuru District Hospital,Malaria,3
2024-04-24,Nakuru District Hospital,Malaria,2
2024-04-25,Nakuru District Hospital,Malaria,7
2024-04-26,Nakuru District Hospital,Malaria,10
2024-04-27,Nakuru District Hospital,Malaria,4
2024-04-28,Nakuru District Hospital,Malaria,2
2024-04-29,Nakuru District Hospital,Malaria,7
2024-04-30,Nakuru District Hospital,Malaria,6
2024-05-01,Nakuru District Hospital,Malaria,9
2024-05-02,Nakuru District Hospital,Malaria,6
2024-05-03,Nakuru District Hospital,Malaria,5
2024-05-04,Nakuru District Hospital,Malaria,8
2024-05-05,Nakuru District Hospital,Malaria,7
2024-05-06,Nakuru District Hospital,Malaria,8
2024-05-07,Nakuru District Hospital,Malaria,13
2024-05-08,Nakuru District Hospital,Malaria,7
2024-05-09,Nakuru District Hospital,Malaria,7
2024-05-10,Nakuru District Hospital,Malaria,11
2024-05-11,Nakuru District Hospital,Malaria,4
2024-05-12,Nakuru District Hospital,Malaria,3
2024-05-13,Nakuru District Hospital,Malaria,12
2024-05-14,Nakuru District Hospital,Malaria,8
2024-05-15,Nakuru District Hospital,Malaria,7
2024-05-16,Nakuru District Hospital,Malaria,8
2024-05-17,Nakuru District Hospital,Malaria,7
2024-05-18,Nakuru District Hospital,Malaria,4
2024-05-19,Nakuru District Hospital,Malaria,6
2024-05-20,Nakuru District Hospital,Malaria,9
2024-05-21,Nakuru District Hospital,Malaria,6
2024-05-22,Nakuru District Hospital,Malaria,6
2024-05-23,Nakuru District Hospital,Malaria,4
2024-05-24,Nakuru District Hospital,Malaria,7
2024-05-25,Nakuru District Hospital,Malaria,5
2024-05-26,Nakuru District Hospital,Malaria,5
2024-05-27,Nakuru District Hospital,Malaria,10
2024-05-28,Nakuru District Hospital,Malaria,5
2024-05-29,Nakuru District Hospital,Malaria,3
2024-05-30,Nakuru District Hospital,Malaria,8
2024-05-31,Nakuru District Hospital,Malaria,9
2024-06-01,Nakuru District Hospital,Malaria,2
2024-06-02,Nakuru District Hospital,Malaria,7
2024-06-03,Nakuru District Hospital,Malaria,3
2024-06-04,Nakuru District Hospital,Malaria,3
2024-06-05,Nakuru District Hospital,Malaria,5
2024-06-06,Nakuru District Hospital,Malaria,6
2024-06-07,Nakuru District Hospital,Malaria,2
2024-06-08,Nakuru District Hospital,Malaria,3
2024-06-09,Nakuru District Hospital,Malaria,6
2024-06-10,Nakuru District Hospital,Malaria,10
2024-06-11,Nakuru District Hospital,Malaria,6
2024-06-12,Nakuru District Hospital,Malaria,9
2024-06-13,Nakuru District Hospital,Malaria,12
2024-06-14,Nakuru District Hospital,Malaria,4
2024-06-15,Nakuru District Hospital,Malaria,3
2024-06-16,Nakuru District Hospital,Malaria,7
2024-06-17,Nakuru District Hospital,Malaria,3
2024-06-18,Nakuru District Hospital,Malaria,7
2024-06-19,Nakuru District Hospital,Malaria,13
2024-06-20,Nakuru District Hospital,Malaria,6
2024-06-21,Nakuru District Hospital,Malaria,7
2024-06-22,Nakuru District Hospital,Malaria,2
2024-06-23,Nakuru District Hospital,Malaria,5
2024-06-24,Nakuru District Hospital,Malaria,3
2024-06-25,Nakuru District Hospital,Malaria,6
2024-06-26,Nakuru District Hospital,Malaria,6
2024-06-27,Nakuru District Hospital,Malaria,2
2024-06-28,Nakuru District Hospital,Malaria,6
2024-06-29,Nakuru District Hospital,Malaria,9
2024-06-30,Nakuru District Hospital,Malaria,3
2024-07-01,Nakuru District Hospital,Malaria,3
2024-07-02,Nakuru District Hospital,Malaria,10
2024-07-03,Nakuru District Hospital,Malaria,4
2024-07-04,Nakuru District Hospital,Malaria,11
2024-07-05,Nakuru District Hospital,Malaria,3
2024-07-06,Nakuru District Hospital,Malaria,3
2024-07-07,Nakuru District Hospital,Malaria,1
2024-07-08,Nakuru District Hospital,Malaria,11
2024-07-09,Nakuru District Hospital,Malaria,4
2024-07-10,Nakuru District Hospital,Malaria,7
2024-07-11,Nakuru District Hospital,Malaria,6
2024-07-12,Nakuru District Hospital,Malaria,8
2024-07-13,Nakuru District Hospital,Malaria,9
2024-07-14,Nakuru District Hospital,Malaria,3
2024-07-15,Nakuru District Hospital,Malaria,4
2024-07-16,Nakuru District Hospital,Malaria,1
2024-07-17,Nakuru District Hospital,Malaria,3
2024-07-18,Nakuru District Hospital,Malaria,3
2024-07-19,Nakuru District Hospital,Malaria,5
2024-07-20,Nakuru District Hospital,Malaria,5
2024-07-21,Nakuru District Hospital,Malaria,6
2024-07-22,Nakuru District Hospital,Malaria,4
2024-07-23,Nakuru District Hospital,Malaria,8
2024-07-24,Nakuru District Hospital,Malaria,3
2024-07-25,Nakuru District Hospital,Malaria,4
2024-07-26,Nakuru District Hospital,Malaria,4
2024-07-27,Nakuru District Hospital,Malaria,2
2024-07-28,Nakuru District Hospital,Malaria,3
2024-07-29,Nakuru District Hospital,Malaria,4
2024-07-30,Nakuru District Hospital,Malaria,4
2024-07-31,Nakuru District Hospital,Malaria,3
2024-08-01,Nakuru District Hospital,Malaria,6
2024-08-02,Nakuru District Hospital,Malaria,3
2024-08-03,Nakuru District Hospital,Malaria,4
2024-08-04,Nakuru District Hospital,Malaria,6
2024-08-05,Nakuru District Hospital,Malaria,5
2024-08-06,Nakuru District Hospital,Malaria,4
2024-08-07,Nakuru District Hospital,Malaria,2
2024-08-08,Nakuru District Hospital,Malaria,1
2024-08-09,Nakuru District Hospital,Malaria,2
2024-08-10,Nakuru District Hospital,Malaria,3
2024-08-11,Nakuru District Hospital,Malaria,2
2024-08-12,Nakuru District Hospital,Malaria,4
2024-08-13,Nakuru District Hospital,Malaria,10
2024-08-14,Nakuru District Hospital,Malaria,3
2024-08-15,Nakuru District Hospital,Malaria,5
2024-08-16,Nakuru District Hospital,Malaria,5
2024-08-17,Nakuru District Hospital,Malaria,5
2024-08-18,Nakuru District Hospital,Malaria,3
2024-08-19,Nakuru District Hospital,Malaria,2
2024-08-20,Nakuru District Hospital,Malaria,4
2024-08-21,Nakuru District Hospital,Malaria,4
2024-08-22,Nakuru District Hospital,Malaria,5
2024-08-23,Nakuru District Hospital,Malaria,1
2024-08-24,Nakuru District Hospital,Malaria,6
2024-08-25,Nakuru District Hospital,Malaria,3
2024-08-26,Nakuru District Hospital,Malaria,6
2024-08-27,Nakuru District Hospital,Malaria,3
2024-08-28,Nakuru District Hospital,Malaria,3
2024-08-29,Nakuru District Hospital,Malaria,6
2024-08-30,Nakuru District Hospital,Malaria,5
2024-08-31,Nakuru District Hospital,Malaria,5
2024-09-01,Nakuru District Hospital,Malaria,5
2024-09-02,Nakuru District Hospital,Malaria,2
2024-09-03,Nakuru District Hospital,Malaria,2
2024-09-04,Nakuru District Hospital,Malaria,7
2024-09-05,Nakuru District Hospital,Malaria,7
2024-09-06,Nakuru District Hospital,Malaria,3
2024-09-07,Nakuru District Hospital,Malaria,5
2024-09-08,Nakuru District Hospital,Malaria,3
2024-09-09,Nakuru District Hospital,Malaria,3
2024-09-10,Nakuru District Hospital,Malaria,4
2024-09-11,Nakuru District Hospital,Malaria,1
2024-09-12,Nakuru District Hospital,Malaria,0
2024-09-13,Nakuru District Hospital,Malaria,2
2024-09-14,Nakuru District Hospital,Malaria,5
2024-09-15,Nakuru District Hospital,Malaria,6
2024-09-16,Nakuru District Hospital,Malaria,2
2024-09-17,Nakuru District Hospital,Malaria,3
2024-09-18,Nakuru District Hospital,Malaria,2
2024-09-19,Nakuru District Hospital,Malaria,5
2024-09-20,Nakuru District Hospital,Malaria,1
2024-09-21,Nakuru District Hospital,Malaria,6
2024-09-22,Nakuru District Hospital,Malaria,3
2024-09-23,Nakuru District Hospital,Malaria,6
2024-09-24,Nakuru District Hospital,Malaria,2
2024-09-25,Nakuru District Hospital,Malaria,5
2024-09-26,Nakuru District Hospital,Malaria,6
2024-09-27,Nakuru District Hospital,Malaria,2
2024-09-28,Nakuru District Hospital,Malaria,3
2024-09-29,Nakuru District Hospital,Malaria,2
2024-09-30,Nakuru District Hospital,Malaria,2
2024-10-01,Nakuru District Hospital,Malaria,2
2024-10-02,Nakuru District Hospital,Malaria,1
2024-10-03,Nakuru District Hospital,Malaria,2
2024-10-04,Nakuru District Hospital,Malaria,3
2024-10-05,Nakuru District Hospital,Malaria,4
2024-10-06,Nakuru District Hospital,Malaria,3
2024-10-07,Nakuru District Hospital,Malaria,6
2024-10-08,Nakuru District Hospital,Malaria,3
2024-10-09,Nakuru District Hospital,Malaria,2
2024-10-10,Nakuru District Hospital,Malaria,2
2024-10-11,Nakuru District Hospital,Malaria,4
2024-10-12,Nakuru District Hospital,Malaria,1
2024-10-13,Nakuru District Hospital,Malaria,0
2024-10-14,Nakuru District Hospital,Malaria,1
2024-10-15,Nakuru District Hospital,Malaria,4
2024-10-16,Nakuru District Hospital,Malaria,1
2024-10-17,Nakuru District Hospital,Malaria,2
2024-10-18,Nakuru District Hospital,Malaria,9
2024-10-19,Nakuru District Hospital,Malaria,0
2024-10-20,Nakuru District Hospital,Malaria,4
2024-10-21,Nakuru District Hospital,Malaria,2
2024-10-22,Nakuru District Hospital,Malaria,4
2024-10-23,Nakuru District Hospital,Malaria,1
2024-10-24,Nakuru District Hospital,Malaria,3
2024-10-25,Nakuru District Hospital,Malaria,5
2024-10-26,Nakuru District Hospital,Malaria,0
2024-10-27,Nakuru District Hospital,Malaria,5
2024-10-28,Nakuru District Hospital,Malaria,4
2024-10-29,Nakuru District Hospital,Malaria,1
2024-10-30,Nakuru District Hospital,Malaria,3
2024-10-31,Nakuru District Hospital,Malaria,1
2024-11-01,Nakuru District Hospital,Malaria,3
2024-11-02,Nakuru District Hospital,Malaria,1
2024-11-03,Nakuru District Hospital,Malaria,2
2024-11-04,Nakuru District Hospital,Malaria,3
2024-11-05,Nakuru District Hospital,Malaria,4
2024-11-06,Nakuru District Hospital,Malaria,1
2024-11-07,Nakuru District Hospital,Malaria,3
2024-11-08,Nakuru District Hospital,Malaria,0
2024-11-09,Nakuru District Hospital,Malaria,2
2024-11-10,Nakuru District Hospital,Malaria,4
2024-11-11,Nakuru District Hospital,Malaria,5
2024-11-12,Nakuru District Hospital,Malaria,2
2024-11-13,Nakuru District Hospital,Malaria,3
2024-11-14,Nakuru District Hospital,Malaria,4
2024-11-15,Nakuru District Hospital,Malaria,2
2024-11-16,Nakuru District Hospital,Malaria,1
2024-11-17,Nakuru District Hospital,Malaria,2
2024-11-18,Nakuru District Hospital,Malaria,1
2024-11-19,Nakuru District Hospital,Malaria,3
2024-11-20,Nakuru District Hospital,Malaria,4
2024-11-21,Nakuru District Hospital,Malaria,1
2024-11-22,Nakuru District Hospital,Malaria,3
2024-11-23,Nakuru District Hospital,Malaria,3
2024-11-24,Nakuru District Hospital,Malaria,2
2024-11-25,Nakuru District Hospital,Malaria,4
2024-11-26,Nakuru District Hospital,Malaria,1
2024-11-27,Nakuru District Hospital,Malaria,2
2024-11-28,Nakuru District Hospital,Malaria,0
2024-11-29,Nakuru District Hospital,Malaria,2
2024-11-30,Nakuru District Hospital,Malaria,1
2024-12-01,Nakuru District Hospital,Malaria,5
2024-12-02,Nakuru District Hospital,Malaria,3
2024-12-03,Nakuru District Hospital,Malaria,3
2024-12-04,Nakuru District Hospital,Malaria,1
2024-12-05,Nakuru District Hospital,Malaria,0
2024-12-06,Nakuru District Hospital,Malaria,2
2024-12-07,Nakuru District Hospital,Malaria,3
2024-12-08,Nakuru District Hospital,Malaria,3
2024-12-09,Nakuru District Hospital,Malaria,2
2024-12-10,Nakuru District Hospital,Malaria,3
2024-12-11,Nakuru District Hospital,Malaria,2
2024-12-12,Nakuru District Hospital,Malaria,1
2024-12-13,Nakuru District Hospital,Malaria,5
2024-12-14,Nakuru District Hospital,Malaria,3
2024-12-15,Nakuru District Hospital,Malaria,4
2024-12-16,Nakuru District Hospital,Malaria,1
2024-12-17,Nakuru District Hospital,Malaria,4
2024-12-18,Nakuru District Hospital,Malaria,3
2024-12-19,Nakuru District Hospital,Malaria,1
2024-12-20,Nakuru District Hospital,Malaria,7
2024-12-21,Nakuru District Hospital,Malaria,2
2024-12-22,Nakuru District Hospital,Malaria,0
2024-12-23,Nakuru District Hospital,Malaria,2
2024-12-24,Nakuru District Hospital,Malaria,0
2024-12-25,Nakuru District Hospital,Malaria,2
2024-12-26,Nakuru District Hospital,Malaria,2
2024-12-27,Nakuru District Hospital,Malaria,0
2024-12-28,Nakuru District Hospital,Malaria,2
2024-12-29,Nakuru District Hospital,Malaria,1
2024-12-30,Nakuru District Hospital,Malaria,1
2024-12-31,Nakuru District Hospital,Malaria,3
2025-01-01,Nakuru District Hospital,Malaria,3
2025-01-02,Nakuru District Hospital,Malaria,2
2025-01-03,Nakuru District Hospital,Malaria,1
2025-01-04,Nakuru District Hospital,Malaria,1
2025-01-05,Nakuru District Hospital,Malaria,0
2025-01-06,Nakuru District Hospital,Malaria,2
2025-01-07,Nakuru District Hospital,Malaria,0
2025-01-08,Nakuru District Hospital,Malaria,2
2025-01-09,Nakuru District Hospital,Malaria,2
2025-01-10,Nakuru District Hospital,Malaria,3
2025-01-11,Nakuru District Hospital,Malaria,5
2025-01-12,Nakuru District Hospital,Malaria,3
2025-01-13,Nakuru District Hospital,Malaria,1
2025-01-14,Nakuru District Hospital,Malaria,2
2025-01-15,Nakuru District Hospital,Malaria,1
2025-01-16,Nakuru District Hospital,Malaria,3
2025-01-17,Nakuru District Hospital,Malaria,4
2025-01-18,Nakuru District Hospital,Malaria,4
2025-01-19,Nakuru District Hospital,Malaria,3
2025-01-20,Nakuru District Hospital,Malaria,2
2025-01-21,Nakuru District Hospital,Malaria,1
2025-01-22,Nakuru District Hospital,Malaria,3
2025-01-23,Nakuru District Hospital,Malaria,3
2025-01-24,Nakuru District Hospital,Malaria,2
2025-01-25,Nakuru District Hospital,Malaria,6
2025-01-26,Nakuru District Hospital,Malaria,4
2025-01-27,Nakuru District Hospital,Malaria,2
2025-01-28,Nakuru District Hospital,Malaria,4
2025-01-29,Nakuru District Hospital,Malaria,1
2025-01-30,Nakuru District Hospital,Malaria,3
2025-01-31,Nakuru District Hospital,Malaria,1
2025-02-01,Nakuru District Hospital,Malaria,0
2025-02-02,Nakuru District Hospital,Malaria,3
2025-02-03,Nakuru District Hospital,Malaria,4
2025-02-04,Nakuru District Hospital,Malaria,3
2025-02-05,Nakuru District Hospital,Malaria,2
2025-02-06,Nakuru District Hospital,Malaria,5
2025-02-07,Nakuru District Hospital,Malaria,1
2025-02-08,Nakuru District Hospital,Malaria,1
2025-02-09,Nakuru District Hospital,Malaria,3
2025-02-10,Nakuru District Hospital,Malaria,2
2025-02-11,Nakuru District Hospital,Malaria,4
2025-02-12,Nakuru District Hospital,Malaria,4
2025-02-13,Nakuru District Hospital,Malaria,2
2025-02-14,Nakuru District Hospital,Malaria,4
2025-02-15,Nakuru District Hospital,Malaria,3
2025-02-16,Nakuru District Hospital,Malaria,2
2025-02-17,Nakuru District Hospital,Malaria,4
2025-02-18,Nakuru District Hospital,Malaria,6
2025-02-19,Nakuru District Hospital,Malaria,5
2025-02-20,Nakuru District Hospital,Malaria,0
2025-02-21,Nakuru District Hospital,Malaria,8
2025-02-22,Nakuru District Hospital,Malaria,2
2025-02-23,Nakuru District Hospital,Malaria,5
2025-02-24,Nakuru District Hospital,Malaria,3
2025-02-25,Nakuru District Hospital,Malaria,7
2025-02-26,Nakuru District Hospital,Malaria,7
2025-02-27,Nakuru District Hospital,Malaria,4
2025-02-28,Nakuru District Hospital,Malaria,2
2025-03-01,Nakuru District Hospital,Malaria,2
2025-03-02,Nakuru District Hospital,Malaria,3
2025-03-03,Nakuru District Hospital,Malaria,7
2025-03-04,Nakuru District Hospital,Malaria,2
2025-03-05,Nakuru District Hospital,Malaria,7
2025-03-06,Nakuru District Hospital,Malaria,1
2025-03-07,Nakuru District Hospital,Malaria,3
2025-03-08,Nakuru District Hospital,Malaria,1
2025-03-09,Nakuru District Hospital,Malaria,2
2025-03-10,Nakuru District Hospital,Malaria,8
2025-03-11,Nakuru District Hospital,Malaria,4
2025-03-12,Nakuru District Hospital,Malaria,4
2025-03-13,Nakuru District Hospital,Malaria,5
2025-03-14,Nakuru District Hospital,Malaria,7
2025-03-15,Nakuru District Hospital,Malaria,5
2025-03-16,Nakuru District Hospital,Malaria,2
2025-03-17,Nakuru District Hospital,Malaria,4
2025-03-18,Nakuru District Hospital,Malaria,6
2025-03-19,Nakuru District Hospital,Malaria,3
2025-03-20,Nakuru District Hospital,Malaria,5
2025-03-21,Nakuru District Hospital,Malaria,1
2025-03-22,Nakuru District Hospital,Malaria,1
2025-03-23,Nakuru District Hospital,Malaria,4
2025-03-24,Nakuru District Hospital,Malaria,4
2025-03-25,Nakuru District Hospital,Malaria,7
2025-03-26,Nakuru District Hospital,Malaria,3
2025-03-27,Nakuru District Hospital,Malaria,3
2025-03-28,Nakuru District Hospital,Malaria,5
2025-03-29,Nakuru District Hospital,Malaria,6
2025-03-30,Nakuru District Hospital,Malaria,2
2025-03-31,Nakuru District Hospital,Malaria,7
2025-04-01,Nakuru District Hospital,Malaria,4
2025-04-02,Nakuru District Hospital,Malaria,7
2025-04-03,Nakuru District Hospital,Malaria,4
2025-04-04,Nakuru District Hospital,Malaria,4
2025-04-05,Nakuru District Hospital,Malaria,3
2025-04-06,Nakuru District Hospital,Malaria,3
2025-04-07,Nakuru District Hospital,Malaria,7
2025-04-08,Nakuru District Hospital,Malaria,8
2025-04-09,Nakuru District Hospital,Malaria,2
2025-04-10,Nakuru District Hospital,Malaria,6
2025-04-11,Nakuru District Hospital,Malaria,2
2025-04-12,Nakuru District Hospital,Malaria,3
2025-04-13,Nakuru District Hospital,Malaria,5
2025-04-14,Nakuru District Hospital,Malaria,7
2025-04-15,Nakuru District Hospital,Malaria,7
2025-04-16,Nakuru District Hospital,Malaria,5
2025-04-17,Nakuru District Hospital,Malaria,5
2025-04-18,Nakuru District Hospital,Malaria,3
2025-04-19,Nakuru District Hospital,Malaria,4
2025-04-20,Nakuru District Hospital,Malaria,8
2025-04-21,Nakuru District Hospital,Malaria,10
2025-04-22,Nakuru District Hospital,Malaria,5
2025-04-23,Nakuru District Hospital,Malaria,7
2025-04-24,Nakuru District Hospital,Malaria,6
2025-04-25,Nakuru District Hospital,Malaria,7
2025-04-26,Nakuru District Hospital,Malaria,3
2025-04-27,Nakuru District Hospital,Malaria,3
2025-04-28,Nakuru District Hospital,Malaria,8
2025-04-29,Nakuru District Hospital,Malaria,8
2025-04-30,Nakuru District Hospital,Malaria,9
2025-05-01,Nakuru District Hospital,Malaria,6
2025-05-02,Nakuru District Hospital,Malaria,5
2025-05-03,Nakuru District Hospital,Malaria,6
2025-05-04,Nakuru District Hospital,Malaria,3
2025-05-05,Nakuru District Hospital,Malaria,7
2025-05-06,Nakuru District Hospital,Malaria,6
2025-05-07,Nakuru District Hospital,Malaria,6
2025-05-08,Nakuru District Hospital,Malaria,8
2025-05-09,Nakuru District Hospital,Malaria,8
2025-05-10,Nakuru District Hospital,Malaria,1
2025-05-11,Nakuru District Hospital,Malaria,8
2025-05-12,Nakuru District Hospital,Malaria,5
2025-05-13,Nakuru District Hospital,Malaria,11
2025-05-14,Nakuru District Hospital,Malaria,6
2025-05-15,Nakuru District Hospital,Malaria,6
2025-05-16,Nakuru District Hospital,Malaria,4
2025-05-17,Nakuru District Hospital,Malaria,6
2025-05-18,Nakuru District Hospital,Malaria,7
2025-05-19,Nakuru District Hospital,Malaria,5
2025-05-20,Nakuru District Hospital,Malaria,10
2025-05-21,Nakuru District Hospital,Malaria,8
2025-05-22,Nakuru District Hospital,Malaria,5
2025-05-23,Nakuru District Hospital,Malaria,2
2025-05-24,Nakuru District Hospital,Malaria,8
2025-05-25,Nakuru District Hospital,Malaria,6
2025-05-26,Nakuru District Hospital,Malaria,6
2025-05-27,Nakuru District Hospital,Malaria,6
2025-05-28,Nakuru District Hospital,Malaria,8
2025-05-29,Nakuru District Hospital,Malaria,7
2025-05-30,Nakuru District Hospital,Malaria,8
2025-05-31,Nakuru District Hospital,Malaria,8
2025-06-01,Nakuru District Hospital,Malaria,10
2025-06-02,Nakuru District Hospital,Malaria,8
2025-06-03,Nakuru District Hospital,Malaria,9
2025-06-04,Nakuru District Hospital,Malaria,8
2025-06-05,Nakuru District Hospital,Malaria,4
2025-06-06,Nakuru District Hospital,Malaria,13
2025-06-07,Nakuru District Hospital,Malaria,5
2025-06-08,Nakuru District Hospital,Malaria,2
2025-06-09,Nakuru District Hospital,Malaria,7
2025-06-10,Nakuru District Hospital,Malaria,8
2025-06-11,Nakuru District Hospital,Malaria,2
2025-06-12,Nakuru District Hospital,Malaria,9
2025-06-13,Nakuru District Hospital,Malaria,7
2025-06-14,Nakuru District Hospital,Malaria,5
2025-06-15,Nakuru District Hospital,Malaria,3
2025-06-16,Nakuru District Hospital,Malaria,9
2025-06-17,Nakuru District Hospital,Malaria,9
2025-06-18,Nakuru District Hospital,Malaria,9
2025-06-19,Nakuru District Hospital,Malaria,4
2025-06-20,Nakuru District Hospital,Malaria,4
2025-06-21,Nakuru District Hospital,Malaria,7
2025-06-22,Nakuru District Hospital,Malaria,6
2025-06-23,Nakuru District Hospital,Malaria,6
2025-06-24,Nakuru District Hospital,Malaria,9
2025-06-25,Nakuru District Hospital,Malaria,2
2025-06-26,Nakuru District Hospital,Malaria,3
2025-06-27,Nakuru District Hospital,Malaria,9
2025-06-28,Nakuru District Hospital,Malaria,6
2025-06-29,Nakuru District Hospital,Malaria,2
2025-06-30,Nakuru District Hospital,Malaria,3
2025-07-01,Nakuru District Hospital,Malaria,7
2025-07-02,Nakuru District Hospital,Malaria,4
2025-07-03,Nakuru District Hospital,Malaria,3
2025-07-04,Nakuru District Hospital,Malaria,5
2025-07-05,Nakuru District Hospital,Malaria,2
2025-07-06,Nakuru District Hospital,Malaria,3
2025-07-07,Nakuru District Hospital,Malaria,6
2025-07-08,Nakuru District Hospital,Malaria,7
2025-07-09,Nakuru District Hospital,Malaria,10
2025-07-10,Nakuru District Hospital,Malaria,3
2025-07-11,Nakuru District Hospital,Malaria,5
2025-07-12,Nakuru District Hospital,Malaria,5
2025-07-13,Nakuru District Hospital,Malaria,4
2025-07-14,Nakuru District Hospital,Malaria,8
2025-07-15,Nakuru District Hospital,Malaria,10
2025-07-16,Nakuru District Hospital,Malaria,2
2025-07-17,Nakuru District Hospital,Malaria,8
2025-07-18,Nakuru District Hospital,Malaria,6
2025-07-19,Nakuru District Hospital,Malaria,9
2025-07-20,Nakuru District Hospital,Malaria,0
2025-07-21,Nakuru District Hospital,Malaria,6
2025-07-22,Nakuru District Hospital,Malaria,7
2025-07-23,Nakuru District Hospital,Malaria,6
2025-07-24,Nakuru District Hospital,Malaria,4
2025-07-25,Nakuru District Hospital,Malaria,2
2025-07-26,Nakuru District Hospital,Malaria,6
2025-07-27,Nakuru District Hospital,Malaria,5
2025-07-28,Nakuru District Hospital,Malaria,5
2025-07-29,Nakuru District Hospital,Malaria,10
2025-07-30,Nakuru District Hospital,Malaria,6
2025-07-31,Nakuru District Hospital,Malaria,3
2025-08-01,Nakuru District Hospital,Malaria,3
2025-08-02,Nakuru District Hospital,Malaria,5
2025-08-03,Nakuru District Hospital,Malaria,3
2025-08-04,Nakuru District Hospital,Malaria,5
2025-08-05,Nakuru District Hospital,Malaria,5
2025-08-06,Nakuru District Hospital,Malaria,3
2025-08-07,Nakuru District Hospital,Malaria,6
2025-08-08,Nakuru District Hospital,Malaria,4
2025-08-09,Nakuru District Hospital,Malaria,1
2025-08-10,Nakuru District Hospital,Malaria,3
2025-08-11,Nakuru District Hospital,Malaria,4
2025-08-12,Nakuru District Hospital,Malaria,5
2025-08-13,Nakuru District Hospital,Malaria,3
2025-08-14,Nakuru District Hospital,Malaria,5
2025-08-15,Nakuru District Hospital,Malaria,7
2025-08-16,Nakuru District Hospital,Malaria,3
2025-08-17,Nakuru District Hospital,Malaria,5
2025-08-18,Nakuru District Hospital,Malaria,2
2025-08-19,Nakuru District Hospital,Malaria,2
2025-08-20,Nakuru District Hospital,Malaria,5
2025-08-21,Nakuru District Hospital,Malaria,1
2025-08-22,Nakuru District Hospital,Malaria,2
2025-08-23,Nakuru District Hospital,Malaria,6
2025-08-24,Nakuru District Hospital,Malaria,3
2025-08-25,Nakuru District Hospital,Malaria,6
2025-08-26,Nakuru District Hospital,Malaria,3
2025-08-27,Nakuru District Hospital,Malaria,4
2025-08-28,Nakuru District Hospital,Malaria,3
2025-08-29,Nakuru District Hospital,Malaria,5
2025-08-30,Nakuru District Hospital,Malaria,7
2025-08-31,Nakuru District Hospital,Malaria,6
2025-09-01,Nakuru District Hospital,Malaria,3
2025-09-02,Nakuru District Hospital,Malaria,5
2025-09-03,Nakuru District Hospital,Malaria,1
2025-09-04,Nakuru District Hospital,Malaria,2
2025-09-05,Nakuru District Hospital,Malaria,4
2025-09-06,Nakuru District Hospital,Malaria,2
2025-09-07,Nakuru District Hospital,Malaria,5
2025-09-08,Nakuru District Hospital,Malaria,4
2025-09-09,Nakuru District Hospital,Malaria,0
2025-09-10,Nakuru District Hospital,Malaria,4
2025-09-11,Nakuru District Hospital,Malaria,3
2025-09-12,Nakuru District Hospital,Malaria,6
2025-09-13,Nakuru District Hospital,Malaria,2
2025-09-14,Nakuru District Hospital,Malaria,5
2025-09-15,Nakuru District Hospital,Malaria,3
2025-09-16,Nakuru District Hospital,Malaria,4
2025-09-17,Nakuru District Hospital,Malaria,4
2025-09-18,Nakuru District Hospital,Malaria,5
2025-09-19,Nakuru District Hospital,Malaria,3
2025-09-20,Nakuru District Hospital,Malaria,3
2025-09-21,Nakuru District Hospital,Malaria,3
2025-09-22,Nakuru District Hospital,Malaria,5
2025-09-23,Nakuru District Hospital,Malaria,9
2025-09-24,Nakuru District Hospital,Malaria,2
2025-09-25,Nakuru District Hospital,Malaria,4
2025-09-26,Nakuru District Hospital,Malaria,3
2025-09-27,Nakuru District Hospital,Malaria,2
2025-09-28,Nakuru District Hospital,Malaria,0
2025-09-29,Nakuru District Hospital,Malaria,3
2025-09-30,Nakuru District Hospital,Malaria,6
2025-10-01,Nakuru District Hospital,Malaria,3
2025-10-02,Nakuru District Hospital,Malaria,2
2025-10-03,Nakuru District Hospital,Malaria,2
2025-10-04,Nakuru District Hospital,Malaria,2
2025-10-05,Nakuru District Hospital,Malaria,2
2025-10-06,Nakuru District Hospital,Malaria,3
2025-10-07,Nakuru District Hospital,Malaria,3
2025-10-08,Nakuru District Hospital,Malaria,2
2025-10-09,Nakuru District Hospital,Malaria,5
2025-10-10,Nakuru District Hospital,Malaria,2
2025-10-11,Nakuru District Hospital,Malaria,1
2025-10-12,Nakuru District Hospital,Malaria,2
2025-10-13,Nakuru District Hospital,Malaria,2
2025-10-14,Nakuru District Hospital,Malaria,4
2025-10-15,Nakuru District Hospital,Malaria,4
2025-10-16,Nakuru District Hospital,Malaria,1
2025-10-17,Nakuru District Hospital,Malaria,1
2025-10-18,Nakuru District Hospital,Malaria,4
2025-10-19,Nakuru District Hospital,Malaria,0
2025-10-20,Nakuru District Hospital,Malaria,3
2025-10-21,Nakuru District Hospital,Malaria,3
2025-10-22,Nakuru District Hospital,Malaria,0
2025-10-23,Nakuru District Hospital,Malaria,1
2025-10-24,Nakuru District Hospital,Malaria,1
2025-10-25,Nakuru District Hospital,Malaria,2
2025-10-26,Nakuru District Hospital,Malaria,1
2025-10-27,Nakuru District Hospital,Malaria,3
2025-10-28,Nakuru District Hospital,Malaria,0
2025-10-29,Nakuru District Hospital,Malaria,1
2025-10-30,Nakuru District Hospital,Malaria,3
2025-10-31,Nakuru District Hospital,Malaria,3
2025-11-01,Nakuru District Hospital,Malaria,1
2025-11-02,Nakuru District Hospital,Malaria,3
2025-11-03,Nakuru District Hospital,Malaria,4
2025-11-04,Nakuru District Hospital,Malaria,3
2025-11-05,Nakuru District Hospital,Malaria,5
2025-11-06,Nakuru District Hospital,Malaria,4
2025-11-07,Nakuru District Hospital,Malaria,5
2025-11-08,Nakuru District Hospital,Malaria,5
2025-11-09,Nakuru District Hospital,Malaria,4
2025-11-10,Nakuru District Hospital,Malaria,8
2025-11-11,Nakuru District Hospital,Malaria,9
2025-11-12,Nakuru District Hospital,Malaria,7
2025-11-13,Nakuru District Hospital,Malaria,9
2025-11-14,Nakuru District Hospital,Malaria,7
2025-11-15,Nakuru District Hospital,Malaria,5
2025-11-16,Nakuru District Hospital,Malaria,8
2025-11-17,Nakuru District Hospital,Malaria,6
2025-11-18,Nakuru District Hospital,Malaria,13
2025-11-19,Nakuru District Hospital,Malaria,4
2025-11-20,Nakuru District Hospital,Malaria,6
2025-11-21,Nakuru District Hospital,Malaria,8
2025-11-22,Nakuru District Hospital,Malaria,2
2025-11-23,Nakuru District Hospital,Malaria,1
2025-11-24,Nakuru District Hospital,Malaria,2
2025-11-25,Nakuru District Hospital,Malaria,0
2025-11-26,Nakuru District Hospital,Malaria,1
2025-11-27,Nakuru District Hospital,Malaria,1
2025-11-28,Nakuru District Hospital,Malaria,2
2025-11-29,Nakuru District Hospital,Malaria,1
2025-11-30,Nakuru District Hospital,Malaria,2
2025-12-01,Nakuru District Hospital,Malaria,3
2025-12-02,Nakuru District Hospital,Malaria,2
2025-12-03,Nakuru District Hospital,Malaria,1
2025-12-04,Nakuru District Hospital,Malaria,3
2025-12-05,Nakuru District Hospital,Malaria,0
2025-12-06,Nakuru District Hospital,Malaria,4
2025-12-07,Nakuru District Hospital,Malaria,0
2025-12-08,Nakuru District Hospital,Malaria,1
2025-12-09,Nakuru District Hospital,Malaria,0
2025-12-10,Nakuru District Hospital,Malaria,2
2025-12-11,Nakuru District Hospital,Malaria,3
2025-12-12,Nakuru District Hospital,Malaria,3
2025-12-13,Nakuru District Hospital,Malaria,2
2025-12-14,Nakuru District Hospital,Malaria,0
2025-12-15,Nakuru District Hospital,Malaria,3
2025-12-16,Nakuru District Hospital,Malaria,1
2025-12-17,Nakuru District Hospital,Malaria,3
2025-12-18,Nakuru District Hospital,Malaria,1
2025-12-19,Nakuru District Hospital,Malaria,2
2025-12-20,Nakuru District Hospital,Malaria,2
2025-12-21,Nakuru District Hospital,Malaria,1
2025-12-22,Nakuru District Hospital,Malaria,1
2025-12-23,Nakuru District Hospital,Malaria,2
2025-12-24,Nakuru District Hospital,Malaria,1
2025-12-25,Nakuru District Hospital,Malaria,5
2025-12-26,Nakuru District Hospital,Malaria,2
2025-12-27,Nakuru District Hospital,Malaria,3
2025-12-28,Nakuru District Hospital,Malaria,2
2025-12-29,Nakuru District Hospital,Malaria,3
2025-12-30,Nakuru District Hospital,Malaria,6
2025-12-31,Nakuru District Hospital,Malaria,2
2026-01-01,Nakuru District Hospital,Malaria,3
2026-01-02,Nakuru District Hospital,Malaria,3
2026-01-03,Nakuru District Hospital,Malaria,3
2026-01-04,Nakuru District Hospital,Malaria,2
2026-01-05,Nakuru District Hospital,Malaria,4
2026-01-06,Nakuru District Hospital,Malaria,2
2026-01-07,Nakuru District Hospital,Malaria,2
2026-01-08,Nakuru District Hospital,Malaria,1
2026-01-09,Nakuru District Hospital,Malaria,1
2026-01-10,Nakuru District Hospital,Malaria,4
2026-01-11,Nakuru District Hospital,Malaria,4
2026-01-12,Nakuru District Hospital,Malaria,3
2026-01-13,Nakuru District Hospital,Malaria,2
2026-01-14,Nakuru District Hospital,Malaria,2
2026-01-15,Nakuru District Hospital,Malaria,3
2026-01-16,Nakuru District Hospital,Malaria,2
2026-01-17,Nakuru District Hospital,Malaria,2
2026-01-18,Nakuru District Hospital,Malaria,5
2026-01-19,Nakuru District Hospital,Malaria,1
2026-01-20,Nakuru District Hospital,Malaria,3
2026-01-21,Nakuru District Hospital,Malaria,5
2026-01-22,Nakuru District Hospital,Malaria,2
2026-01-23,Nakuru District Hospital,Malaria,7
2026-01-24,Nakuru District Hospital,Malaria,1
2026-01-25,Nakuru District Hospital,Malaria,1
2026-01-26,Nakuru District Hospital,Malaria,1
2026-01-27,Nakuru District Hospital,Malaria,2
2026-01-28,Nakuru District Hospital,Malaria,5
2026-01-29,Nakuru District Hospital,Malaria,9
2026-01-30,Nakuru District Hospital,Malaria,2
2026-01-31,Nakuru District Hospital,Malaria,2
2026-02-01,Nakuru District Hospital,Malaria,6
2026-02-02,Nakuru District Hospital,Malaria,1
2026-02-03,Nakuru District Hospital,Malaria,4
2026-02-04,Nakuru District Hospital,Malaria,5
2026-02-05,Nakuru District Hospital,Malaria,3
2026-02-06,Nakuru District Hospital,Malaria,2
2026-02-07,Nakuru District Hospital,Malaria,1
2026-02-08,Nakuru District Hospital,Malaria,2
2026-02-09,Nakuru District Hospital,Malaria,7
2026-02-10,Nakuru District Hospital,Malaria,5
2026-02-11,Nakuru District Hospital,Malaria,4
2026-02-12,Nakuru District Hospital,Malaria,2
2026-02-13,Nakuru District Hospital,Malaria,7
2026-02-14,Nakuru District Hospital,Malaria,2
2026-02-15,Nakuru District Hospital,Malaria,3
2026-02-16,Nakuru District Hospital,Malaria,3
2026-02-17,Nakuru District Hospital,Malaria,8
2026-02-18,Nakuru District Hospital,Malaria,6
2026-02-19,Nakuru District Hospital,Malaria,4
2026-02-20,Nakuru District Hospital,Malaria,7
2026-02-21,Nakuru District Hospital,Malaria,3
2026-02-22,Nakuru District Hospital,Malaria,4
2026-02-23,Nakuru District Hospital,Malaria,2
2026-02-24,Nakuru District Hospital,Malaria,8
2026-02-25,Nakuru District Hospital,Malaria,2
2026-02-26,Nakuru District Hospital,Malaria,5
2026-02-27,Nakuru District Hospital,Malaria,2
2026-02-28,Nakuru District Hospital,Malaria,4
2026-03-01,Nakuru District Hospital,Malaria,2
2026-03-02,Nakuru District Hospital,Malaria,9
2026-03-03,Nakuru District Hospital,Malaria,5
2026-03-04,Nakuru District Hospital,Malaria,3
2026-03-05,Nakuru District Hospital,Malaria,2
2026-03-06,Nakuru District Hospital,Malaria,6
2026-03-07,Nakuru District Hospital,Malaria,3
2026-03-08,Nakuru District Hospital,Malaria,2
2026-03-09,Nakuru District Hospital,Malaria,5
2026-03-10,Nakuru District Hospital,Malaria,4
2026-03-11,Nakuru District Hospital,Malaria,3
2026-03-12,Nakuru District Hospital,Malaria,3
2026-03-13,Nakuru District Hospital,Malaria,9
2026-03-14,Nakuru District Hospital,Malaria,7
2026-03-15,Nakuru District Hospital,Malaria,6
2026-03-16,Nakuru District Hospital,Malaria,5
2026-03-17,Nakuru District Hospital,Malaria,8
2026-03-18,Nakuru District Hospital,Malaria,12
2026-03-19,Nakuru District Hospital,Malaria,3
2026-03-20,Nakuru District Hospital,Malaria,3
2026-03-21,Nakuru District Hospital,Malaria,5
2026-03-22,Nakuru District Hospital,Malaria,6
2026-03-23,Nakuru District Hospital,Malaria,6
2026-03-24,Nakuru District Hospital,Malaria,3
2026-03-25,Nakuru District Hospital,Malaria,1
2026-03-26,Nakuru District Hospital,Malaria,5
2026-03-27,Nakuru District Hospital,Malaria,7
2026-03-28,Nakuru District Hospital,Malaria,5
2026-03-29,Nakuru District Hospital,Malaria,5
2026-03-30,Nakuru District Hospital,Malaria,9
2026-03-31,Nakuru District Hospital,Malaria,2
2026-04-01,Nakuru District Hospital,Malaria,9
2026-04-02,Nakuru District Hospital,Malaria,8
2026-04-03,Nakuru District Hospital,Malaria,5
2026-04-04,Nakuru District Hospital,Malaria,6
2026-04-05,Nakuru District Hospital,Malaria,2
2026-04-06,Nakuru District Hospital,Malaria,8
2026-04-07,Nakuru District Hospital,Malaria,8
2026-04-08,Nakuru District Hospital,Malaria,8
2026-04-09,Nakuru District Hospital,Malaria,2
2026-04-10,Nakuru District Hospital,Malaria,8
2026-04-11,Nakuru District Hospital,Malaria,7
2026-04-12,Nakuru District Hospital,Malaria,2
2026-04-13,Nakuru District Hospital,Malaria,4
2026-04-14,Nakuru District Hospital,Malaria,2
2026-04-15,Nakuru District Hospital,Malaria,4
2026-04-16,Nakuru District Hospital,Malaria,9
2026-04-17,Nakuru District Hospital,Malaria,5
2026-04-18,Nakuru District Hospital,Malaria,4
2026-04-19,Nakuru District Hospital,Malaria,5
2026-04-20,Nakuru District Hospital,Malaria,12
2026-04-21,Nakuru District Hospital,Malaria,4
2026-04-22,Nakuru District Hospital,Malaria,8
2026-04-23,Nakuru District Hospital,Malaria,12
2026-04-24,Nakuru District Hospital,Malaria,7
2026-04-25,Nakuru District Hospital,Malaria,5
2026-04-26,Nakuru District Hospital,Malaria,4
2026-04-27,Nakuru District Hospital,Malaria,4
2026-04-28,Nakuru District Hospital,Malaria,5
2026-04-29,Nakuru District Hospital,Malaria,6
2026-04-30,Nakuru District Hospital,Malaria,5
2026-05-01,Nakuru District Hospital,Malaria,3
2026-05-02,Nakuru District Hospital,Malaria,5
2026-05-03,Nakuru District Hospital,Malaria,7
2026-05-04,Nakuru District Hospital,Malaria,9
2026-05-05,Nakuru District Hospital,Malaria,5
2026-05-06,Nakuru District Hospital,Malaria,7
2026-05-07,Nakuru District Hospital,Malaria,5
2026-05-08,Nakuru District Hospital,Malaria,10
2026-05-09,Nakuru District Hospital,Malaria,4
2026-05-10,Nakuru District Hospital,Malaria,4
2026-05-11,Nakuru District Hospital,Malaria,8
2026-05-12,Nakuru District Hospital,Malaria,4
2026-05-13,Nakuru District Hospital,Malaria,10
2026-05-14,Nakuru District Hospital,Malaria,6
2026-05-15,Nakuru District Hospital,Malaria,7
2026-05-16,Nakuru District Hospital,Malaria,3
2026-05-17,Nakuru District Hospital,Malaria,2
2026-05-18,Nakuru District Hospital,Malaria,12
2026-05-19,Nakuru District Hospital,Malaria,5
2026-05-20,Nakuru District Hospital,Malaria,4
2026-05-21,Nakuru District Hospital,Malaria,10
2026-05-22,Nakuru District Hospital,Malaria,6
2026-05-23,Nakuru District Hospital,Malaria,4
2026-05-24,Nakuru District Hospital,Malaria,9
2026-05-25,Nakuru District Hospital,Malaria,8
2026-05-26,Nakuru District Hospital,Malaria,2
2026-05-27,Nakuru District Hospital,Malaria,5
2026-05-28,Nakuru District Hospital,Malaria,9
2026-05-29,Nakuru District Hospital,Malaria,4
2026-05-30,Nakuru District Hospital,Malaria,6
2026-05-31,Nakuru District Hospital,Malaria,3
2026-06-01,Nakuru District Hospital,Malaria,10
2026-06-02,Nakuru District Hospital,Malaria,8
2026-06-03,Nakuru District Hospital,Malaria,8
2026-06-04,Nakuru District Hospital,Malaria,5
2026-06-05,Nakuru District Hospital,Malaria,11
2026-06-06,Nakuru District Hospital,Malaria,5
2026-06-07,Nakuru District Hospital,Malaria,3
2026-06-08,Nakuru District Hospital,Malaria,6
2026-06-09,Nakuru District Hospital,Malaria,6
2026-06-10,Nakuru District Hospital,Malaria,7
2026-06-11,Nakuru District Hospital,Malaria,8
2026-06-12,Nakuru District Hospital,Malaria,7
2026-06-13,Nakuru District Hospital,Malaria,9
2026-06-14,Nakuru District Hospital,Malaria,7
2026-06-15,Nakuru District Hospital,Malaria,7
2026-06-16,Nakuru District Hospital,Malaria,7
2026-06-17,Nakuru District Hospital,Malaria,3
2026-06-18,Nakuru District Hospital,Malaria,8
2026-06-19,Nakuru District Hospital,Malaria,5
2026-06-20,Nakuru District Hospital,Malaria,5
2026-06-21,Nakuru District Hospital,Malaria,3
2026-06-22,Nakuru District Hospital,Malaria,6
2026-06-23,Nakuru District Hospital,Malaria,5
2026-06-24,Nakuru District Hospital,Malaria,5
2026-06-25,Nakuru District Hospital,Malaria,5
2026-06-26,Nakuru District Hospital,Malaria,10
2026-06-27,Nakuru District Hospital,Malaria,6
2026-06-28,Nakuru District Hospital,Malaria,6
2026-06-29,Nakuru District Hospital,Malaria,6
2026-06-30,Nakuru District Hospital,Malaria,6
2026-07-01,Nakuru District Hospital,Malaria,11
2026-07-02,Nakuru District Hospital,Malaria,3
2026-07-03,Nakuru District Hospital,Malaria,3
2026-07-04,Nakuru District Hospital,Malaria,6
2026-07-05,Nakuru District Hospital,Malaria,3
2026-07-06,Nakuru District Hospital,Malaria,3
2026-07-07,Nakuru District Hospital,Malaria,0
2026-07-08,Nakuru District Hospital,Malaria,8
2026-07-09,Nakuru District Hospital,Malaria,8
2026-07-10,Nakuru District Hospital,Malaria,8
2026-07-11,Nakuru District Hospital,Malaria,5
2026-07-12,Nakuru District Hospital,Malaria,4
2026-07-13,Nakuru District Hospital,Malaria,9
2026-07-14,Nakuru District Hospital,Malaria,3
2026-07-15,Nakuru District Hospital,Malaria,8
2026-07-16,Nakuru District Hospital,Malaria,7
2026-07-17,Nakuru District Hospital,Malaria,6
2026-07-18,Nakuru District Hospital,Malaria,8
2026-07-19,Nakuru District Hospital,Malaria,4
2026-07-20,Nakuru District Hospital,Malaria,2
2026-07-21,Nakuru District Hospital,Malaria,4
2026-07-22,Nakuru District Hospital,Malaria,1
2026-07-23,Nakuru District Hospital,Malaria,10
2026-07-24,Nakuru District Hospital,Malaria,5
2026-07-25,Nakuru District Hospital,Malaria,6
2026-07-26,Nakuru District Hospital,Malaria,3
2026-07-27,Nakuru District Hospital,Malaria,5
2026-07-28,Nakuru District Hospital,Malaria,4
2026-07-29,Nakuru District Hospital,Malaria,4
2026-07-30,Nakuru District Hospital,Malaria,2
2026-07-31,Nakuru District Hospital,Malaria,8
2026-08-01,Nakuru District Hospital,Malaria,4
2026-08-02,Nakuru District Hospital,Malaria,8
2026-08-03,Nakuru District Hospital,Malaria,7
2026-08-04,Nakuru District Hospital,Malaria,4
2026-08-05,Nakuru District Hospital,Malaria,4
2026-08-06,Nakuru District Hospital,Malaria,2
2026-08-07,Nakuru District Hospital,Malaria,5
2026-08-08,Nakuru District Hospital,Malaria,3
2026-08-09,Nakuru District Hospital,Malaria,5
2026-08-10,Nakuru District Hospital,Malaria,8
2026-08-11,Nakuru District Hospital,Malaria,4
2026-08-12,Nakuru District Hospital,Malaria,1
2026-08-13,Nakuru District Hospital,Malaria,8
2026-08-14,Nakuru District Hospital,Malaria,4
2026-08-15,Nakuru District Hospital,Malaria,7
2026-08-16,Nakuru District Hospital,Malaria,4
2026-08-17,Nakuru District Hospital,Malaria,0
2026-08-18,Nakuru District Hospital,Malaria,1
2026-08-19,Nakuru District Hospital,Malaria,4
2026-08-20,Nakuru District Hospital,Malaria,5
2026-08-21,Nakuru District Hospital,Malaria,4
2026-08-22,Nakuru District Hospital,Malaria,0
2026-08-23,Nakuru District Hospital,Malaria,5
2026-08-24,Nakuru District Hospital,Malaria,3
2026-08-25,Nakuru District Hospital,Malaria,5
2026-08-26,Nakuru District Hospital,Malaria,2
2026-08-27,Nakuru District Hospital,Malaria,3
2026-08-28,Nakuru District Hospital,Malaria,3
2026-08-29,Nakuru District Hospital,Malaria,8
2026-08-30,Nakuru District Hospital,Malaria,5
2026-08-31,Nakuru District Hospital,Malaria,3
2022-01-01,Nakuru District Hospital,Cholera,0
2022-01-02,Nakuru District Hospital,Cholera,1
2022-01-03,Nakuru District Hospital,Cholera,0
2022-01-04,Nakuru District Hospital,Cholera,1
2022-01-05,Nakuru District Hospital,Cholera,0
2022-01-06,Nakuru District Hospital,Cholera,0
2022-01-07,Nakuru District Hospital,Cholera,0
2022-01-08,Nakuru District Hospital,Cholera,0
2022-01-09,Nakuru District Hospital,Cholera,0
2022-01-10,Nakuru District Hospital,Cholera,0
2022-01-11,Nakuru District Hospital,Cholera,1
2022-01-12,Nakuru District Hospital,Cholera,0
2022-01-13,Nakuru District Hospital,Cholera,0
2022-01-14,Nakuru District Hospital,Cholera,0
2022-01-15,Nakuru District Hospital,Cholera,2
2022-01-16,Nakuru District Hospital,Cholera,0
2022-01-17,Nakuru District Hospital,Cholera,0
2022-01-18,Nakuru District Hospital,Cholera,0
2022-01-19,Nakuru District Hospital,Cholera,1
2022-01-20,Nakuru District Hospital,Cholera,0
2022-01-21,Nakuru District Hospital,Cholera,0
2022-01-22,Nakuru District Hospital,Cholera,0
2022-01-23,Nakuru District Hospital,Cholera,1
2022-01-24,Nakuru District Hospital,Cholera,1
2022-01-25,Nakuru District Hospital,Cholera,0
2022-01-26,Nakuru District Hospital,Cholera,1
2022-01-27,Nakuru District Hospital,Cholera,0
2022-01-28,Nakuru District Hospital,Cholera,2
2022-01-29,Nakuru District Hospital,Cholera,3
2022-01-30,Nakuru District Hospital,Cholera,1
2022-01-31,Nakuru District Hospital,Cholera,0
2022-02-01,Nakuru District Hospital,Cholera,1
2022-02-02,Nakuru District Hospital,Cholera,1
2022-02-03,Nakuru District Hospital,Cholera,1
2022-02-04,Nakuru District Hospital,Cholera,1
2022-02-05,Nakuru District Hospital,Cholera,0
2022-02-06,Nakuru District Hospital,Cholera,0
2022-02-07,Nakuru District Hospital,Cholera,2
2022-02-08,Nakuru District Hospital,Cholera,1
2022-02-09,Nakuru District Hospital,Cholera,0
2022-02-10,Nakuru District Hospital,Cholera,0
2022-02-11,Nakuru District Hospital,Cholera,1
2022-02-12,Nakuru District Hospital,Cholera,0
2022-02-13,Nakuru District Hospital,Cholera,1
2022-02-14,Nakuru District Hospital,Cholera,0
2022-02-15,Nakuru District Hospital,Cholera,0
2022-02-16,Nakuru District Hospital,Cholera,0
2022-02-17,Nakuru District Hospital,Cholera,0
2022-02-18,Nakuru District Hospital,Cholera,1
2022-02-19,Nakuru District Hospital,Cholera,0
2022-02-20,Nakuru District Hospital,Cholera,1
2022-02-21,Nakuru District Hospital,Cholera,0
2022-02-22,Nakuru District Hospital,Cholera,1
2022-02-23,Nakuru District Hospital,Cholera,0
2022-02-24,Nakuru District Hospital,Cholera,0
2022-02-25,Nakuru District Hospital,Cholera,2
2022-02-26,Nakuru District Hospital,Cholera,0
2022-02-27,Nakuru District Hospital,Cholera,1
2022-02-28,Nakuru District Hospital,Cholera,3
2022-03-01,Nakuru District Hospital,Cholera,0
2022-03-02,Nakuru District Hospital,Cholera,1
2022-03-03,Nakuru District Hospital,Cholera,1
2022-03-04,Nakuru District Hospital,Cholera,1
2022-03-05,Nakuru District Hospital,Cholera,0
2022-03-06,Nakuru District Hospital,Cholera,0
2022-03-07,Nakuru District Hospital,Cholera,0
2022-03-08,Nakuru District Hospital,Cholera,0
2022-03-09,Nakuru District Hospital,Cholera,0
2022-03-10,Nakuru District Hospital,Cholera,2
2022-03-11,Nakuru District Hospital,Cholera,1
2022-03-12,Nakuru District Hospital,Cholera,1
2022-03-13,Nakuru District Hospital,Cholera,0
2022-03-14,Nakuru District Hospital,Cholera,2
2022-03-15,Nakuru District Hospital,Cholera,0
2022-03-16,Nakuru District Hospital,Cholera,1
2022-03-17,Nakuru District Hospital,Cholera,0
2022-03-18,Nakuru District Hospital,Cholera,0
2022-03-19,Nakuru District Hospital,Cholera,0
2022-03-20,Nakuru District Hospital,Cholera,2
2022-03-21,Nakuru District Hospital,Cholera,1
2022-03-22,Nakuru District Hospital,Cholera,0
2022-03-23,Nakuru District Hospital,Cholera,0
2022-03-24,Nakuru District Hospital,Cholera,0
2022-03-25,Nakuru District Hospital,Cholera,2
2022-03-26,Nakuru District Hospital,Cholera,1
2022-03-27,Nakuru District Hospital,Cholera,0
2022-03-28,Nakuru District Hospital,Cholera,1
2022-03-29,Nakuru District Hospital,Cholera,2
2022-03-30,Nakuru District Hospital,Cholera,1
2022-03-31,Nakuru District Hospital,Cholera,0
2022-04-01,Nakuru District Hospital,Cholera,1
2022-04-02,Nakuru District Hospital,Cholera,1
2022-04-03,Nakuru District Hospital,Cholera,0
2022-04-04,Nakuru District Hospital,Cholera,0
2022-04-05,Nakuru District Hospital,Cholera,0
2022-04-06,Nakuru District Hospital,Cholera,0
2022-04-07,Nakuru District Hospital,Cholera,2
2022-04-08,Nakuru District Hospital,Cholera,1
2022-04-09,Nakuru District Hospital,Cholera,2
2022-04-10,Nakuru District Hospital,Cholera,0
2022-04-11,Nakuru District Hospital,Cholera,1
2022-04-12,Nakuru District Hospital,Cholera,1
2022-04-13,Nakuru District Hospital,Cholera,1
2022-04-14,Nakuru District Hospital,Cholera,1
2022-04-15,Nakuru District Hospital,Cholera,0
2022-04-16,Nakuru District Hospital,Cholera,0
2022-04-17,Nakuru District Hospital,Cholera,1
2022-04-18,Nakuru District Hospital,Cholera,1
2022-04-19,Nakuru District Hospital,Cholera,1
2022-04-20,Nakuru District Hospital,Cholera,0
2022-04-21,Nakuru District Hospital,Cholera,1
2022-04-22,Nakuru District Hospital,Cholera,1
2022-04-23,Nakuru District Hospital,Cholera,0
2022-04-24,Nakuru District Hospital,Cholera,2
2022-04-25,Nakuru District Hospital,Cholera,0
2022-04-26,Nakuru District Hospital,Cholera,2
2022-04-27,Nakuru District Hospital,Cholera,0
2022-04-28,Nakuru District Hospital,Cholera,1
2022-04-29,Nakuru District Hospital,Cholera,2
2022-04-30,Nakuru District Hospital,Cholera,1
2022-05-01,Nakuru District Hospital,Cholera,2
2022-05-02,Nakuru District Hospital,Cholera,1
2022-05-03,Nakuru District Hospital,Cholera,2
2022-05-04,Nakuru District Hospital,Cholera,2
2022-05-05,Nakuru District Hospital,Cholera,2
2022-05-06,Nakuru District Hospital,Cholera,4
2022-05-07,Nakuru District Hospital,Cholera,1
2022-05-08,Nakuru District Hospital,Cholera,0
2022-05-09,Nakuru District Hospital,Cholera,0
2022-05-10,Nakuru District Hospital,Cholera,0
2022-05-11,Nakuru District Hospital,Cholera,0
2022-05-12,Nakuru District Hospital,Cholera,2
2022-05-13,Nakuru District Hospital,Cholera,1
2022-05-14,Nakuru District Hospital,Cholera,2
2022-05-15,Nakuru District Hospital,Cholera,0
2022-05-16,Nakuru District Hospital,Cholera,1
2022-05-17,Nakuru District Hospital,Cholera,1
2022-05-18,Nakuru District Hospital,Cholera,3
2022-05-19,Nakuru District Hospital,Cholera,0
2022-05-20,Nakuru District Hospital,Cholera,4
2022-05-21,Nakuru District Hospital,Cholera,0
2022-05-22,Nakuru District Hospital,Cholera,0
2022-05-23,Nakuru District Hospital,Cholera,0
2022-05-24,Nakuru District Hospital,Cholera,0
2022-05-25,Nakuru District Hospital,Cholera,0
2022-05-26,Nakuru District Hospital,Cholera,2
2022-05-27,Nakuru District Hospital,Cholera,1
2022-05-28,Nakuru District Hospital,Cholera,1
2022-05-29,Nakuru District Hospital,Cholera,0
2022-05-30,Nakuru District Hospital,Cholera,1
2022-05-31,Nakuru District Hospital,Cholera,1
2022-06-01,Nakuru District Hospital,Cholera,0
2022-06-02,Nakuru District Hospital,Cholera,1
2022-06-03,Nakuru District Hospital,Cholera,0
2022-06-04,Nakuru District Hospital,Cholera,2
2022-06-05,Nakuru District Hospital,Cholera,0
2022-06-06,Nakuru District Hospital,Cholera,0
2022-06-07,Nakuru District Hospital,Cholera,2
2022-06-08,Nakuru District Hospital,Cholera,1
2022-06-09,Nakuru District Hospital,Cholera,1
2022-06-10,Nakuru District Hospital,Cholera,0
2022-06-11,Nakuru District Hospital,Cholera,0
2022-06-12,Nakuru District Hospital,Cholera,0
2022-06-13,Nakuru District Hospital,Cholera,2
2022-06-14,Nakuru District Hospital,Cholera,0
2022-06-15,Nakuru District Hospital,Cholera,1
2022-06-16,Nakuru District Hospital,Cholera,0
2022-06-17,Nakuru District Hospital,Cholera,4
2022-06-18,Nakuru District Hospital,Cholera,0
2022-06-19,Nakuru District Hospital,Cholera,0
2022-06-20,Nakuru District Hospital,Cholera,0
2022-06-21,Nakuru District Hospital,Cholera,0
2022-06-22,Nakuru District Hospital,Cholera,1
2022-06-23,Nakuru District Hospital,Cholera,0
2022-06-24,Nakuru District Hospital,Cholera,0
2022-06-25,Nakuru District Hospital,Cholera,1
2022-06-26,Nakuru District Hospital,Cholera,0
2022-06-27,Nakuru District Hospital,Cholera,1
2022-06-28,Nakuru District Hospital,Cholera,0
2022-06-29,Nakuru District Hospital,Cholera,0
2022-06-30,Nakuru District Hospital,Cholera,1
2022-07-01,Nakuru District Hospital,Cholera,0
2022-07-02,Nakuru District Hospital,Cholera,0
2022-07-03,Nakuru District Hospital,Cholera,1
2022-07-04,Nakuru District Hospital,Cholera,0
2022-07-05,Nakuru District Hospital,Cholera,0
2022-07-06,Nakuru District Hospital,Cholera,1
2022-07-07,Nakuru District Hospital,Cholera,0
2022-07-08,Nakuru District Hospital,Cholera,0
2022-07-09,Nakuru District Hospital,Cholera,1
2022-07-10,Nakuru District Hospital,Cholera,0
2022-07-11,Nakuru District Hospital,Cholera,0
2022-07-12,Nakuru District Hospital,Cholera,3
2022-07-13,Nakuru District Hospital,Cholera,0
2022-07-14,Nakuru District Hospital,Cholera,1
2022-07-15,Nakuru District Hospital,Cholera,0
2022-07-16,Nakuru District Hospital,Cholera,0
2022-07-17,Nakuru District Hospital,Cholera,2
2022-07-18,Nakuru District Hospital,Cholera,1
2022-07-19,Nakuru District Hospital,Cholera,0
2022-07-20,Nakuru District Hospital,Cholera,0
2022-07-21,Nakuru District Hospital,Cholera,1
2022-07-22,Nakuru District Hospital,Cholera,0
2022-07-23,Nakuru District Hospital,Cholera,0
2022-07-24,Nakuru District Hospital,Cholera,0
2022-07-25,Nakuru District Hospital,Cholera,1
2022-07-26,Nakuru District Hospital,Cholera,1
2022-07-27,Nakuru District Hospital,Cholera,0
2022-07-28,Nakuru District Hospital,Cholera,0
2022-07-29,Nakuru District Hospital,Cholera,0
2022-07-30,Nakuru District Hospital,Cholera,0
2022-07-31,Nakuru District Hospital,Cholera,0
2022-08-01,Nakuru District Hospital,Cholera,0
2022-08-02,Nakuru District Hospital,Cholera,0
2022-08-03,Nakuru District Hospital,Cholera,0
2022-08-04,Nakuru District Hospital,Cholera,1
2022-08-05,Nakuru District Hospital,Cholera,0
2022-08-06,Nakuru District Hospital,Cholera,1
2022-08-07,Nakuru District Hospital,Cholera,0
2022-08-08,Nakuru District Hospital,Cholera,0
2022-08-09,Nakuru District Hospital,Cholera,0
2022-08-10,Nakuru District Hospital,Cholera,1
2022-08-11,Nakuru District Hospital,Cholera,0
2022-08-12,Nakuru District Hospital,Cholera,0
2022-08-13,Nakuru District Hospital,Cholera,0
2022-08-14,Nakuru District Hospital,Cholera,0
2022-08-15,Nakuru District Hospital,Cholera,0
2022-08-16,Nakuru District Hospital,Cholera,0
2022-08-17,Nakuru District Hospital,Cholera,1
2022-08-18,Nakuru District Hospital,Cholera,1
2022-08-19,Nakuru District Hospital,Cholera,0
2022-08-20,Nakuru District Hospital,Cholera,0
2022-08-21,Nakuru District Hospital,Cholera,0
2022-08-22,Nakuru District Hospital,Cholera,1
2022-08-23,Nakuru District Hospital,Cholera,0
2022-08-24,Nakuru District Hospital,Cholera,0
2022-08-25,Nakuru District Hospital,Cholera,0
2022-08-26,Nakuru District Hospital,Cholera,0
2022-08-27,Nakuru District Hospital,Cholera,0
2022-08-28,Nakuru District Hospital,Cholera,0
2022-08-29,Nakuru District Hospital,Cholera,0
2022-08-30,Nakuru District Hospital,Cholera,0
2022-08-31,Nakuru District Hospital,Cholera,0
2022-09-01,Nakuru District Hospital,Cholera,0
2022-09-02,Nakuru District Hospital,Cholera,0
2022-09-03,Nakuru District Hospital,Cholera,2
2022-09-04,Nakuru District Hospital,Cholera,0
2022-09-05,Nakuru District Hospital,Cholera,0
2022-09-06,Nakuru District Hospital,Cholera,1
2022-09-07,Nakuru District Hospital,Cholera,0
2022-09-08,Nakuru District Hospital,Cholera,0
2022-09-09,Nakuru District Hospital,Cholera,1
2022-09-10,Nakuru District Hospital,Cholera,0
2022-09-11,Nakuru District Hospital,Cholera,0
2022-09-12,Nakuru District Hospital,Cholera,0
2022-09-13,Nakuru District Hospital,Cholera,0
2022-09-14,Nakuru District Hospital,Cholera,1
2022-09-15,Nakuru District Hospital,Cholera,0
2022-09-16,Nakuru District Hospital,Cholera,0
2022-09-17,Nakuru District Hospital,Cholera,0
2022-09-18,Nakuru District Hospital,Cholera,0
2022-09-19,Nakuru District Hospital,Cholera,1
2022-09-20,Nakuru District Hospital,Cholera,0
2022-09-21,Nakuru District Hospital,Cholera,0
2022-09-22,Nakuru District Hospital,Cholera,0
2022-09-23,Nakuru District Hospital,Cholera,0
2022-09-24,Nakuru District Hospital,Cholera,0
2022-09-25,Nakuru District Hospital,Cholera,1
2022-09-26,Nakuru District Hospital,Cholera,0
2022-09-27,Nakuru District Hospital,Cholera,0
2022-09-28,Nakuru District Hospital,Cholera,0
2022-09-29,Nakuru District Hospital,Cholera,1
2022-09-30,Nakuru District Hospital,Cholera,1
2022-10-01,Nakuru District Hospital,Cholera,0
2022-10-02,Nakuru District Hospital,Cholera,0
2022-10-03,Nakuru District Hospital,Cholera,0
2022-10-04,Nakuru District Hospital,Cholera,0
2022-10-05,Nakuru District Hospital,Cholera,1
2022-10-06,Nakuru District Hospital,Cholera,0
2022-10-07,Nakuru District Hospital,Cholera,0
2022-10-08,Nakuru District Hospital,Cholera,0
2022-10-09,Nakuru District Hospital,Cholera,0
2022-10-10,Nakuru District Hospital,Cholera,0
2022-10-11,Nakuru District Hospital,Cholera,0
2022-10-12,Nakuru District Hospital,Cholera,0
2022-10-13,Nakuru District Hospital,Cholera,1
2022-10-14,Nakuru District Hospital,Cholera,1
2022-10-15,Nakuru District Hospital,Cholera,0
2022-10-16,Nakuru District Hospital,Cholera,0
2022-10-17,Nakuru District Hospital,Cholera,0
2022-10-18,Nakuru District Hospital,Cholera,0
2022-10-19,Nakuru District Hospital,Cholera,0
2022-10-20,Nakuru District Hospital,Cholera,1
2022-10-21,Nakuru District Hospital,Cholera,0
2022-10-22,Nakuru District Hospital,Cholera,0
2022-10-23,Nakuru District Hospital,Cholera,0
2022-10-24,Nakuru District Hospital,Cholera,0
2022-10-25,Nakuru District Hospital,Cholera,0
2022-10-26,Nakuru District Hospital,Cholera,0
2022-10-27,Nakuru District Hospital,Cholera,0
2022-10-28,Nakuru District Hospital,Cholera,0
2022-10-29,Nakuru District Hospital,Cholera,0
2022-10-30,Nakuru District Hospital,Cholera,0
2022-10-31,Nakuru District Hospital,Cholera,1
2022-11-01,Nakuru District Hospital,Cholera,0
2022-11-02,Nakuru District Hospital,Cholera,0
2022-11-03,Nakuru District Hospital,Cholera,0
2022-11-04,Nakuru District Hospital,Cholera,0
2022-11-05,Nakuru District Hospital,Cholera,0
2022-11-06,Nakuru District Hospital,Cholera,0
2022-11-07,Nakuru District Hospital,Cholera,0
2022-11-08,Nakuru District Hospital,Cholera,0
2022-11-09,Nakuru District Hospital,Cholera,1
2022-11-10,Nakuru District Hospital,Cholera,0
2022-11-11,Nakuru District Hospital,Cholera,0
2022-11-12,Nakuru District Hospital,Cholera,0
2022-11-13,Nakuru District Hospital,Cholera,0
2022-11-14,Nakuru District Hospital,Cholera,3
2022-11-15,Nakuru District Hospital,Cholera,0
2022-11-16,Nakuru District Hospital,Cholera,1
2022-11-17,Nakuru District Hospital,Cholera,0
2022-11-18,Nakuru District Hospital,Cholera,1
2022-11-19,Nakuru District Hospital,Cholera,0
2022-11-20,Nakuru District Hospital,Cholera,0
2022-11-21,Nakuru District Hospital,Cholera,1
2022-11-22,Nakuru District Hospital,Cholera,0
2022-11-23,Nakuru District Hospital,Cholera,0
2022-11-24,Nakuru District Hospital,Cholera,0
2022-11-25,Nakuru District Hospital,Cholera,0
2022-11-26,Nakuru District Hospital,Cholera,0
2022-11-27,Nakuru District Hospital,Cholera,0
2022-11-28,Nakuru District Hospital,Cholera,0
2022-11-29,Nakuru District Hospital,Cholera,1
2022-11-30,Nakuru District Hospital,Cholera,0
2022-12-01,Nakuru District Hospital,Cholera,0
2022-12-02,Nakuru District Hospital,Cholera,0
2022-12-03,Nakuru District Hospital,Cholera,0
2022-12-04,Nakuru District Hospital,Cholera,2
2022-12-05,Nakuru District Hospital,Cholera,0
2022-12-06,Nakuru District Hospital,Cholera,0
2022-12-07,Nakuru District Hospital,Cholera,1
2022-12-08,Nakuru District Hospital,Cholera,0
2022-12-09,Nakuru District Hospital,Cholera,0
2022-12-10,Nakuru District Hospital,Cholera,0
2022-12-11,Nakuru District Hospital,Cholera,1
2022-12-12,Nakuru District Hospital,Cholera,0
2022-12-13,Nakuru District Hospital,Cholera,0
2022-12-14,Nakuru District Hospital,Cholera,1
2022-12-15,Nakuru District Hospital,Cholera,3
2022-12-16,Nakuru District Hospital,Cholera,0
2022-12-17,Nakuru District Hospital,Cholera,0
2022-12-18,Nakuru District Hospital,Cholera,0
2022-12-19,Nakuru District Hospital,Cholera,0
2022-12-20,Nakuru District Hospital,Cholera,0
2022-12-21,Nakuru District Hospital,Cholera,0
2022-12-22,Nakuru District Hospital,Cholera,0
2022-12-23,Nakuru District Hospital,Cholera,0
2022-12-24,Nakuru District Hospital,Cholera,1
2022-12-25,Nakuru District Hospital,Cholera,1
2022-12-26,Nakuru District Hospital,Cholera,0
2022-12-27,Nakuru District Hospital,Cholera,0
2022-12-28,Nakuru District Hospital,Cholera,0
2022-12-29,Nakuru District Hospital,Cholera,0
2022-12-30,Nakuru District Hospital,Cholera,2
2022-12-31,Nakuru District Hospital,Cholera,0
2023-01-01,Nakuru District Hospital,Cholera,0
2023-01-02,Nakuru District Hospital,Cholera,1
2023-01-03,Nakuru District Hospital,Cholera,0
2023-01-04,Nakuru District Hospital,Cholera,0
2023-01-05,Nakuru District Hospital,Cholera,0
2023-01-06,Nakuru District Hospital,Cholera,1
2023-01-07,Nakuru District Hospital,Cholera,2
2023-01-08,Nakuru District Hospital,Cholera,1
2023-01-09,Nakuru District Hospital,Cholera,0
2023-01-10,Nakuru District Hospital,Cholera,2
2023-01-11,Nakuru District Hospital,Cholera,2
2023-01-12,Nakuru District Hospital,Cholera,1
2023-01-13,Nakuru District Hospital,Cholera,0
2023-01-14,Nakuru District Hospital,Cholera,0
2023-01-15,Nakuru District Hospital,Cholera,2
2023-01-16,Nakuru District Hospital,Cholera,0
2023-01-17,Nakuru District Hospital,Cholera,0
2023-01-18,Nakuru District Hospital,Cholera,0
2023-01-19,Nakuru District Hospital,Cholera,0
2023-01-20,Nakuru District Hospital,Cholera,1
2023-01-21,Nakuru District Hospital,Cholera,1
2023-01-22,Nakuru District Hospital,Cholera,0
2023-01-23,Nakuru District Hospital,Cholera,2
2023-01-24,Nakuru District Hospital,Cholera,0
2023-01-25,Nakuru District Hospital,Cholera,1
2023-01-26,Nakuru District Hospital,Cholera,1
2023-01-27,Nakuru District Hospital,Cholera,1
2023-01-28,Nakuru District Hospital,Cholera,0
2023-01-29,Nakuru District Hospital,Cholera,0
2023-01-30,Nakuru District Hospital,Cholera,1
2023-01-31,Nakuru District Hospital,Cholera,0
2023-02-01,Nakuru District Hospital,Cholera,1
2023-02-02,Nakuru District Hospital,Cholera,0
2023-02-03,Nakuru District Hospital,Cholera,0
2023-02-04,Nakuru District Hospital,Cholera,1
2023-02-05,Nakuru District Hospital,Cholera,3
2023-02-06,Nakuru District Hospital,Cholera,3
2023-02-07,Nakuru District Hospital,Cholera,1
2023-02-08,Nakuru District Hospital,Cholera,0
2023-02-09,Nakuru District Hospital,Cholera,0
2023-02-10,Nakuru District Hospital,Cholera,0
2023-02-11,Nakuru District Hospital,Cholera,1
2023-02-12,Nakuru District Hospital,Cholera,0
2023-02-13,Nakuru District Hospital,Cholera,0
2023-02-14,Nakuru District Hospital,Cholera,1
2023-02-15,Nakuru District Hospital,Cholera,2
2023-02-16,Nakuru District Hospital,Cholera,0
2023-02-17,Nakuru District Hospital,Cholera,0
2023-02-18,Nakuru District Hospital,Cholera,0
2023-02-19,Nakuru District Hospital,Cholera,0
2023-02-20,Nakuru District Hospital,Cholera,0
2023-02-21,Nakuru District Hospital,Cholera,0
2023-02-22,Nakuru District Hospital,Cholera,0
2023-02-23,Nakuru District Hospital,Cholera,1
2023-02-24,Nakuru District Hospital,Cholera,1
2023-02-25,Nakuru District Hospital,Cholera,2
2023-02-26,Nakuru District Hospital,Cholera,0
2023-02-27,Nakuru District Hospital,Cholera,1
2023-02-28,Nakuru District Hospital,Cholera,1
2023-03-01,Nakuru District Hospital,Cholera,2
2023-03-02,Nakuru District Hospital,Cholera,0
2023-03-03,Nakuru District Hospital,Cholera,0
2023-03-04,Nakuru District Hospital,Cholera,3
2023-03-05,Nakuru District Hospital,Cholera,1
2023-03-06,Nakuru District Hospital,Cholera,0
2023-03-07,Nakuru District Hospital,Cholera,3
2023-03-08,Nakuru District Hospital,Cholera,0
2023-03-09,Nakuru District Hospital,Cholera,0
2023-03-10,Nakuru District Hospital,Cholera,0
2023-03-11,Nakuru District Hospital,Cholera,1
2023-03-12,Nakuru District Hospital,Cholera,0
2023-03-13,Nakuru District Hospital,Cholera,0
2023-03-14,Nakuru District Hospital,Cholera,0
2023-03-15,Nakuru District Hospital,Cholera,0
2023-03-16,Nakuru District Hospital,Cholera,0
2023-03-17,Nakuru District Hospital,Cholera,1
2023-03-18,Nakuru District Hospital,Cholera,0
2023-03-19,Nakuru District Hospital,Cholera,0
2023-03-20,Nakuru District Hospital,Cholera,0
2023-03-21,Nakuru District Hospital,Cholera,0
2023-03-22,Nakuru District Hospital,Cholera,1
2023-03-23,Nakuru District Hospital,Cholera,5
2023-03-24,Nakuru District Hospital,Cholera,0
2023-03-25,Nakuru District Hospital,Cholera,1
2023-03-26,Nakuru District Hospital,Cholera,1
2023-03-27,Nakuru District Hospital,Cholera,0
2023-03-28,Nakuru District Hospital,Cholera,1
2023-03-29,Nakuru District Hospital,Cholera,0
2023-03-30,Nakuru District Hospital,Cholera,0
2023-03-31,Nakuru District Hospital,Cholera,2
2023-04-01,Nakuru District Hospital,Cholera,1
2023-04-02,Nakuru District Hospital,Cholera,0
2023-04-03,Nakuru District Hospital,Cholera,0
2023-04-04,Nakuru District Hospital,Cholera,0
2023-04-05,Nakuru District Hospital,Cholera,0
2023-04-06,Nakuru District Hospital,Cholera,1
2023-04-07,Nakuru District Hospital,Cholera,0
2023-04-08,Nakuru District Hospital,Cholera,1
2023-04-09,Nakuru District Hospital,Cholera,3
2023-04-10,Nakuru District Hospital,Cholera,0
2023-04-11,Nakuru District Hospital,Cholera,0
2023-04-12,Nakuru District Hospital,Cholera,3
2023-04-13,Nakuru District Hospital,Cholera,0
2023-04-14,Nakuru District Hospital,Cholera,0
2023-04-15,Nakuru District Hospital,Cholera,0
2023-04-16,Nakuru District Hospital,Cholera,0
2023-04-17,Nakuru District Hospital,Cholera,1
2023-04-18,Nakuru District Hospital,Cholera,1
2023-04-19,Nakuru District Hospital,Cholera,1
2023-04-20,Nakuru District Hospital,Cholera,1
2023-04-21,Nakuru District Hospital,Cholera,0
2023-04-22,Nakuru District Hospital,Cholera,1
2023-04-23,Nakuru District Hospital,Cholera,1
2023-04-24,Nakuru District Hospital,Cholera,1
2023-04-25,Nakuru District Hospital,Cholera,2
2023-04-26,Nakuru District Hospital,Cholera,0
2023-04-27,Nakuru District Hospital,Cholera,1
2023-04-28,Nakuru District Hospital,Cholera,0
2023-04-29,Nakuru District Hospital,Cholera,0
2023-04-30,Nakuru District Hospital,Cholera,2
2023-05-01,Nakuru District Hospital,Cholera,0
2023-05-02,Nakuru District Hospital,Cholera,0
2023-05-03,Nakuru District Hospital,Cholera,1
2023-05-04,Nakuru District Hospital,Cholera,0
2023-05-05,Nakuru District Hospital,Cholera,0
2023-05-06,Nakuru District Hospital,Cholera,0
2023-05-07,Nakuru District Hospital,Cholera,1
2023-05-08,Nakuru District Hospital,Cholera,1
2023-05-09,Nakuru District Hospital,Cholera,1
2023-05-10,Nakuru District Hospital,Cholera,0
2023-05-11,Nakuru District Hospital,Cholera,2
2023-05-12,Nakuru District Hospital,Cholera,1
2023-05-13,Nakuru District Hospital,Cholera,1
2023-05-14,Nakuru District Hospital,Cholera,1
2023-05-15,Nakuru District Hospital,Cholera,1
2023-05-16,Nakuru District Hospital,Cholera,0
2023-05-17,Nakuru District Hospital,Cholera,1
2023-05-18,Nakuru District Hospital,Cholera,1
2023-05-19,Nakuru District Hospital,Cholera,1
2023-05-20,Nakuru District Hospital,Cholera,0
2023-05-21,Nakuru District Hospital,Cholera,0
2023-05-22,Nakuru District Hospital,Cholera,1
2023-05-23,Nakuru District Hospital,Cholera,3
2023-05-24,Nakuru District Hospital,Cholera,0
2023-05-25,Nakuru District Hospital,Cholera,1
2023-05-26,Nakuru District Hospital,Cholera,4
2023-05-27,Nakuru District Hospital,Cholera,0
2023-05-28,Nakuru District Hospital,Cholera,1
2023-05-29,Nakuru District Hospital,Cholera,2
2023-05-30,Nakuru District Hospital,Cholera,0
2023-05-31,Nakuru District Hospital,Cholera,1
2023-06-01,Nakuru District Hospital,Cholera,1
2023-06-02,Nakuru District Hospital,Cholera,0
2023-06-03,Nakuru District Hospital,Cholera,1
2023-06-04,Nakuru District Hospital,Cholera,1
2023-06-05,Nakuru District Hospital,Cholera,3
2023-06-06,Nakuru District Hospital,Cholera,1
2023-06-07,Nakuru District Hospital,Cholera,1
2023-06-08,Nakuru District Hospital,Cholera,0
2023-06-09,Nakuru District Hospital,Cholera,0
2023-06-10,Nakuru District Hospital,Cholera,0
2023-06-11,Nakuru District Hospital,Cholera,1
2023-06-12,Nakuru District Hospital,Cholera,0
2023-06-13,Nakuru District Hospital,Cholera,0
2023-06-14,Nakuru District Hospital,Cholera,1
2023-06-15,Nakuru District Hospital,Cholera,1
2023-06-16,Nakuru District Hospital,Cholera,1
2023-06-17,Nakuru District Hospital,Cholera,0
2023-06-18,Nakuru District Hospital,Cholera,0
2023-06-19,Nakuru District Hospital,Cholera,2
2023-06-20,Nakuru District Hospital,Cholera,1
2023-06-21,Nakuru District Hospital,Cholera,1
2023-06-22,Nakuru District Hospital,Cholera,0
2023-06-23,Nakuru District Hospital,Cholera,1
2023-06-24,Nakuru District Hospital,Cholera,2
2023-06-25,Nakuru District Hospital,Cholera,1
2023-06-26,Nakuru District Hospital,Cholera,0
2023-06-27,Nakuru District Hospital,Cholera,0
2023-06-28,Nakuru District Hospital,Cholera,0
2023-06-29,Nakuru District Hospital,Cholera,0
2023-06-30,Nakuru District Hospital,Cholera,2
2023-07-01,Nakuru District Hospital,Cholera,0
2023-07-02,Nakuru District Hospital,Cholera,1
2023-07-03,Nakuru District Hospital,Cholera,0
2023-07-04,Nakuru District Hospital,Cholera,0
2023-07-05,Nakuru District Hospital,Cholera,1
2023-07-06,Nakuru District Hospital,Cholera,0
2023-07-07,Nakuru District Hospital,Cholera,1
2023-07-08,Nakuru District Hospital,Cholera,0
2023-07-09,Nakuru District Hospital,Cholera,0
2023-07-10,Nakuru District Hospital,Cholera,0
2023-07-11,Nakuru District Hospital,Cholera,1
2023-07-12,Nakuru District Hospital,Cholera,0
2023-07-13,Nakuru District Hospital,Cholera,0
2023-07-14,Nakuru District Hospital,Cholera,1
2023-07-15,Nakuru District Hospital,Cholera,0
2023-07-16,Nakuru District Hospital,Cholera,0
2023-07-17,Nakuru District Hospital,Cholera,0
2023-07-18,Nakuru District Hospital,Cholera,0
2023-07-19,Nakuru District Hospital,Cholera,0
2023-07-20,Nakuru District Hospital,Cholera,2
2023-07-21,Nakuru District Hospital,Cholera,1
2023-07-22,Nakuru District Hospital,Cholera,2
2023-07-23,Nakuru District Hospital,Cholera,0
2023-07-24,Nakuru District Hospital,Cholera,2
2023-07-25,Nakuru District Hospital,Cholera,0
2023-07-26,Nakuru District Hospital,Cholera,0
2023-07-27,Nakuru District Hospital,Cholera,2
2023-07-28,Nakuru District Hospital,Cholera,0
2023-07-29,Nakuru District Hospital,Cholera,0
2023-07-30,Nakuru District Hospital,Cholera,1
2023-07-31,Nakuru District Hospital,Cholera,1
2023-08-01,Nakuru District Hospital,Cholera,0
2023-08-02,Nakuru District Hospital,Cholera,0
2023-08-03,Nakuru District Hospital,Cholera,0
2023-08-04,Nakuru District Hospital,Cholera,1
2023-08-05,Nakuru District Hospital,Cholera,1
2023-08-06,Nakuru District Hospital,Cholera,2
2023-08-07,Nakuru District Hospital,Cholera,1
2023-08-08,Nakuru District Hospital,Cholera,1
2023-08-09,Nakuru District Hospital,Cholera,1
2023-08-10,Nakuru District Hospital,Cholera,0
2023-08-11,Nakuru District Hospital,Cholera,1
2023-08-12,Nakuru District Hospital,Cholera,0
2023-08-13,Nakuru District Hospital,Cholera,0
2023-08-14,Nakuru District Hospital,Cholera,1
2023-08-15,Nakuru District Hospital,Cholera,0
2023-08-16,Nakuru District Hospital,Cholera,1
2023-08-17,Nakuru District Hospital,Cholera,1
2023-08-18,Nakuru District Hospital,Cholera,0
2023-08-19,Nakuru District Hospital,Cholera,0
2023-08-20,Nakuru District Hospital,Cholera,0
2023-08-21,Nakuru District Hospital,Cholera,0
2023-08-22,Nakuru District Hospital,Cholera,0
2023-08-23,Nakuru District Hospital,Cholera,0
2023-08-24,Nakuru District Hospital,Cholera,0
2023-08-25,Nakuru District Hospital,Cholera,1
2023-08-26,Nakuru District Hospital,Cholera,0
2023-08-27,Nakuru District Hospital,Cholera,0
2023-08-28,Nakuru District Hospital,Cholera,0
2023-08-29,Nakuru District Hospital,Cholera,0
2023-08-30,Nakuru District Hospital,Cholera,0
2023-08-31,Nakuru District Hospital,Cholera,0
2023-09-01,Nakuru District Hospital,Cholera,0
2023-09-02,Nakuru District Hospital,Cholera,0
2023-09-03,Nakuru District Hospital,Cholera,0
2023-09-04,Nakuru District Hospital,Cholera,1
2023-09-05,Nakuru District Hospital,Cholera,0
2023-09-06,Nakuru District Hospital,Cholera,0
2023-09-07,Nakuru District Hospital,Cholera,1
2023-09-08,Nakuru District Hospital,Cholera,0
2023-09-09,Nakuru District Hospital,Cholera,0
2023-09-10,Nakuru District Hospital,Cholera,0
2023-09-11,Nakuru District Hospital,Cholera,0
2023-09-12,Nakuru District Hospital,Cholera,0
2023-09-13,Nakuru District Hospital,Cholera,0
2023-09-14,Nakuru District Hospital,Cholera,0
2023-09-15,Nakuru District Hospital,Cholera,0
2023-09-16,Nakuru District Hospital,Cholera,0
2023-09-17,Nakuru District Hospital,Cholera,0
2023-09-18,Nakuru District Hospital,Cholera,0
2023-09-19,Nakuru District Hospital,Cholera,1
2023-09-20,Nakuru District Hospital,Cholera,0
2023-09-21,Nakuru District Hospital,Cholera,0
2023-09-22,Nakuru District Hospital,Cholera,1
2023-09-23,Nakuru District Hospital,Cholera,0
2023-09-24,Nakuru District Hospital,Cholera,0
2023-09-25,Nakuru District Hospital,Cholera,0
2023-09-26,Nakuru District Hospital,Cholera,1
2023-09-27,Nakuru District Hospital,Cholera,0
2023-09-28,Nakuru District Hospital,Cholera,1
2023-09-29,Nakuru District Hospital,Cholera,0
2023-09-30,Nakuru District Hospital,Cholera,2
2023-10-01,Nakuru District Hospital,Cholera,0
2023-10-02,Nakuru District Hospital,Cholera,0
2023-10-03,Nakuru District Hospital,Cholera,0
2023-10-04,Nakuru District Hospital,Cholera,0
2023-10-05,Nakuru District Hospital,Cholera,0
2023-10-06,Nakuru District Hospital,Cholera,1
2023-10-07,Nakuru District Hospital,Cholera,1
2023-10-08,Nakuru District Hospital,Cholera,0
2023-10-09,Nakuru District Hospital,Cholera,3
2023-10-10,Nakuru District Hospital,Cholera,0
2023-10-11,Nakuru District Hospital,Cholera,0
2023-10-12,Nakuru District Hospital,Cholera,0
2023-10-13,Nakuru District Hospital,Cholera,0
2023-10-14,Nakuru District Hospital,Cholera,1
2023-10-15,Nakuru District Hospital,Cholera,0
2023-10-16,Nakuru District Hospital,Cholera,0
2023-10-17,Nakuru District Hospital,Cholera,0
2023-10-18,Nakuru District Hospital,Cholera,0
2023-10-19,Nakuru District Hospital,Cholera,1
2023-10-20,Nakuru District Hospital,Cholera,0
2023-10-21,Nakuru District Hospital,Cholera,0
2023-10-22,Nakuru District Hospital,Cholera,0
2023-10-23,Nakuru District Hospital,Cholera,0
2023-10-24,Nakuru District Hospital,Cholera,0
2023-10-25,Nakuru District Hospital,Cholera,0
2023-10-26,Nakuru District Hospital,Cholera,0
2023-10-27,Nakuru District Hospital,Cholera,0
2023-10-28,Nakuru District Hospital,Cholera,1
2023-10-29,Nakuru District Hospital,Cholera,0
2023-10-30,Nakuru District Hospital,Cholera,0
2023-10-31,Nakuru District Hospital,Cholera,1
2023-11-01,Nakuru District Hospital,Cholera,1
2023-11-02,Nakuru District Hospital,Cholera,1
2023-11-03,Nakuru District Hospital,Cholera,0
2023-11-04,Nakuru District Hospital,Cholera,0
2023-11-05,Nakuru District Hospital,Cholera,2
2023-11-06,Nakuru District Hospital,Cholera,0
2023-11-07,Nakuru District Hospital,Cholera,0
2023-11-08,Nakuru District Hospital,Cholera,1
2023-11-09,Nakuru District Hospital,Cholera,0
2023-11-10,Nakuru District Hospital,Cholera,0
2023-11-11,Nakuru District Hospital,Cholera,0
2023-11-12,Nakuru District Hospital,Cholera,1
2023-11-13,Nakuru District Hospital,Cholera,0
2023-11-14,Nakuru District Hospital,Cholera,0
2023-11-15,Nakuru District Hospital,Cholera,0
2023-11-16,Nakuru District Hospital,Cholera,0
2023-11-17,Nakuru District Hospital,Cholera,0
2023-11-18,Nakuru District Hospital,Cholera,0
2023-11-19,Nakuru District Hospital,Cholera,0
2023-11-20,Nakuru District Hospital,Cholera,1
2023-11-21,Nakuru District Hospital,Cholera,0
2023-11-22,Nakuru District Hospital,Cholera,2
2023-11-23,Nakuru District Hospital,Cholera,0
2023-11-24,Nakuru District Hospital,Cholera,0
2023-11-25,Nakuru District Hospital,Cholera,0
2023-11-26,Nakuru District Hospital,Cholera,0
2023-11-27,Nakuru District Hospital,Cholera,0
2023-11-28,Nakuru District Hospital,Cholera,1
2023-11-29,Nakuru District Hospital,Cholera,2
2023-11-30,Nakuru District Hospital,Cholera,0
2023-12-01,Nakuru District Hospital,Cholera,1
2023-12-02,Nakuru District Hospital,Cholera,0
2023-12-03,Nakuru District Hospital,Cholera,0
2023-12-04,Nakuru District Hospital,Cholera,0
2023-12-05,Nakuru District Hospital,Cholera,0
2023-12-06,Nakuru District Hospital,Cholera,1
2023-12-07,Nakuru District Hospital,Cholera,0
2023-12-08,Nakuru District Hospital,Cholera,0
2023-12-09,Nakuru District Hospital,Cholera,2
2023-12-10,Nakuru District Hospital,Cholera,0
2023-12-11,Nakuru District Hospital,Cholera,1
2023-12-12,Nakuru District Hospital,Cholera,0
2023-12-13,Nakuru District Hospital,Cholera,2
2023-12-14,Nakuru District Hospital,Cholera,3
2023-12-15,Nakuru District Hospital,Cholera,0
2023-12-16,Nakuru District Hospital,Cholera,0
2023-12-17,Nakuru District Hospital,Cholera,0
2023-12-18,Nakuru District Hospital,Cholera,1
2023-12-19,Nakuru District Hospital,Cholera,0
2023-12-20,Nakuru District Hospital,Cholera,0
2023-12-21,Nakuru District Hospital,Cholera,0
2023-12-22,Nakuru District Hospital,Cholera,2
2023-12-23,Nakuru District Hospital,Cholera,2
2023-12-24,Nakuru District Hospital,Cholera,1
2023-12-25,Nakuru District Hospital,Cholera,1
2023-12-26,Nakuru District Hospital,Cholera,1
2023-12-27,Nakuru District Hospital,Cholera,1
2023-12-28,Nakuru District Hospital,Cholera,0
2023-12-29,Nakuru District Hospital,Cholera,1
2023-12-30,Nakuru District Hospital,Cholera,0
2023-12-31,Nakuru District Hospital,Cholera,1
2024-01-01,Nakuru District Hospital,Cholera,0
2024-01-02,Nakuru District Hospital,Cholera,0
2024-01-03,Nakuru District Hospital,Cholera,0
2024-01-04,Nakuru District Hospital,Cholera,1
2024-01-05,Nakuru District Hospital,Cholera,0
2024-01-06,Nakuru District Hospital,Cholera,0
2024-01-07,Nakuru District Hospital,Cholera,0
2024-01-08,Nakuru District Hospital,Cholera,1
2024-01-09,Nakuru District Hospital,Cholera,0
2024-01-10,Nakuru District Hospital,Cholera,1
2024-01-11,Nakuru District Hospital,Cholera,1
2024-01-12,Nakuru District Hospital,Cholera,0
2024-01-13,Nakuru District Hospital,Cholera,0
2024-01-14,Nakuru District Hospital,Cholera,1
2024-01-15,Nakuru District Hospital,Cholera,2
2024-01-16,Nakuru District Hospital,Cholera,0
2024-01-17,Nakuru District Hospital,Cholera,1
2024-01-18,Nakuru District Hospital,Cholera,2
2024-01-19,Nakuru District Hospital,Cholera,0
2024-01-20,Nakuru District Hospital,Cholera,2
2024-01-21,Nakuru District Hospital,Cholera,1
2024-01-22,Nakuru District Hospital,Cholera,1
2024-01-23,Nakuru District Hospital,Cholera,0
2024-01-24,Nakuru District Hospital,Cholera,1
2024-01-25,Nakuru District Hospital,Cholera,2
2024-01-26,Nakuru District Hospital,Cholera,1
2024-01-27,Nakuru District Hospital,Cholera,1
2024-01-28,Nakuru District Hospital,Cholera,0
2024-01-29,Nakuru District Hospital,Cholera,0
2024-01-30,Nakuru District Hospital,Cholera,2
2024-01-31,Nakuru District Hospital,Cholera,1
2024-02-01,Nakuru District Hospital,Cholera,0
2024-02-02,Nakuru District Hospital,Cholera,0
2024-02-03,Nakuru District Hospital,Cholera,1
2024-02-04,Nakuru District Hospital,Cholera,2
2024-02-05,Nakuru District Hospital,Cholera,0
2024-02-06,Nakuru District Hospital,Cholera,0
2024-02-07,Nakuru District Hospital,Cholera,1
2024-02-08,Nakuru District Hospital,Cholera,0
2024-02-09,Nakuru District Hospital,Cholera,0
2024-02-10,Nakuru District Hospital,Cholera,2
2024-02-11,Nakuru District Hospital,Cholera,0
2024-02-12,Nakuru District Hospital,Cholera,0
2024-02-13,Nakuru District Hospital,Cholera,0
2024-02-14,Nakuru District Hospital,Cholera,1
2024-02-15,Nakuru District Hospital,Cholera,0
2024-02-16,Nakuru District Hospital,Cholera,2
2024-02-17,Nakuru District Hospital,Cholera,2
2024-02-18,Nakuru District Hospital,Cholera,1
2024-02-19,Nakuru District Hospital,Cholera,1
2024-02-20,Nakuru District Hospital,Cholera,0
2024-02-21,Nakuru District Hospital,Cholera,1
2024-02-22,Nakuru District Hospital,Cholera,1
2024-02-23,Nakuru District Hospital,Cholera,1
2024-02-24,Nakuru District Hospital,Cholera,1
2024-02-25,Nakuru District Hospital,Cholera,1
2024-02-26,Nakuru District Hospital,Cholera,0
2024-02-27,Nakuru District Hospital,Cholera,0
2024-02-28,Nakuru District Hospital,Cholera,1
2024-02-29,Nakuru District Hospital,Cholera,1
2024-03-01,Nakuru District Hospital,Cholera,1
2024-03-02,Nakuru District Hospital,Cholera,0
2024-03-03,Nakuru District Hospital,Cholera,1
2024-03-04,Nakuru District Hospital,Cholera,1
2024-03-05,Nakuru District Hospital,Cholera,1
2024-03-06,Nakuru District Hospital,Cholera,0
2024-03-07,Nakuru District Hospital,Cholera,0
2024-03-08,Nakuru District Hospital,Cholera,0
2024-03-09,Nakuru District Hospital,Cholera,1
2024-03-10,Nakuru District Hospital,Cholera,2
2024-03-11,Nakuru District Hospital,Cholera,1
2024-03-12,Nakuru District Hospital,Cholera,0
2024-03-13,Nakuru District Hospital,Cholera,0
2024-03-14,Nakuru District Hospital,Cholera,0
2024-03-15,Nakuru District Hospital,Cholera,2
2024-03-16,Nakuru District Hospital,Cholera,0
2024-03-17,Nakuru District Hospital,Cholera,1
2024-03-18,Nakuru District Hospital,Cholera,0
2024-03-19,Nakuru District Hospital,Cholera,2
2024-03-20,Nakuru District Hospital,Cholera,2
2024-03-21,Nakuru District Hospital,Cholera,1
2024-03-22,Nakuru District Hospital,Cholera,1
2024-03-23,Nakuru District Hospital,Cholera,0
2024-03-24,Nakuru District Hospital,Cholera,0
2024-03-25,Nakuru District Hospital,Cholera,1
2024-03-26,Nakuru District Hospital,Cholera,3
2024-03-27,Nakuru District Hospital,Cholera,1
2024-03-28,Nakuru District Hospital,Cholera,0
2024-03-29,Nakuru District Hospital,Cholera,0
2024-03-30,Nakuru District Hospital,Cholera,0
2024-03-31,Nakuru District Hospital,Cholera,0
2024-04-01,Nakuru District Hospital,Cholera,2
2024-04-02,Nakuru District Hospital,Cholera,1
2024-04-03,Nakuru District Hospital,Cholera,0
2024-04-04,Nakuru District Hospital,Cholera,0
2024-04-05,Nakuru District Hospital,Cholera,1
2024-04-06,Nakuru District Hospital,Cholera,0
2024-04-07,Nakuru District Hospital,Cholera,0
2024-04-08,Nakuru District Hospital,Cholera,2
2024-04-09,Nakuru District Hospital,Cholera,0
2024-04-10,Nakuru District Hospital,Cholera,0
2024-04-11,Nakuru District Hospital,Cholera,1
2024-04-12,Nakuru District Hospital,Cholera,0
2024-04-13,Nakuru District Hospital,Cholera,0
2024-04-14,Nakuru District Hospital,Cholera,0
2024-04-15,Nakuru District Hospital,Cholera,0
2024-04-16,Nakuru District Hospital,Cholera,3
2024-04-17,Nakuru District Hospital,Cholera,1
2024-04-18,Nakuru District Hospital,Cholera,0
2024-04-19,Nakuru District Hospital,Cholera,0
2024-04-20,Nakuru District Hospital,Cholera,0
2024-04-21,Nakuru District Hospital,Cholera,2
2024-04-22,Nakuru District Hospital,Cholera,1
2024-04-23,Nakuru District Hospital,Cholera,1
2024-04-24,Nakuru District Hospital,Cholera,0
2024-04-25,Nakuru District Hospital,Cholera,1
2024-04-26,Nakuru District Hospital,Cholera,0
2024-04-27,Nakuru District Hospital,Cholera,1
2024-04-28,Nakuru District Hospital,Cholera,0
2024-04-29,Nakuru District Hospital,Cholera,0
2024-04-30,Nakuru District Hospital,Cholera,1
2024-05-01,Nakuru District Hospital,Cholera,1
2024-05-02,Nakuru District Hospital,Cholera,1
2024-05-03,Nakuru District Hospital,Cholera,0
2024-05-04,Nakuru District Hospital,Cholera,0
2024-05-05,Nakuru District Hospital,Cholera,0
2024-05-06,Nakuru District Hospital,Cholera,3
2024-05-07,Nakuru District Hospital,Cholera,0
2024-05-08,Nakuru District Hospital,Cholera,0
2024-05-09,Nakuru District Hospital,Cholera,0
2024-05-10,Nakuru District Hospital,Cholera,0
2024-05-11,Nakuru District Hospital,Cholera,1
2024-05-12,Nakuru District Hospital,Cholera,1
2024-05-13,Nakuru District Hospital,Cholera,0
2024-05-14,Nakuru District Hospital,Cholera,1
2024-05-15,Nakuru District Hospital,Cholera,1
2024-05-16,Nakuru District Hospital,Cholera,0
2024-05-17,Nakuru District Hospital,Cholera,1
2024-05-18,Nakuru District Hospital,Cholera,1
2024-05-19,Nakuru District Hospital,Cholera,0
2024-05-20,Nakuru District Hospital,Cholera,0
2024-05-21,Nakuru District Hospital,Cholera,0
2024-05-22,Nakuru District Hospital,Cholera,1
2024-05-23,Nakuru District Hospital,Cholera,1
2024-05-24,Nakuru District Hospital,Cholera,1
2024-05-25,Nakuru District Hospital,Cholera,1
2024-05-26,Nakuru District Hospital,Cholera,1
2024-05-27,Nakuru District Hospital,Cholera,0
2024-05-28,Nakuru District Hospital,Cholera,0
2024-05-29,Nakuru District Hospital,Cholera,1
2024-05-30,Nakuru District Hospital,Cholera,0
2024-05-31,Nakuru District Hospital,Cholera,1
2024-06-01,Nakuru District Hospital,Cholera,0
2024-06-02,Nakuru District Hospital,Cholera,0
2024-06-03,Nakuru District Hospital,Cholera,0
2024-06-04,Nakuru District Hospital,Cholera,2
2024-06-05,Nakuru District Hospital,Cholera,0
2024-06-06,Nakuru District Hospital,Cholera,2
2024-06-07,Nakuru District Hospital,Cholera,2
2024-06-08,Nakuru District Hospital,Cholera,2
2024-06-09,Nakuru District Hospital,Cholera,0
2024-06-10,Nakuru District Hospital,Cholera,0
2024-06-11,Nakuru District Hospital,Cholera,0
2024-06-12,Nakuru District Hospital,Cholera,0
2024-06-13,Nakuru District Hospital,Cholera,1
2024-06-14,Nakuru District Hospital,Cholera,0
2024-06-15,Nakuru District Hospital,Cholera,1
2024-06-16,Nakuru District Hospital,Cholera,1
2024-06-17,Nakuru District Hospital,Cholera,0
2024-06-18,Nakuru District Hospital,Cholera,1
2024-06-19,Nakuru District Hospital,Cholera,0
2024-06-20,Nakuru District Hospital,Cholera,0
2024-06-21,Nakuru District Hospital,Cholera,2
2024-06-22,Nakuru District Hospital,Cholera,0
2024-06-23,Nakuru District Hospital,Cholera,2
2024-06-24,Nakuru District Hospital,Cholera,1
2024-06-25,Nakuru District Hospital,Cholera,1
2024-06-26,Nakuru District Hospital,Cholera,0
2024-06-27,Nakuru District Hospital,Cholera,0
2024-06-28,Nakuru District Hospital,Cholera,2
2024-06-29,Nakuru District Hospital,Cholera,0
2024-06-30,Nakuru District Hospital,Cholera,0
2024-07-01,Nakuru District Hospital,Cholera,0
2024-07-02,Nakuru District Hospital,Cholera,1
2024-07-03,Nakuru District Hospital,Cholera,0
2024-07-04,Nakuru District Hospital,Cholera,0
2024-07-05,Nakuru District Hospital,Cholera,0
2024-07-06,Nakuru District Hospital,Cholera,0
2024-07-07,Nakuru District Hospital,Cholera,1
2024-07-08,Nakuru District Hospital,Cholera,1
2024-07-09,Nakuru District Hospital,Cholera,2
2024-07-10,Nakuru District Hospital,Cholera,0
2024-07-11,Nakuru District Hospital,Cholera,0
2024-07-12,Nakuru District Hospital,Cholera,0
2024-07-13,Nakuru District Hospital,Cholera,0
2024-07-14,Nakuru District Hospital,Cholera,1
2024-07-15,Nakuru District Hospital,Cholera,0
2024-07-16,Nakuru District Hospital,Cholera,0
2024-07-17,Nakuru District Hospital,Cholera,0
2024-07-18,Nakuru District Hospital,Cholera,0
2024-07-19,Nakuru District Hospital,Cholera,1
2024-07-20,Nakuru District Hospital,Cholera,0
2024-07-21,Nakuru District Hospital,Cholera,0
2024-07-22,Nakuru District Hospital,Cholera,2
2024-07-23,Nakuru District Hospital,Cholera,0
2024-07-24,Nakuru District Hospital,Cholera,2
2024-07-25,Nakuru District Hospital,Cholera,0
2024-07-26,Nakuru District Hospital,Cholera,1
2024-07-27,Nakuru District Hospital,Cholera,1
2024-07-28,Nakuru District Hospital,Cholera,0
2024-07-29,Nakuru District Hospital,Cholera,2
2024-07-30,Nakuru District Hospital,Cholera,1
2024-07-31,Nakuru District Hospital,Cholera,0
2024-08-01,Nakuru District Hospital,Cholera,0
2024-08-02,Nakuru District Hospital,Cholera,0
2024-08-03,Nakuru District Hospital,Cholera,0
2024-08-04,Nakuru District Hospital,Cholera,1
2024-08-05,Nakuru District Hospital,Cholera,1
2024-08-06,Nakuru District Hospital,Cholera,0
2024-08-07,Nakuru District Hospital,Cholera,0
2024-08-08,Nakuru District Hospital,Cholera,0
2024-08-09,Nakuru District Hospital,Cholera,1
2024-08-10,Nakuru District Hospital,Cholera,0
2024-08-11,Nakuru District Hospital,Cholera,1
2024-08-12,Nakuru District Hospital,Cholera,0
2024-08-13,Nakuru District Hospital,Cholera,0
2024-08-14,Nakuru District Hospital,Cholera,1
2024-08-15,Nakuru District Hospital,Cholera,0
2024-08-16,Nakuru District Hospital,Cholera,1
2024-08-17,Nakuru District Hospital,Cholera,1
2024-08-18,Nakuru District Hospital,Cholera,0
2024-08-19,Nakuru District Hospital,Cholera,0
2024-08-20,Nakuru District Hospital,Cholera,0
2024-08-21,Nakuru District Hospital,Cholera,0
2024-08-22,Nakuru District Hospital,Cholera,0
2024-08-23,Nakuru District Hospital,Cholera,1
2024-08-24,Nakuru District Hospital,Cholera,0
2024-08-25,Nakuru District Hospital,Cholera,0
2024-08-26,Nakuru District Hospital,Cholera,1
2024-08-27,Nakuru District Hospital,Cholera,0
2024-08-28,Nakuru District Hospital,Cholera,1
2024-08-29,Nakuru District Hospital,Cholera,0
2024-08-30,Nakuru District Hospital,Cholera,1
2024-08-31,Nakuru District Hospital,Cholera,0
2024-09-01,Nakuru District Hospital,Cholera,0
2024-09-02,Nakuru District Hospital,Cholera,0
2024-09-03,Nakuru District Hospital,Cholera,0
2024-09-04,Nakuru District Hospital,Cholera,1
2024-09-05,Nakuru District Hospital,Cholera,0
2024-09-06,Nakuru District Hospital,Cholera,0
2024-09-07,Nakuru District Hospital,Cholera,0
2024-09-08,Nakuru District Hospital,Cholera,0
2024-09-09,Nakuru District Hospital,Cholera,0
2024-09-10,Nakuru District Hospital,Cholera,0
2024-09-11,Nakuru District Hospital,Cholera,0
2024-09-12,Nakuru District Hospital,Cholera,0
2024-09-13,Nakuru District Hospital,Cholera,0
2024-09-14,Nakuru District Hospital,Cholera,0
2024-09-15,Nakuru District Hospital,Cholera,1
2024-09-16,Nakuru District Hospital,Cholera,0
2024-09-17,Nakuru District Hospital,Cholera,0
2024-09-18,Nakuru District Hospital,Cholera,0
2024-09-19,Nakuru District Hospital,Cholera,0
2024-09-20,Nakuru District Hospital,Cholera,1
2024-09-21,Nakuru District Hospital,Cholera,1
2024-09-22,Nakuru District Hospital,Cholera,0
2024-09-23,Nakuru District Hospital,Cholera,0
2024-09-24,Nakuru District Hospital,Cholera,0
2024-09-25,Nakuru District Hospital,Cholera,3
2024-09-26,Nakuru District Hospital,Cholera,0
2024-09-27,Nakuru District Hospital,Cholera,1
2024-09-28,Nakuru District Hospital,Cholera,0
2024-09-29,Nakuru District Hospital,Cholera,0
2024-09-30,Nakuru District Hospital,Cholera,0
2024-10-01,Nakuru District Hospital,Cholera,0
2024-10-02,Nakuru District Hospital,Cholera,0
2024-10-03,Nakuru District Hospital,Cholera,0
2024-10-04,Nakuru District Hospital,Cholera,0
2024-10-05,Nakuru District Hospital,Cholera,0
2024-10-06,Nakuru District Hospital,Cholera,1
2024-10-07,Nakuru District Hospital,Cholera,0
2024-10-08,Nakuru District Hospital,Cholera,0
2024-10-09,Nakuru District Hospital,Cholera,0
2024-10-10,Nakuru District Hospital,Cholera,0
2024-10-11,Nakuru District Hospital,Cholera,1
2024-10-12,Nakuru District Hospital,Cholera,0
2024-10-13,Nakuru District Hospital,Cholera,0
2024-10-14,Nakuru District Hospital,Cholera,0
2024-10-15,Nakuru District Hospital,Cholera,0
2024-10-16,Nakuru District Hospital,Cholera,0
2024-10-17,Nakuru District Hospital,Cholera,0
2024-10-18,Nakuru District Hospital,Cholera,1
2024-10-19,Nakuru District Hospital,Cholera,0
2024-10-20,Nakuru District Hospital,Cholera,0
2024-10-21,Nakuru District Hospital,Cholera,0
2024-10-22,Nakuru District Hospital,Cholera,0
2024-10-23,Nakuru District Hospital,Cholera,0
2024-10-24,Nakuru District Hospital,Cholera,1
2024-10-25,Nakuru District Hospital,Cholera,1
2024-10-26,Nakuru District Hospital,Cholera,1
2024-10-27,Nakuru District Hospital,Cholera,0
2024-10-28,Nakuru District Hospital,Cholera,1
2024-10-29,Nakuru District Hospital,Cholera,2
2024-10-30,Nakuru District Hospital,Cholera,0
2024-10-31,Nakuru District Hospital,Cholera,0
2024-11-01,Nakuru District Hospital,Cholera,0
2024-11-02,Nakuru District Hospital,Cholera,0
2024-11-03,Nakuru District Hospital,Cholera,0
2024-11-04,Nakuru District Hospital,Cholera,0
2024-11-05,Nakuru District Hospital,Cholera,0
2024-11-06,Nakuru District Hospital,Cholera,1
2024-11-07,Nakuru District Hospital,Cholera,0
2024-11-08,Nakuru District Hospital,Cholera,0
2024-11-09,Nakuru District Hospital,Cholera,0
2024-11-10,Nakuru District Hospital,Cholera,0
2024-11-11,Nakuru District Hospital,Cholera,0
2024-11-12,Nakuru District Hospital,Cholera,0
2024-11-13,Nakuru District Hospital,Cholera,0
2024-11-14,Nakuru District Hospital,Cholera,0
2024-11-15,Nakuru District Hospital,Cholera,1
2024-11-16,Nakuru District Hospital,Cholera,0
2024-11-17,Nakuru District Hospital,Cholera,0
2024-11-18,Nakuru District Hospital,Cholera,0
2024-11-19,Nakuru District Hospital,Cholera,1
2024-11-20,Nakuru District Hospital,Cholera,0
2024-11-21,Nakuru District Hospital,Cholera,1
2024-11-22,Nakuru District Hospital,Cholera,1
2024-11-23,Nakuru District Hospital,Cholera,0
2024-11-24,Nakuru District Hospital,Cholera,0
2024-11-25,Nakuru District Hospital,Cholera,0
2024-11-26,Nakuru District Hospital,Cholera,1
2024-11-27,Nakuru District Hospital,Cholera,1
2024-11-28,Nakuru District Hospital,Cholera,0
2024-11-29,Nakuru District Hospital,Cholera,0
2024-11-30,Nakuru District Hospital,Cholera,0
2024-12-01,Nakuru District Hospital,Cholera,0
2024-12-02,Nakuru District Hospital,Cholera,1
2024-12-03,Nakuru District Hospital,Cholera,1
2024-12-04,Nakuru District Hospital,Cholera,0
2024-12-05,Nakuru District Hospital,Cholera,0
2024-12-06,Nakuru District Hospital,Cholera,1
2024-12-07,Nakuru District Hospital,Cholera,0
2024-12-08,Nakuru District Hospital,Cholera,0
2024-12-09,Nakuru District Hospital,Cholera,1
2024-12-10,Nakuru District Hospital,Cholera,0
2024-12-11,Nakuru District Hospital,Cholera,1
2024-12-12,Nakuru District Hospital,Cholera,0
2024-12-13,Nakuru District Hospital,Cholera,0
2024-12-14,Nakuru District Hospital,Cholera,0
2024-12-15,Nakuru District Hospital,Cholera,0
2024-12-16,Nakuru District Hospital,Cholera,1
2024-12-17,Nakuru District Hospital,Cholera,0
2024-12-18,Nakuru District Hospital,Cholera,0
2024-12-19,Nakuru District Hospital,Cholera,0
2024-12-20,Nakuru District Hospital,Cholera,0
2024-12-21,Nakuru District Hospital,Cholera,2
2024-12-22,Nakuru District Hospital,Cholera,1
2024-12-23,Nakuru District Hospital,Cholera,0
2024-12-24,Nakuru District Hospital,Cholera,0
2024-12-25,Nakuru District Hospital,Cholera,0
2024-12-26,Nakuru District Hospital,Cholera,0
2024-12-27,Nakuru District Hospital,Cholera,1
2024-12-28,Nakuru District Hospital,Cholera,1
2024-12-29,Nakuru District Hospital,Cholera,1
2024-12-30,Nakuru District Hospital,Cholera,0
2024-12-31,Nakuru District Hospital,Cholera,0
2025-01-01,Nakuru District Hospital,Cholera,1
2025-01-02,Nakuru District Hospital,Cholera,1
2025-01-03,Nakuru District Hospital,Cholera,0
2025-01-04,Nakuru District Hospital,Cholera,1
2025-01-05,Nakuru District Hospital,Cholera,1
2025-01-06,Nakuru District Hospital,Cholera,0
2025-01-07,Nakuru District Hospital,Cholera,0
2025-01-08,Nakuru District Hospital,Cholera,1
2025-01-09,Nakuru District Hospital,Cholera,0
2025-01-10,Nakuru District Hospital,Cholera,0
2025-01-11,Nakuru District Hospital,Cholera,1
2025-01-12,Nakuru District Hospital,Cholera,0
2025-01-13,Nakuru District Hospital,Cholera,1
2025-01-14,Nakuru District Hospital,Cholera,0
2025-01-15,Nakuru District Hospital,Cholera,0
2025-01-16,Nakuru District Hospital,Cholera,0
2025-01-17,Nakuru District Hospital,Cholera,0
2025-01-18,Nakuru District Hospital,Cholera,0
2025-01-19,Nakuru District Hospital,Cholera,0
2025-01-20,Nakuru District Hospital,Cholera,0
2025-01-21,Nakuru District Hospital,Cholera,1
2025-01-22,Nakuru District Hospital,Cholera,0
2025-01-23,Nakuru District Hospital,Cholera,2
2025-01-24,Nakuru District Hospital,Cholera,1
2025-01-25,Nakuru District Hospital,Cholera,0
2025-01-26,Nakuru District Hospital,Cholera,1
2025-01-27,Nakuru District Hospital,Cholera,1
2025-01-28,Nakuru District Hospital,Cholera,1
2025-01-29,Nakuru District Hospital,Cholera,0
2025-01-30,Nakuru District Hospital,Cholera,0
2025-01-31,Nakuru District Hospital,Cholera,0
2025-02-01,Nakuru District Hospital,Cholera,0
2025-02-02,Nakuru District Hospital,Cholera,1
2025-02-03,Nakuru District Hospital,Cholera,0
2025-02-04,Nakuru District Hospital,Cholera,1
2025-02-05,Nakuru District Hospital,Cholera,2
2025-02-06,Nakuru District Hospital,Cholera,1
2025-02-07,Nakuru District Hospital,Cholera,1
2025-02-08,Nakuru District Hospital,Cholera,1
2025-02-09,Nakuru District Hospital,Cholera,1
2025-02-10,Nakuru District Hospital,Cholera,2
2025-02-11,Nakuru District Hospital,Cholera,0
2025-02-12,Nakuru District Hospital,Cholera,0
2025-02-13,Nakuru District Hospital,Cholera,2
2025-02-14,Nakuru District Hospital,Cholera,0
2025-02-15,Nakuru District Hospital,Cholera,0
2025-02-16,Nakuru District Hospital,Cholera,0
2025-02-17,Nakuru District Hospital,Cholera,0
2025-02-18,Nakuru District Hospital,Cholera,1
2025-02-19,Nakuru District Hospital,Cholera,0
2025-02-20,Nakuru District Hospital,Cholera,1
2025-02-21,Nakuru District Hospital,Cholera,1
2025-02-22,Nakuru District Hospital,Cholera,0
2025-02-23,Nakuru District Hospital,Cholera,0
2025-02-24,Nakuru District Hospital,Cholera,2
2025-02-25,Nakuru District Hospital,Cholera,2
2025-02-26,Nakuru District Hospital,Cholera,0
2025-02-27,Nakuru District Hospital,Cholera,0
2025-02-28,Nakuru District Hospital,Cholera,1
2025-03-01,Nakuru District Hospital,Cholera,1
2025-03-02,Nakuru District Hospital,Cholera,1
2025-03-03,Nakuru District Hospital,Cholera,0
2025-03-04,Nakuru District Hospital,Cholera,0
2025-03-05,Nakuru District Hospital,Cholera,0
2025-03-06,Nakuru District Hospital,Cholera,0
2025-03-07,Nakuru District Hospital,Cholera,0
2025-03-08,Nakuru District Hospital,Cholera,0
2025-03-09,Nakuru District Hospital,Cholera,0
2025-03-10,Nakuru District Hospital,Cholera,1
2025-03-11,Nakuru District Hospital,Cholera,0
2025-03-12,Nakuru District Hospital,Cholera,0
2025-03-13,Nakuru District Hospital,Cholera,0
2025-03-14,Nakuru District Hospital,Cholera,2
2025-03-15,Nakuru District Hospital,Cholera,2
2025-03-16,Nakuru District Hospital,Cholera,1
2025-03-17,Nakuru District Hospital,Cholera,0
2025-03-18,Nakuru District Hospital,Cholera,0
2025-03-19,Nakuru District Hospital,Cholera,1
2025-03-20,Nakuru District Hospital,Cholera,1
2025-03-21,Nakuru District Hospital,Cholera,1
2025-03-22,Nakuru District Hospital,Cholera,1
2025-03-23,Nakuru District Hospital,Cholera,0
2025-03-24,Nakuru District Hospital,Cholera,1
2025-03-25,Nakuru District Hospital,Cholera,2
2025-03-26,Nakuru District Hospital,Cholera,1
2025-03-27,Nakuru District Hospital,Cholera,1
2025-03-28,Nakuru District Hospital,Cholera,3
2025-03-29,Nakuru District Hospital,Cholera,0
2025-03-30,Nakuru District Hospital,Cholera,0
2025-03-31,Nakuru District Hospital,Cholera,1
2025-04-01,Nakuru District Hospital,Cholera,3
2025-04-02,Nakuru District Hospital,Cholera,0
2025-04-03,Nakuru District Hospital,Cholera,0
2025-04-04,Nakuru District Hospital,Cholera,2
2025-04-05,Nakuru District Hospital,Cholera,0
2025-04-06,Nakuru District Hospital,Cholera,1
2025-04-07,Nakuru District Hospital,Cholera,1
2025-04-08,Nakuru District Hospital,Cholera,0
2025-04-09,Nakuru District Hospital,Cholera,0
2025-04-10,Nakuru District Hospital,Cholera,1
2025-04-11,Nakuru District Hospital,Cholera,2
2025-04-12,Nakuru District Hospital,Cholera,0
2025-04-13,Nakuru District Hospital,Cholera,1
2025-04-14,Nakuru District Hospital,Cholera,0
2025-04-15,Nakuru District Hospital,Cholera,0
2025-04-16,Nakuru District Hospital,Cholera,2
2025-04-17,Nakuru District Hospital,Cholera,0
2025-04-18,Nakuru District Hospital,Cholera,2
2025-04-19,Nakuru District Hospital,Cholera,1
2025-04-20,Nakuru District Hospital,Cholera,0
2025-04-21,Nakuru District Hospital,Cholera,2
2025-04-22,Nakuru District Hospital,Cholera,1
2025-04-23,Nakuru District Hospital,Cholera,1
2025-04-24,Nakuru District Hospital,Cholera,2
2025-04-25,Nakuru District Hospital,Cholera,2
2025-04-26,Nakuru District Hospital,Cholera,0
2025-04-27,Nakuru District Hospital,Cholera,1
2025-04-28,Nakuru District Hospital,Cholera,0
2025-04-29,Nakuru District Hospital,Cholera,0
2025-04-30,Nakuru District Hospital,Cholera,0
2025-05-01,Nakuru District Hospital,Cholera,0
2025-05-02,Nakuru District Hospital,Cholera,0
2025-05-03,Nakuru District Hospital,Cholera,0
2025-05-04,Nakuru District Hospital,Cholera,2
2025-05-05,Nakuru District Hospital,Cholera,1
2025-05-06,Nakuru District Hospital,Cholera,0
2025-05-07,Nakuru District Hospital,Cholera,0
2025-05-08,Nakuru District Hospital,Cholera,2
2025-05-09,Nakuru District Hospital,Cholera,2
2025-05-10,Nakuru District Hospital,Cholera,0
2025-05-11,Nakuru District Hospital,Cholera,0
2025-05-12,Nakuru District Hospital,Cholera,0
2025-05-13,Nakuru District Hospital,Cholera,1
2025-05-14,Nakuru District Hospital,Cholera,2
2025-05-15,Nakuru District Hospital,Cholera,0
2025-05-16,Nakuru District Hospital,Cholera,1
2025-05-17,Nakuru District Hospital,Cholera,1
2025-05-18,Nakuru District Hospital,Cholera,1
2025-05-19,Nakuru District Hospital,Cholera,1
2025-05-20,Nakuru District Hospital,Cholera,1
2025-05-21,Nakuru District Hospital,Cholera,0
2025-05-22,Nakuru District Hospital,Cholera,0
2025-05-23,Nakuru District Hospital,Cholera,1
2025-05-24,Nakuru District Hospital,Cholera,0
2025-05-25,Nakuru District Hospital,Cholera,0
2025-05-26,Nakuru District Hospital,Cholera,0
2025-05-27,Nakuru District Hospital,Cholera,1
2025-05-28,Nakuru District Hospital,Cholera,1
2025-05-29,Nakuru District Hospital,Cholera,0
2025-05-30,Nakuru District Hospital,Cholera,1
2025-05-31,Nakuru District Hospital,Cholera,1
2025-06-01,Nakuru District Hospital,Cholera,0
2025-06-02,Nakuru District Hospital,Cholera,0
2025-06-03,Nakuru District Hospital,Cholera,0
2025-06-04,Nakuru District Hospital,Cholera,1
2025-06-05,Nakuru District Hospital,Cholera,0
2025-06-06,Nakuru District Hospital,Cholera,0
2025-06-07,Nakuru District Hospital,Cholera,0
2025-06-08,Nakuru District Hospital,Cholera,0
2025-06-09,Nakuru District Hospital,Cholera,0
2025-06-10,Nakuru District Hospital,Cholera,0
2025-06-11,Nakuru District Hospital,Cholera,1
2025-06-12,Nakuru District Hospital,Cholera,1
2025-06-13,Nakuru District Hospital,Cholera,0
2025-06-14,Nakuru District Hospital,Cholera,0
2025-06-15,Nakuru District Hospital,Cholera,1
2025-06-16,Nakuru District Hospital,Cholera,1
2025-06-17,Nakuru District Hospital,Cholera,1
2025-06-18,Nakuru District Hospital,Cholera,0
2025-06-19,Nakuru District Hospital,Cholera,0
2025-06-20,Nakuru District Hospital,Cholera,0
2025-06-21,Nakuru District Hospital,Cholera,0
2025-06-22,Nakuru District Hospital,Cholera,0
2025-06-23,Nakuru District Hospital,Cholera,0
2025-06-24,Nakuru District Hospital,Cholera,0
2025-06-25,Nakuru District Hospital,Cholera,2
2025-06-26,Nakuru District Hospital,Cholera,1
2025-06-27,Nakuru District Hospital,Cholera,1
2025-06-28,Nakuru District Hospital,Cholera,1
2025-06-29,Nakuru District Hospital,Cholera,1
2025-06-30,Nakuru District Hospital,Cholera,1
2025-07-01,Nakuru District Hospital,Cholera,0
2025-07-02,Nakuru District Hospital,Cholera,1
2025-07-03,Nakuru District Hospital,Cholera,1
2025-07-04,Nakuru District Hospital,Cholera,1
2025-07-05,Nakuru District Hospital,Cholera,0
2025-07-06,Nakuru District Hospital,Cholera,0
2025-07-07,Nakuru District Hospital,Cholera,1
2025-07-08,Nakuru District Hospital,Cholera,1
2025-07-09,Nakuru District Hospital,Cholera,0
2025-07-10,Nakuru District Hospital,Cholera,0
2025-07-11,Nakuru District Hospital,Cholera,1
2025-07-12,Nakuru District Hospital,Cholera,1
2025-07-13,Nakuru District Hospital,Cholera,0
2025-07-14,Nakuru District Hospital,Cholera,1
2025-07-15,Nakuru District Hospital,Cholera,0
2025-07-16,Nakuru District Hospital,Cholera,0
2025-07-17,Nakuru District Hospital,Cholera,0
2025-07-18,Nakuru District Hospital,Cholera,1
2025-07-19,Nakuru District Hospital,Cholera,1
2025-07-20,Nakuru District Hospital,Cholera,1
2025-07-21,Nakuru District Hospital,Cholera,0
2025-07-22,Nakuru District Hospital,Cholera,1
2025-07-23,Nakuru District Hospital,Cholera,0
2025-07-24,Nakuru District Hospital,Cholera,2
2025-07-25,Nakuru District Hospital,Cholera,2
2025-07-26,Nakuru District Hospital,Cholera,1
2025-07-27,Nakuru District Hospital,Cholera,1
2025-07-28,Nakuru District Hospital,Cholera,0
2025-07-29,Nakuru District Hospital,Cholera,0
2025-07-30,Nakuru District Hospital,Cholera,0
2025-07-31,Nakuru District Hospital,Cholera,0
2025-08-01,Nakuru District Hospital,Cholera,0
2025-08-02,Nakuru District Hospital,Cholera,1
2025-08-03,Nakuru District Hospital,Cholera,0
2025-08-04,Nakuru District Hospital,Cholera,2
2025-08-05,Nakuru District Hospital,Cholera,0
2025-08-06,Nakuru District Hospital,Cholera,1
2025-08-07,Nakuru District Hospital,Cholera,0
2025-08-08,Nakuru District Hospital,Cholera,0
2025-08-09,Nakuru District Hospital,Cholera,1
2025-08-10,Nakuru District Hospital,Cholera,1
2025-08-11,Nakuru District Hospital,Cholera,0
2025-08-12,Nakuru District Hospital,Cholera,1
2025-08-13,Nakuru District Hospital,Cholera,1
2025-08-14,Nakuru District Hospital,Cholera,1
2025-08-15,Nakuru District Hospital,Cholera,0
2025-08-16,Nakuru District Hospital,Cholera,0
2025-08-17,Nakuru District Hospital,Cholera,2
2025-08-18,Nakuru District Hospital,Cholera,0
2025-08-19,Nakuru District Hospital,Cholera,0
2025-08-20,Nakuru District Hospital,Cholera,0
2025-08-21,Nakuru District Hospital,Cholera,1
2025-08-22,Nakuru District Hospital,Cholera,0
2025-08-23,Nakuru District Hospital,Cholera,0
2025-08-24,Nakuru District Hospital,Cholera,0
2025-08-25,Nakuru District Hospital,Cholera,0
2025-08-26,Nakuru District Hospital,Cholera,1
2025-08-27,Nakuru District Hospital,Cholera,0
2025-08-28,Nakuru District Hospital,Cholera,0
2025-08-29,Nakuru District Hospital,Cholera,0
2025-08-30,Nakuru District Hospital,Cholera,0
2025-08-31,Nakuru District Hospital,Cholera,0
2025-09-01,Nakuru District Hospital,Cholera,0
2025-09-02,Nakuru District Hospital,Cholera,1
2025-09-03,Nakuru District Hospital,Cholera,1
2025-09-04,Nakuru District Hospital,Cholera,0
2025-09-05,Nakuru District Hospital,Cholera,0
2025-09-06,Nakuru District Hospital,Cholera,0
2025-09-07,Nakuru District Hospital,Cholera,0
2025-09-08,Nakuru District Hospital,Cholera,0
2025-09-09,Nakuru District Hospital,Cholera,0
2025-09-10,Nakuru District Hospital,Cholera,1
2025-09-11,Nakuru District Hospital,Cholera,0
2025-09-12,Nakuru District Hospital,Cholera,1
2025-09-13,Nakuru District Hospital,Cholera,0
2025-09-14,Nakuru District Hospital,Cholera,0
2025-09-15,Nakuru District Hospital,Cholera,3
2025-09-16,Nakuru District Hospital,Cholera,0
2025-09-17,Nakuru District Hospital,Cholera,1
2025-09-18,Nakuru District Hospital,Cholera,0
2025-09-19,Nakuru District Hospital,Cholera,0
2025-09-20,Nakuru District Hospital,Cholera,0
2025-09-21,Nakuru District Hospital,Cholera,0
2025-09-22,Nakuru District Hospital,Cholera,0
2025-09-23,Nakuru District Hospital,Cholera,2
2025-09-24,Nakuru District Hospital,Cholera,0
2025-09-25,Nakuru District Hospital,Cholera,0
2025-09-26,Nakuru District Hospital,Cholera,0
2025-09-27,Nakuru District Hospital,Cholera,0
2025-09-28,Nakuru District Hospital,Cholera,0
2025-09-29,Nakuru District Hospital,Cholera,1
2025-09-30,Nakuru District Hospital,Cholera,1
2025-10-01,Nakuru District Hospital,Cholera,0
2025-10-02,Nakuru District Hospital,Cholera,1
2025-10-03,Nakuru District Hospital,Cholera,0
2025-10-04,Nakuru District Hospital,Cholera,0
2025-10-05,Nakuru District Hospital,Cholera,0
2025-10-06,Nakuru District Hospital,Cholera,0
2025-10-07,Nakuru District Hospital,Cholera,0
2025-10-08,Nakuru District Hospital,Cholera,0
2025-10-09,Nakuru District Hospital,Cholera,1
2025-10-10,Nakuru District Hospital,Cholera,0
2025-10-11,Nakuru District Hospital,Cholera,1
2025-10-12,Nakuru District Hospital,Cholera,0
2025-10-13,Nakuru District Hospital,Cholera,0
2025-10-14,Nakuru District Hospital,Cholera,1
2025-10-15,Nakuru District Hospital,Cholera,0
2025-10-16,Nakuru District Hospital,Cholera,0
2025-10-17,Nakuru District Hospital,Cholera,0
2025-10-18,Nakuru District Hospital,Cholera,2
2025-10-19,Nakuru District Hospital,Cholera,0
2025-10-20,Nakuru District Hospital,Cholera,1
2025-10-21,Nakuru District Hospital,Cholera,0
2025-10-22,Nakuru District Hospital,Cholera,0
2025-10-23,Nakuru District Hospital,Cholera,0
2025-10-24,Nakuru District Hospital,Cholera,0
2025-10-25,Nakuru District Hospital,Cholera,0
2025-10-26,Nakuru District Hospital,Cholera,0
2025-10-27,Nakuru District Hospital,Cholera,0
2025-10-28,Nakuru District Hospital,Cholera,0
2025-10-29,Nakuru District Hospital,Cholera,0
2025-10-30,Nakuru District Hospital,Cholera,0
2025-10-31,Nakuru District Hospital,Cholera,1
2025-11-01,Nakuru District Hospital,Cholera,1
2025-11-02,Nakuru District Hospital,Cholera,0
2025-11-03,Nakuru District Hospital,Cholera,0
2025-11-04,Nakuru District Hospital,Cholera,0
2025-11-05,Nakuru District Hospital,Cholera,1
2025-11-06,Nakuru District Hospital,Cholera,0
2025-11-07,Nakuru District Hospital,Cholera,1
2025-11-08,Nakuru District Hospital,Cholera,0
2025-11-09,Nakuru District Hospital,Cholera,0
2025-11-10,Nakuru District Hospital,Cholera,0
2025-11-11,Nakuru District Hospital,Cholera,1
2025-11-12,Nakuru District Hospital,Cholera,0
2025-11-13,Nakuru District Hospital,Cholera,0
2025-11-14,Nakuru District Hospital,Cholera,0
2025-11-15,Nakuru District Hospital,Cholera,0
2025-11-16,Nakuru District Hospital,Cholera,0
2025-11-17,Nakuru District Hospital,Cholera,0
2025-11-18,Nakuru District Hospital,Cholera,1
2025-11-19,Nakuru District Hospital,Cholera,0
2025-11-20,Nakuru District Hospital,Cholera,1
2025-11-21,Nakuru District Hospital,Cholera,0
2025-11-22,Nakuru District Hospital,Cholera,0
2025-11-23,Nakuru District Hospital,Cholera,0
2025-11-24,Nakuru District Hospital,Cholera,1
2025-11-25,Nakuru District Hospital,Cholera,1
2025-11-26,Nakuru District Hospital,Cholera,0
2025-11-27,Nakuru District Hospital,Cholera,1
2025-11-28,Nakuru District Hospital,Cholera,2
2025-11-29,Nakuru District Hospital,Cholera,0
2025-11-30,Nakuru District Hospital,Cholera,2
2025-12-01,Nakuru District Hospital,Cholera,0
2025-12-02,Nakuru District Hospital,Cholera,0
2025-12-03,Nakuru District Hospital,Cholera,0
2025-12-04,Nakuru District Hospital,Cholera,0
2025-12-05,Nakuru District Hospital,Cholera,1
2025-12-06,Nakuru District Hospital,Cholera,1
2025-12-07,Nakuru District Hospital,Cholera,0
2025-12-08,Nakuru District Hospital,Cholera,0
2025-12-09,Nakuru District Hospital,Cholera,1
2025-12-10,Nakuru District Hospital,Cholera,1
2025-12-11,Nakuru District Hospital,Cholera,1
2025-12-12,Nakuru District Hospital,Cholera,0
2025-12-13,Nakuru District Hospital,Cholera,1
2025-12-14,Nakuru District Hospital,Cholera,1
2025-12-15,Nakuru District Hospital,Cholera,0
2025-12-16,Nakuru District Hospital,Cholera,0
2025-12-17,Nakuru District Hospital,Cholera,1
2025-12-18,Nakuru District Hospital,Cholera,0
2025-12-19,Nakuru District Hospital,Cholera,1
2025-12-20,Nakuru District Hospital,Cholera,0
2025-12-21,Nakuru District Hospital,Cholera,1
2025-12-22,Nakuru District Hospital,Cholera,0
2025-12-23,Nakuru District Hospital,Cholera,1
2025-12-24,Nakuru District Hospital,Cholera,0
2025-12-25,Nakuru District Hospital,Cholera,0
2025-12-26,Nakuru District Hospital,Cholera,0
2025-12-27,Nakuru District Hospital,Cholera,2
2025-12-28,Nakuru District Hospital,Cholera,0
2025-12-29,Nakuru District Hospital,Cholera,0
2025-12-30,Nakuru District Hospital,Cholera,0
2025-12-31,Nakuru District Hospital,Cholera,2
2026-01-01,Nakuru District Hospital,Cholera,0
2026-01-02,Nakuru District Hospital,Cholera,0
2026-01-03,Nakuru District Hospital,Cholera,1
2026-01-04,Nakuru District Hospital,Cholera,0
2026-01-05,Nakuru District Hospital,Cholera,1
2026-01-06,Nakuru District Hospital,Cholera,1
2026-01-07,Nakuru District Hospital,Cholera,0
2026-01-08,Nakuru District Hospital,Cholera,0
2026-01-09,Nakuru District Hospital,Cholera,2
2026-01-10,Nakuru District Hospital,Cholera,0
2026-01-11,Nakuru District Hospital,Cholera,2
2026-01-12,Nakuru District Hospital,Cholera,1
2026-01-13,Nakuru District Hospital,Cholera,1
2026-01-14,Nakuru District Hospital,Cholera,1
2026-01-15,Nakuru District Hospital,Cholera,0
2026-01-16,Nakuru District Hospital,Cholera,0
2026-01-17,Nakuru District Hospital,Cholera,0
2026-01-18,Nakuru District Hospital,Cholera,1
2026-01-19,Nakuru District Hospital,Cholera,0
2026-01-20,Nakuru District Hospital,Cholera,1
2026-01-21,Nakuru District Hospital,Cholera,0
2026-01-22,Nakuru District Hospital,Cholera,0
2026-01-23,Nakuru District Hospital,Cholera,2
2026-01-24,Nakuru District Hospital,Cholera,0
2026-01-25,Nakuru District Hospital,Cholera,1
2026-01-26,Nakuru District Hospital,Cholera,0
2026-01-27,Nakuru District Hospital,Cholera,0
2026-01-28,Nakuru District Hospital,Cholera,0
2026-01-29,Nakuru District Hospital,Cholera,0
2026-01-30,Nakuru District Hospital,Cholera,0
2026-01-31,Nakuru District Hospital,Cholera,0
2026-02-01,Nakuru District Hospital,Cholera,0
2026-02-02,Nakuru District Hospital,Cholera,0
2026-02-03,Nakuru District Hospital,Cholera,0
2026-02-04,Nakuru District Hospital,Cholera,0
2026-02-05,Nakuru District Hospital,Cholera,0
2026-02-06,Nakuru District Hospital,Cholera,1
2026-02-07,Nakuru District Hospital,Cholera,1
2026-02-08,Nakuru District Hospital,Cholera,2
2026-02-09,Nakuru District Hospital,Cholera,2
2026-02-10,Nakuru District Hospital,Cholera,0
2026-02-11,Nakuru District Hospital,Cholera,0
2026-02-12,Nakuru District Hospital,Cholera,1
2026-02-13,Nakuru District Hospital,Cholera,0
2026-02-14,Nakuru District Hospital,Cholera,2
2026-02-15,Nakuru District Hospital,Cholera,0
2026-02-16,Nakuru District Hospital,Cholera,0
2026-02-17,Nakuru District Hospital,Cholera,2
2026-02-18,Nakuru District Hospital,Cholera,1
2026-02-19,Nakuru District Hospital,Cholera,1
2026-02-20,Nakuru District Hospital,Cholera,1
2026-02-21,Nakuru District Hospital,Cholera,0
2026-02-22,Nakuru District Hospital,Cholera,0
2026-02-23,Nakuru District Hospital,Cholera,3
2026-02-24,Nakuru District Hospital,Cholera,1
2026-02-25,Nakuru District Hospital,Cholera,0
2026-02-26,Nakuru District Hospital,Cholera,0
2026-02-27,Nakuru District Hospital,Cholera,0
2026-02-28,Nakuru District Hospital,Cholera,0
2026-03-01,Nakuru District Hospital,Cholera,0
2026-03-02,Nakuru District Hospital,Cholera,0
2026-03-03,Nakuru District Hospital,Cholera,1
2026-03-04,Nakuru District Hospital,Cholera,1
2026-03-05,Nakuru District Hospital,Cholera,0
2026-03-06,Nakuru District Hospital,Cholera,0
2026-03-07,Nakuru District Hospital,Cholera,1
2026-03-08,Nakuru District Hospital,Cholera,1
2026-03-09,Nakuru District Hospital,Cholera,1
2026-03-10,Nakuru District Hospital,Cholera,0
2026-03-11,Nakuru District Hospital,Cholera,1
2026-03-12,Nakuru District Hospital,Cholera,0
2026-03-13,Nakuru District Hospital,Cholera,1
2026-03-14,Nakuru District Hospital,Cholera,1
2026-03-15,Nakuru District Hospital,Cholera,2
2026-03-16,Nakuru District Hospital,Cholera,1
2026-03-17,Nakuru District Hospital,Cholera,0
2026-03-18,Nakuru District Hospital,Cholera,1
2026-03-19,Nakuru District Hospital,Cholera,1
2026-03-20,Nakuru District Hospital,Cholera,0
2026-03-21,Nakuru District Hospital,Cholera,0
2026-03-22,Nakuru District Hospital,Cholera,0
2026-03-23,Nakuru District Hospital,Cholera,2
2026-03-24,Nakuru District Hospital,Cholera,0
2026-03-25,Nakuru District Hospital,Cholera,2
2026-03-26,Nakuru District Hospital,Cholera,1
2026-03-27,Nakuru District Hospital,Cholera,0
2026-03-28,Nakuru District Hospital,Cholera,0
2026-03-29,Nakuru District Hospital,Cholera,1
2026-03-30,Nakuru District Hospital,Cholera,0
2026-03-31,Nakuru District Hospital,Cholera,1
2026-04-01,Nakuru District Hospital,Cholera,0
2026-04-02,Nakuru District Hospital,Cholera,0
2026-04-03,Nakuru District Hospital,Cholera,0
2026-04-04,Nakuru District Hospital,Cholera,1
2026-04-05,Nakuru District Hospital,Cholera,0
2026-04-06,Nakuru District Hospital,Cholera,0
2026-04-07,Nakuru District Hospital,Cholera,2
2026-04-08,Nakuru District Hospital,Cholera,2
2026-04-09,Nakuru District Hospital,Cholera,2
2026-04-10,Nakuru District Hospital,Cholera,2
2026-04-11,Nakuru District Hospital,Cholera,1
2026-04-12,Nakuru District Hospital,Cholera,0
2026-04-13,Nakuru District Hospital,Cholera,2
2026-04-14,Nakuru District Hospital,Cholera,1
2026-04-15,Nakuru District Hospital,Cholera,0
2026-04-16,Nakuru District Hospital,Cholera,0
2026-04-17,Nakuru District Hospital,Cholera,1
2026-04-18,Nakuru District Hospital,Cholera,0
2026-04-19,Nakuru District Hospital,Cholera,1
2026-04-20,Nakuru District Hospital,Cholera,0
2026-04-21,Nakuru District Hospital,Cholera,1
2026-04-22,Nakuru District Hospital,Cholera,0
2026-04-23,Nakuru District Hospital,Cholera,1
2026-04-24,Nakuru District Hospital,Cholera,3
2026-04-25,Nakuru District Hospital,Cholera,0
2026-04-26,Nakuru District Hospital,Cholera,0
2026-04-27,Nakuru District Hospital,Cholera,0
2026-04-28,Nakuru District Hospital,Cholera,1
2026-04-29,Nakuru District Hospital,Cholera,0
2026-04-30,Nakuru District Hospital,Cholera,0
2026-05-01,Nakuru District Hospital,Cholera,1
2026-05-02,Nakuru District Hospital,Cholera,1
2026-05-03,Nakuru District Hospital,Cholera,0
2026-05-04,Nakuru District Hospital,Cholera,1
2026-05-05,Nakuru District Hospital,Cholera,2
2026-05-06,Nakuru District Hospital,Cholera,0
2026-05-07,Nakuru District Hospital,Cholera,3
2026-05-08,Nakuru District Hospital,Cholera,2
2026-05-09,Nakuru District Hospital,Cholera,0
2026-05-10,Nakuru District Hospital,Cholera,0
2026-05-11,Nakuru District Hospital,Cholera,0
2026-05-12,Nakuru District Hospital,Cholera,0
2026-05-13,Nakuru District Hospital,Cholera,0
2026-05-14,Nakuru District Hospital,Cholera,1
2026-05-15,Nakuru District Hospital,Cholera,1
2026-05-16,Nakuru District Hospital,Cholera,1
2026-05-17,Nakuru District Hospital,Cholera,0
2026-05-18,Nakuru District Hospital,Cholera,1
2026-05-19,Nakuru District Hospital,Cholera,0
2026-05-20,Nakuru District Hospital,Cholera,0
2026-05-21,Nakuru District Hospital,Cholera,1
2026-05-22,Nakuru District Hospital,Cholera,0
2026-05-23,Nakuru District Hospital,Cholera,1
2026-05-24,Nakuru District Hospital,Cholera,2
2026-05-25,Nakuru District Hospital,Cholera,1
2026-05-26,Nakuru District Hospital,Cholera,2
2026-05-27,Nakuru District Hospital,Cholera,1
2026-05-28,Nakuru District Hospital,Cholera,1
2026-05-29,Nakuru District Hospital,Cholera,2
2026-05-30,Nakuru District Hospital,Cholera,1
2026-05-31,Nakuru District Hospital,Cholera,1
2026-06-01,Nakuru District Hospital,Cholera,1
2026-06-02,Nakuru District Hospital,Cholera,1
2026-06-03,Nakuru District Hospital,Cholera,0
2026-06-04,Nakuru District Hospital,Cholera,1
2026-06-05,Nakuru District Hospital,Cholera,0
2026-06-06,Nakuru District Hospital,Cholera,1
2026-06-07,Nakuru District Hospital,Cholera,0
2026-06-08,Nakuru District Hospital,Cholera,1
2026-06-09,Nakuru District Hospital,Cholera,0
2026-06-10,Nakuru District Hospital,Cholera,0
2026-06-11,Nakuru District Hospital,Cholera,0
2026-06-12,Nakuru District Hospital,Cholera,1
2026-06-13,Nakuru District Hospital,Cholera,1
2026-06-14,Nakuru District Hospital,Cholera,1
2026-06-15,Nakuru District Hospital,Cholera,1
2026-06-16,Nakuru District Hospital,Cholera,0
2026-06-17,Nakuru District Hospital,Cholera,0
2026-06-18,Nakuru District Hospital,Cholera,1
2026-06-19,Nakuru District Hospital,Cholera,0
2026-06-20,Nakuru District Hospital,Cholera,1
2026-06-21,Nakuru District Hospital,Cholera,0
2026-06-22,Nakuru District Hospital,Cholera,2
2026-06-23,Nakuru District Hospital,Cholera,1
2026-06-24,Nakuru District Hospital,Cholera,0
2026-06-25,Nakuru District Hospital,Cholera,1
2026-06-26,Nakuru District Hospital,Cholera,0
2026-06-27,Nakuru District Hospital,Cholera,1
2026-06-28,Nakuru District Hospital,Cholera,1
2026-06-29,Nakuru District Hospital,Cholera,2
2026-06-30,Nakuru District Hospital,Cholera,0
2026-07-01,Nakuru District Hospital,Cholera,0
2026-07-02,Nakuru District Hospital,Cholera,0
2026-07-03,Nakuru District Hospital,Cholera,4
2026-07-04,Nakuru District Hospital,Cholera,1
2026-07-05,Nakuru District Hospital,Cholera,1
2026-07-06,Nakuru District Hospital,Cholera,1
2026-07-07,Nakuru District Hospital,Cholera,1
2026-07-08,Nakuru District Hospital,Cholera,1
2026-07-09,Nakuru District Hospital,Cholera,0
2026-07-10,Nakuru District Hospital,Cholera,2
2026-07-11,Nakuru District Hospital,Cholera,0
2026-07-12,Nakuru District Hospital,Cholera,0
2026-07-13,Nakuru District Hospital,Cholera,1
2026-07-14,Nakuru District Hospital,Cholera,0
2026-07-15,Nakuru District Hospital,Cholera,0
2026-07-16,Nakuru District Hospital,Cholera,0
2026-07-17,Nakuru District Hospital,Cholera,0
2026-07-18,Nakuru District Hospital,Cholera,2
2026-07-19,Nakuru District Hospital,Cholera,2
2026-07-20,Nakuru District Hospital,Cholera,0
2026-07-21,Nakuru District Hospital,Cholera,3
2026-07-22,Nakuru District Hospital,Cholera,0
2026-07-23,Nakuru District Hospital,Cholera,0
2026-07-24,Nakuru District Hospital,Cholera,1
2026-07-25,Nakuru District Hospital,Cholera,0
2026-07-26,Nakuru District Hospital,Cholera,1
2026-07-27,Nakuru District Hospital,Cholera,1
2026-07-28,Nakuru District Hospital,Cholera,0
2026-07-29,Nakuru District Hospital,Cholera,1
2026-07-30,Nakuru District Hospital,Cholera,0
2026-07-31,Nakuru District Hospital,Cholera,1
2026-08-01,Nakuru District Hospital,Cholera,0
2026-08-02,Nakuru District Hospital,Cholera,2
2026-08-03,Nakuru District Hospital,Cholera,0
2026-08-04,Nakuru District Hospital,Cholera,1
2026-08-05,Nakuru District Hospital,Cholera,0
2026-08-06,Nakuru District Hospital,Cholera,0
2026-08-07,Nakuru District Hospital,Cholera,0
2026-08-08,Nakuru District Hospital,Cholera,1
2026-08-09,Nakuru District Hospital,Cholera,0
2026-08-10,Nakuru District Hospital,Cholera,0
2026-08-11,Nakuru District Hospital,Cholera,1
2026-08-12,Nakuru District Hospital,Cholera,1
2026-08-13,Nakuru District Hospital,Cholera,0
2026-08-14,Nakuru District Hospital,Cholera,1
2026-08-15,Nakuru District Hospital,Cholera,0
2026-08-16,Nakuru District Hospital,Cholera,1
2026-08-17,Nakuru District Hospital,Cholera,0
2026-08-18,Nakuru District Hospital,Cholera,1
2026-08-19,Nakuru District Hospital,Cholera,1
2026-08-20,Nakuru District Hospital,Cholera,0
2026-08-21,Nakuru District Hospital,Cholera,0
2026-08-22,Nakuru District Hospital,Cholera,0
2026-08-23,Nakuru District Hospital,Cholera,1
2026-08-24,Nakuru District Hospital,Cholera,0
2026-08-25,Nakuru District Hospital,Cholera,2
2026-08-26,Nakuru District Hospital,Cholera,0
2026-08-27,Nakuru District Hospital,Cholera,0
2026-08-28,Nakuru District Hospital,Cholera,0
2026-08-29,Nakuru District Hospital,Cholera,0
2026-08-30,Nakuru District Hospital,Cholera,2
2026-08-31,Nakuru District Hospital,Cholera,0
2022-01-01,Nakuru District Hospital,Respiratory Infections,2
2022-01-02,Nakuru District Hospital,Respiratory Infections,3
2022-01-03,Nakuru District Hospital,Respiratory Infections,2
2022-01-04,Nakuru District Hospital,Respiratory Infections,0
2022-01-05,Nakuru District Hospital,Respiratory Infections,6
2022-01-06,Nakuru District Hospital,Respiratory Infections,6
2022-01-07,Nakuru District Hospital,Respiratory Infections,1
2022-01-08,Nakuru District Hospital,Respiratory Infections,2
2022-01-09,Nakuru District Hospital,Respiratory Infections,7
2022-01-10,Nakuru District Hospital,Respiratory Infections,3
2022-01-11,Nakuru District Hospital,Respiratory Infections,1
2022-01-12,Nakuru District Hospital,Respiratory Infections,2
2022-01-13,Nakuru District Hospital,Respiratory Infections,4
2022-01-14,Nakuru District Hospital,Respiratory Infections,0
2022-01-15,Nakuru District Hospital,Respiratory Infections,2
2022-01-16,Nakuru District Hospital,Respiratory Infections,1
2022-01-17,Nakuru District Hospital,Respiratory Infections,3
2022-01-18,Nakuru District Hospital,Respiratory Infections,0
2022-01-19,Nakuru District Hospital,Respiratory Infections,2
2022-01-20,Nakuru District Hospital,Respiratory Infections,3
2022-01-21,Nakuru District Hospital,Respiratory Infections,4
2022-01-22,Nakuru District Hospital,Respiratory Infections,4
2022-01-23,Nakuru District Hospital,Respiratory Infections,0
2022-01-24,Nakuru District Hospital,Respiratory Infections,8
2022-01-25,Nakuru District Hospital,Respiratory Infections,5
2022-01-26,Nakuru District Hospital,Respiratory Infections,2
2022-01-27,Nakuru District Hospital,Respiratory Infections,4
2022-01-28,Nakuru District Hospital,Respiratory Infections,2
2022-01-29,Nakuru District Hospital,Respiratory Infections,1
2022-01-30,Nakuru District Hospital,Respiratory Infections,1
2022-01-31,Nakuru District Hospital,Respiratory Infections,6
2022-02-01,Nakuru District Hospital,Respiratory Infections,4
2022-02-02,Nakuru District Hospital,Respiratory Infections,3
2022-02-03,Nakuru District Hospital,Respiratory Infections,3
2022-02-04,Nakuru District Hospital,Respiratory Infections,2
2022-02-05,Nakuru District Hospital,Respiratory Infections,2
2022-02-06,Nakuru District Hospital,Respiratory Infections,4
2022-02-07,Nakuru District Hospital,Respiratory Infections,3
2022-02-08,Nakuru District Hospital,Respiratory Infections,2
2022-02-09,Nakuru District Hospital,Respiratory Infections,4
2022-02-10,Nakuru District Hospital,Respiratory Infections,2
2022-02-11,Nakuru District Hospital,Respiratory Infections,3
2022-02-12,Nakuru District Hospital,Respiratory Infections,4
2022-02-13,Nakuru District Hospital,Respiratory Infections,3
2022-02-14,Nakuru District Hospital,Respiratory Infections,4
2022-02-15,Nakuru District Hospital,Respiratory Infections,5
2022-02-16,Nakuru District Hospital,Respiratory Infections,4
2022-02-17,Nakuru District Hospital,Respiratory Infections,3
2022-02-18,Nakuru District Hospital,Respiratory Infections,0
2022-02-19,Nakuru District Hospital,Respiratory Infections,2
2022-02-20,Nakuru District Hospital,Respiratory Infections,1
2022-02-21,Nakuru District Hospital,Respiratory Infections,2
2022-02-22,Nakuru District Hospital,Respiratory Infections,3
2022-02-23,Nakuru District Hospital,Respiratory Infections,4
2022-02-24,Nakuru District Hospital,Respiratory Infections,3
2022-02-25,Nakuru District Hospital,Respiratory Infections,2
2022-02-26,Nakuru District Hospital,Respiratory Infections,3
2022-02-27,Nakuru District Hospital,Respiratory Infections,7
2022-02-28,Nakuru District Hospital,Respiratory Infections,4
2022-03-01,Nakuru District Hospital,Respiratory Infections,5
2022-03-02,Nakuru District Hospital,Respiratory Infections,5
2022-03-03,Nakuru District Hospital,Respiratory Infections,3
2022-03-04,Nakuru District Hospital,Respiratory Infections,1
2022-03-05,Nakuru District Hospital,Respiratory Infections,4
2022-03-06,Nakuru District Hospital,Respiratory Infections,2
2022-03-07,Nakuru District Hospital,Respiratory Infections,5
2022-03-08,Nakuru District Hospital,Respiratory Infections,5
2022-03-09,Nakuru District Hospital,Respiratory Infections,1
2022-03-10,Nakuru District Hospital,Respiratory Infections,5
2022-03-11,Nakuru District Hospital,Respiratory Infections,2
2022-03-12,Nakuru District Hospital,Respiratory Infections,4
2022-03-13,Nakuru District Hospital,Respiratory Infections,1
2022-03-14,Nakuru District Hospital,Respiratory Infections,5
2022-03-15,Nakuru District Hospital,Respiratory Infections,3
2022-03-16,Nakuru District Hospital,Respiratory Infections,3
2022-03-17,Nakuru District Hospital,Respiratory Infections,2
2022-03-18,Nakuru District Hospital,Respiratory Infections,7
2022-03-19,Nakuru District Hospital,Respiratory Infections,3
2022-03-20,Nakuru District Hospital,Respiratory Infections,3
2022-03-21,Nakuru District Hospital,Respiratory Infections,6
2022-03-22,Nakuru District Hospital,Respiratory Infections,4
2022-03-23,Nakuru District Hospital,Respiratory Infections,5
2022-03-24,Nakuru District Hospital,Respiratory Infections,8
2022-03-25,Nakuru District Hospital,Respiratory Infections,4
2022-03-26,Nakuru District Hospital,Respiratory Infections,5
2022-03-27,Nakuru District Hospital,Respiratory Infections,4
2022-03-28,Nakuru District Hospital,Respiratory Infections,5
2022-03-29,Nakuru District Hospital,Respiratory Infections,2
2022-03-30,Nakuru District Hospital,Respiratory Infections,7
2022-03-31,Nakuru District Hospital,Respiratory Infections,9
2022-04-01,Nakuru District Hospital,Respiratory Infections,5
2022-04-02,Nakuru District Hospital,Respiratory Infections,5
2022-04-03,Nakuru District Hospital,Respiratory Infections,4
2022-04-04,Nakuru District Hospital,Respiratory Infections,4
2022-04-05,Nakuru District Hospital,Respiratory Infections,8
2022-04-06,Nakuru District Hospital,Respiratory Infections,4
2022-04-07,Nakuru District Hospital,Respiratory Infections,2
2022-04-08,Nakuru District Hospital,Respiratory Infections,6
2022-04-09,Nakuru District Hospital,Respiratory Infections,5
2022-04-10,Nakuru District Hospital,Respiratory Infections,6
2022-04-11,Nakuru District Hospital,Respiratory Infections,4
2022-04-12,Nakuru District Hospital,Respiratory Infections,3
2022-04-13,Nakuru District Hospital,Respiratory Infections,9
2022-04-14,Nakuru District Hospital,Respiratory Infections,9
2022-04-15,Nakuru District Hospital,Respiratory Infections,12
2022-04-16,Nakuru District Hospital,Respiratory Infections,2
2022-04-17,Nakuru District Hospital,Respiratory Infections,9
2022-04-18,Nakuru District Hospital,Respiratory Infections,6
2022-04-19,Nakuru District Hospital,Respiratory Infections,7
2022-04-20,Nakuru District Hospital,Respiratory Infections,9
2022-04-21,Nakuru District Hospital,Respiratory Infections,4
2022-04-22,Nakuru District Hospital,Respiratory Infections,9
2022-04-23,Nakuru District Hospital,Respiratory Infections,5
2022-04-24,Nakuru District Hospital,Respiratory Infections,6
2022-04-25,Nakuru District Hospital,Respiratory Infections,1
2022-04-26,Nakuru District Hospital,Respiratory Infections,7
2022-04-27,Nakuru District Hospital,Respiratory Infections,10
2022-04-28,Nakuru District Hospital,Respiratory Infections,8
2022-04-29,Nakuru District Hospital,Respiratory Infections,8
2022-04-30,Nakuru District Hospital,Respiratory Infections,5
2022-05-01,Nakuru District Hospital,Respiratory Infections,7
2022-05-02,Nakuru District Hospital,Respiratory Infections,12
2022-05-03,Nakuru District Hospital,Respiratory Infections,9
2022-05-04,Nakuru District Hospital,Respiratory Infections,10
2022-05-05,Nakuru District Hospital,Respiratory Infections,10
2022-05-06,Nakuru District Hospital,Respiratory Infections,6
2022-05-07,Nakuru District Hospital,Respiratory Infections,6
2022-05-08,Nakuru District Hospital,Respiratory Infections,3
2022-05-09,Nakuru District Hospital,Respiratory Infections,9
2022-05-10,Nakuru District Hospital,Respiratory Infections,4
2022-05-11,Nakuru District Hospital,Respiratory Infections,3
2022-05-12,Nakuru District Hospital,Respiratory Infections,9
2022-05-13,Nakuru District Hospital,Respiratory Infections,8
2022-05-14,Nakuru District Hospital,Respiratory Infections,4
2022-05-15,Nakuru District Hospital,Respiratory Infections,12
2022-05-16,Nakuru District Hospital,Respiratory Infections,4
2022-05-17,Nakuru District Hospital,Respiratory Infections,11
2022-05-18,Nakuru District Hospital,Respiratory Infections,3
2022-05-19,Nakuru District Hospital,Respiratory Infections,6
2022-05-20,Nakuru District Hospital,Respiratory Infections,6
2022-05-21,Nakuru District Hospital,Respiratory Infections,8
2022-05-22,Nakuru District Hospital,Respiratory Infections,8
2022-05-23,Nakuru District Hospital,Respiratory Infections,11
2022-05-24,Nakuru District Hospital,Respiratory Infections,10
2022-05-25,Nakuru District Hospital,Respiratory Infections,7
2022-05-26,Nakuru District Hospital,Respiratory Infections,9
2022-05-27,Nakuru District Hospital,Respiratory Infections,13
2022-05-28,Nakuru District Hospital,Respiratory Infections,10
2022-05-29,Nakuru District Hospital,Respiratory Infections,13
2022-05-30,Nakuru District Hospital,Respiratory Infections,7
2022-05-31,Nakuru District Hospital,Respiratory Infections,5
2022-06-01,Nakuru District Hospital,Respiratory Infections,7
2022-06-02,Nakuru District Hospital,Respiratory Infections,7
2022-06-03,Nakuru District Hospital,Respiratory Infections,10
2022-06-04,Nakuru District Hospital,Respiratory Infections,9
2022-06-05,Nakuru District Hospital,Respiratory Infections,4
2022-06-06,Nakuru District Hospital,Respiratory Infections,5
2022-06-07,Nakuru District Hospital,Respiratory Infections,7
2022-06-08,Nakuru District Hospital,Respiratory Infections,10
2022-06-09,Nakuru District Hospital,Respiratory Infections,10
2022-06-10,Nakuru District Hospital,Respiratory Infections,7
2022-06-11,Nakuru District Hospital,Respiratory Infections,8
2022-06-12,Nakuru District Hospital,Respiratory Infections,6
2022-06-13,Nakuru District Hospital,Respiratory Infections,5
2022-06-14,Nakuru District Hospital,Respiratory Infections,14
2022-06-15,Nakuru District Hospital,Respiratory Infections,3
2022-06-16,Nakuru District Hospital,Respiratory Infections,12
2022-06-17,Nakuru District Hospital,Respiratory Infections,4
2022-06-18,Nakuru District Hospital,Respiratory Infections,7
2022-06-19,Nakuru District Hospital,Respiratory Infections,7
2022-06-20,Nakuru District Hospital,Respiratory Infections,6
2022-06-21,Nakuru District Hospital,Respiratory Infections,5
2022-06-22,Nakuru District Hospital,Respiratory Infections,6
2022-06-23,Nakuru District Hospital,Respiratory Infections,7
2022-06-24,Nakuru District Hospital,Respiratory Infections,11
2022-06-25,Nakuru District Hospital,Respiratory Infections,5
2022-06-26,Nakuru District Hospital,Respiratory Infections,11
2022-06-27,Nakuru District Hospital,Respiratory Infections,13
2022-06-28,Nakuru District Hospital,Respiratory Infections,6
2022-06-29,Nakuru District Hospital,Respiratory Infections,12
2022-06-30,Nakuru District Hospital,Respiratory Infections,10
2022-07-01,Nakuru District Hospital,Respiratory Infections,6
2022-07-02,Nakuru District Hospital,Respiratory Infections,6
2022-07-03,Nakuru District Hospital,Respiratory Infections,6
2022-07-04,Nakuru District Hospital,Respiratory Infections,8
2022-07-05,Nakuru District Hospital,Respiratory Infections,6
2022-07-06,Nakuru District Hospital,Respiratory Infections,7
2022-07-07,Nakuru District Hospital,Respiratory Infections,6
2022-07-08,Nakuru District Hospital,Respiratory Infections,11
2022-07-09,Nakuru District Hospital,Respiratory Infections,7
2022-07-10,Nakuru District Hospital,Respiratory Infections,3
2022-07-11,Nakuru District Hospital,Respiratory Infections,10
2022-07-12,Nakuru District Hospital,Respiratory Infections,5
2022-07-13,Nakuru District Hospital,Respiratory Infections,8
2022-07-14,Nakuru District Hospital,Respiratory Infections,10
2022-07-15,Nakuru District Hospital,Respiratory Infections,7
2022-07-16,Nakuru District Hospital,Respiratory Infections,10
2022-07-17,Nakuru District Hospital,Respiratory Infections,7
2022-07-18,Nakuru District Hospital,Respiratory Infections,7
2022-07-19,Nakuru District Hospital,Respiratory Infections,9
2022-07-20,Nakuru District Hospital,Respiratory Infections,9
2022-07-21,Nakuru District Hospital,Respiratory Infections,9
2022-07-22,Nakuru District Hospital,Respiratory Infections,8
2022-07-23,Nakuru District Hospital,Respiratory Infections,8
2022-07-24,Nakuru District Hospital,Respiratory Infections,13
2022-07-25,Nakuru District Hospital,Respiratory Infections,12
2022-07-26,Nakuru District Hospital,Respiratory Infections,13
2022-07-27,Nakuru District Hospital,Respiratory Infections,12
2022-07-28,Nakuru District Hospital,Respiratory Infections,8
2022-07-29,Nakuru District Hospital,Respiratory Infections,16
2022-07-30,Nakuru District Hospital,Respiratory Infections,5
2022-07-31,Nakuru District Hospital,Respiratory Infections,7
2022-08-01,Nakuru District Hospital,Respiratory Infections,13
2022-08-02,Nakuru District Hospital,Respiratory Infections,9
2022-08-03,Nakuru District Hospital,Respiratory Infections,7
2022-08-04,Nakuru District Hospital,Respiratory Infections,5
2022-08-05,Nakuru District Hospital,Respiratory Infections,2
2022-08-06,Nakuru District Hospital,Respiratory Infections,6
2022-08-07,Nakuru District Hospital,Respiratory Infections,8
2022-08-08,Nakuru District Hospital,Respiratory Infections,12
2022-08-09,Nakuru District Hospital,Respiratory Infections,1
2022-08-10,Nakuru District Hospital,Respiratory Infections,10
2022-08-11,Nakuru District Hospital,Respiratory Infections,6
2022-08-12,Nakuru District Hospital,Respiratory Infections,12
2022-08-13,Nakuru District Hospital,Respiratory Infections,8
2022-08-14,Nakuru District Hospital,Respiratory Infections,13
2022-08-15,Nakuru District Hospital,Respiratory Infections,7
2022-08-16,Nakuru District Hospital,Respiratory Infections,12
2022-08-17,Nakuru District Hospital,Respiratory Infections,11
2022-08-18,Nakuru District Hospital,Respiratory Infections,9
2022-08-19,Nakuru District Hospital,Respiratory Infections,12
2022-08-20,Nakuru District Hospital,Respiratory Infections,9
2022-08-21,Nakuru District Hospital,Respiratory Infections,4
2022-08-22,Nakuru District Hospital,Respiratory Infections,13
2022-08-23,Nakuru District Hospital,Respiratory Infections,9
2022-08-24,Nakuru District Hospital,Respiratory Infections,7
2022-08-25,Nakuru District Hospital,Respiratory Infections,11
2022-08-26,Nakuru District Hospital,Respiratory Infections,8
2022-08-27,Nakuru District Hospital,Respiratory Infections,9
2022-08-28,Nakuru District Hospital,Respiratory Infections,3
2022-08-29,Nakuru District Hospital,Respiratory Infections,9
2022-08-30,Nakuru District Hospital,Respiratory Infections,12
2022-08-31,Nakuru District Hospital,Respiratory Infections,9
2022-09-01,Nakuru District Hospital,Respiratory Infections,6
2022-09-02,Nakuru District Hospital,Respiratory Infections,8
2022-09-03,Nakuru District Hospital,Respiratory Infections,7
2022-09-04,Nakuru District Hospital,Respiratory Infections,3
2022-09-05,Nakuru District Hospital,Respiratory Infections,12
2022-09-06,Nakuru District Hospital,Respiratory Infections,8
2022-09-07,Nakuru District Hospital,Respiratory Infections,8
2022-09-08,Nakuru District Hospital,Respiratory Infections,10
2022-09-09,Nakuru District Hospital,Respiratory Infections,9
2022-09-10,Nakuru District Hospital,Respiratory Infections,8
2022-09-11,Nakuru District Hospital,Respiratory Infections,12
2022-09-12,Nakuru District Hospital,Respiratory Infections,5
2022-09-13,Nakuru District Hospital,Respiratory Infections,5
2022-09-14,Nakuru District Hospital,Respiratory Infections,8
2022-09-15,Nakuru District Hospital,Respiratory Infections,13
2022-09-16,Nakuru District Hospital,Respiratory Infections,7
2022-09-17,Nakuru District Hospital,Respiratory Infections,6
2022-09-18,Nakuru District Hospital,Respiratory Infections,5
2022-09-19,Nakuru District Hospital,Respiratory Infections,8
2022-09-20,Nakuru District Hospital,Respiratory Infections,8
2022-09-21,Nakuru District Hospital,Respiratory Infections,9
2022-09-22,Nakuru District Hospital,Respiratory Infections,10
2022-09-23,Nakuru District Hospital,Respiratory Infections,4
2022-09-24,Nakuru District Hospital,Respiratory Infections,2
2022-09-25,Nakuru District Hospital,Respiratory Infections,4
2022-09-26,Nakuru District Hospital,Respiratory Infections,10
2022-09-27,Nakuru District Hospital,Respiratory Infections,3
2022-09-28,Nakuru District Hospital,Respiratory Infections,5
2022-09-29,Nakuru District Hospital,Respiratory Infections,9
2022-09-30,Nakuru District Hospital,Respiratory Infections,8
2022-10-01,Nakuru District Hospital,Respiratory Infections,4
2022-10-02,Nakuru District Hospital,Respiratory Infections,2
2022-10-03,Nakuru District Hospital,Respiratory Infections,8
2022-10-04,Nakuru District Hospital,Respiratory Infections,3
2022-10-05,Nakuru District Hospital,Respiratory Infections,8
2022-10-06,Nakuru District Hospital,Respiratory Infections,3
2022-10-07,Nakuru District Hospital,Respiratory Infections,8
2022-10-08,Nakuru District Hospital,Respiratory Infections,2
2022-10-09,Nakuru District Hospital,Respiratory Infections,10
2022-10-10,Nakuru District Hospital,Respiratory Infections,3
2022-10-11,Nakuru District Hospital,Respiratory Infections,5
2022-10-12,Nakuru District Hospital,Respiratory Infections,12
2022-10-13,Nakuru District Hospital,Respiratory Infections,12
2022-10-14,Nakuru District Hospital,Respiratory Infections,5
2022-10-15,Nakuru District Hospital,Respiratory Infections,7
2022-10-16,Nakuru District Hospital,Respiratory Infections,6
2022-10-17,Nakuru District Hospital,Respiratory Infections,6
2022-10-18,Nakuru District Hospital,Respiratory Infections,7
2022-10-19,Nakuru District Hospital,Respiratory Infections,6
2022-10-20,Nakuru District Hospital,Respiratory Infections,2
2022-10-21,Nakuru District Hospital,Respiratory Infections,4
2022-10-22,Nakuru District Hospital,Respiratory Infections,10
2022-10-23,Nakuru District Hospital,Respiratory Infections,4
2022-10-24,Nakuru District Hospital,Respiratory Infections,3
2022-10-25,Nakuru District Hospital,Respiratory Infections,6
2022-10-26,Nakuru District Hospital,Respiratory Infections,4
2022-10-27,Nakuru District Hospital,Respiratory Infections,4
2022-10-28,Nakuru District Hospital,Respiratory Infections,7
2022-10-29,Nakuru District Hospital,Respiratory Infections,6
2022-10-30,Nakuru District Hospital,Respiratory Infections,1
2022-10-31,Nakuru District Hospital,Respiratory Infections,7
2022-11-01,Nakuru District Hospital,Respiratory Infections,8
2022-11-02,Nakuru District Hospital,Respiratory Infections,10
2022-11-03,Nakuru District Hospital,Respiratory Infections,7
2022-11-04,Nakuru District Hospital,Respiratory Infections,5
2022-11-05,Nakuru District Hospital,Respiratory Infections,5
2022-11-06,Nakuru District Hospital,Respiratory Infections,3
2022-11-07,Nakuru District Hospital,Respiratory Infections,3
2022-11-08,Nakuru District Hospital,Respiratory Infections,5
2022-11-09,Nakuru District Hospital,Respiratory Infections,4
2022-11-10,Nakuru District Hospital,Respiratory Infections,4
2022-11-11,Nakuru District Hospital,Respiratory Infections,2
2022-11-12,Nakuru District Hospital,Respiratory Infections,5
2022-11-13,Nakuru District Hospital,Respiratory Infections,2
2022-11-14,Nakuru District Hospital,Respiratory Infections,5
2022-11-15,Nakuru District Hospital,Respiratory Infections,5
2022-11-16,Nakuru District Hospital,Respiratory Infections,7
2022-11-17,Nakuru District Hospital,Respiratory Infections,3
2022-11-18,Nakuru District Hospital,Respiratory Infections,5
2022-11-19,Nakuru District Hospital,Respiratory Infections,1
2022-11-20,Nakuru District Hospital,Respiratory Infections,4
2022-11-21,Nakuru District Hospital,Respiratory Infections,4
2022-11-22,Nakuru District Hospital,Respiratory Infections,3
2022-11-23,Nakuru District Hospital,Respiratory Infections,6
2022-11-24,Nakuru District Hospital,Respiratory Infections,1
2022-11-25,Nakuru District Hospital,Respiratory Infections,2
2022-11-26,Nakuru District Hospital,Respiratory Infections,4
2022-11-27,Nakuru District Hospital,Respiratory Infections,6
2022-11-28,Nakuru District Hospital,Respiratory Infections,4
2022-11-29,Nakuru District Hospital,Respiratory Infections,6
2022-11-30,Nakuru District Hospital,Respiratory Infections,2
2022-12-01,Nakuru District Hospital,Respiratory Infections,7
2022-12-02,Nakuru District Hospital,Respiratory Infections,2
2022-12-03,Nakuru District Hospital,Respiratory Infections,3
2022-12-04,Nakuru District Hospital,Respiratory Infections,4
2022-12-05,Nakuru District Hospital,Respiratory Infections,5
2022-12-06,Nakuru District Hospital,Respiratory Infections,4
2022-12-07,Nakuru District Hospital,Respiratory Infections,3
2022-12-08,Nakuru District Hospital,Respiratory Infections,3
2022-12-09,Nakuru District Hospital,Respiratory Infections,5
2022-12-10,Nakuru District Hospital,Respiratory Infections,3
2022-12-11,Nakuru District Hospital,Respiratory Infections,3
2022-12-12,Nakuru District Hospital,Respiratory Infections,4
2022-12-13,Nakuru District Hospital,Respiratory Infections,5
2022-12-14,Nakuru District Hospital,Respiratory Infections,5
2022-12-15,Nakuru District Hospital,Respiratory Infections,4
2022-12-16,Nakuru District Hospital,Respiratory Infections,2
2022-12-17,Nakuru District Hospital,Respiratory Infections,0
2022-12-18,Nakuru District Hospital,Respiratory Infections,2
2022-12-19,Nakuru District Hospital,Respiratory Infections,5
2022-12-20,Nakuru District Hospital,Respiratory Infections,8
2022-12-21,Nakuru District Hospital,Respiratory Infections,3
2022-12-22,Nakuru District Hospital,Respiratory Infections,4
2022-12-23,Nakuru District Hospital,Respiratory Infections,0
2022-12-24,Nakuru District Hospital,Respiratory Infections,3
2022-12-25,Nakuru District Hospital,Respiratory Infections,1
2022-12-26,Nakuru District Hospital,Respiratory Infections,5
2022-12-27,Nakuru District Hospital,Respiratory Infections,1
2022-12-28,Nakuru District Hospital,Respiratory Infections,7
2022-12-29,Nakuru District Hospital,Respiratory Infections,4
2022-12-30,Nakuru District Hospital,Respiratory Infections,3
2022-12-31,Nakuru District Hospital,Respiratory Infections,1
2023-01-01,Nakuru District Hospital,Respiratory Infections,2
2023-01-02,Nakuru District Hospital,Respiratory Infections,0
2023-01-03,Nakuru District Hospital,Respiratory Infections,4
2023-01-04,Nakuru District Hospital,Respiratory Infections,2
2023-01-05,Nakuru District Hospital,Respiratory Infections,0
2023-01-06,Nakuru District Hospital,Respiratory Infections,5
2023-01-07,Nakuru District Hospital,Respiratory Infections,1
2023-01-08,Nakuru District Hospital,Respiratory Infections,3
2023-01-09,Nakuru District Hospital,Respiratory Infections,3
2023-01-10,Nakuru District Hospital,Respiratory Infections,3
2023-01-11,Nakuru District Hospital,Respiratory Infections,4
2023-01-12,Nakuru District Hospital,Respiratory Infections,4
2023-01-13,Nakuru District Hospital,Respiratory Infections,3
2023-01-14,Nakuru District Hospital,Respiratory Infections,4
2023-01-15,Nakuru District Hospital,Respiratory Infections,0
2023-01-16,Nakuru District Hospital,Respiratory Infections,2
2023-01-17,Nakuru District Hospital,Respiratory Infections,3
2023-01-18,Nakuru District Hospital,Respiratory Infections,2
2023-01-19,Nakuru District Hospital,Respiratory Infections,1
2023-01-20,Nakuru District Hospital,Respiratory Infections,1
2023-01-21,Nakuru District Hospital,Respiratory Infections,5
2023-01-22,Nakuru District Hospital,Respiratory Infections,2
2023-01-23,Nakuru District Hospital,Respiratory Infections,5
2023-01-24,Nakuru District Hospital,Respiratory Infections,2
2023-01-25,Nakuru District Hospital,Respiratory Infections,5
2023-01-26,Nakuru District Hospital,Respiratory Infections,3
2023-01-27,Nakuru District Hospital,Respiratory Infections,4
2023-01-28,Nakuru District Hospital,Respiratory Infections,3
2023-01-29,Nakuru District Hospital,Respiratory Infections,5
2023-01-30,Nakuru District Hospital,Respiratory Infections,4
2023-01-31,Nakuru District Hospital,Respiratory Infections,4
2023-02-01,Nakuru District Hospital,Respiratory Infections,1
2023-02-02,Nakuru District Hospital,Respiratory Infections,5
2023-02-03,Nakuru District Hospital,Respiratory Infections,5
2023-02-04,Nakuru District Hospital,Respiratory Infections,2
2023-02-05,Nakuru District Hospital,Respiratory Infections,2
2023-02-06,Nakuru District Hospital,Respiratory Infections,2
2023-02-07,Nakuru District Hospital,Respiratory Infections,3
2023-02-08,Nakuru District Hospital,Respiratory Infections,5
2023-02-09,Nakuru District Hospital,Respiratory Infections,1
2023-02-10,Nakuru District Hospital,Respiratory Infections,4
2023-02-11,Nakuru District Hospital,Respiratory Infections,4
2023-02-12,Nakuru District Hospital,Respiratory Infections,2
2023-02-13,Nakuru District Hospital,Respiratory Infections,1
2023-02-14,Nakuru District Hospital,Respiratory Infections,6
2023-02-15,Nakuru District Hospital,Respiratory Infections,1
2023-02-16,Nakuru District Hospital,Respiratory Infections,1
2023-02-17,Nakuru District Hospital,Respiratory Infections,4
2023-02-18,Nakuru District Hospital,Respiratory Infections,2
2023-02-19,Nakuru District Hospital,Respiratory Infections,0
2023-02-20,Nakuru District Hospital,Respiratory Infections,6
2023-02-21,Nakuru District Hospital,Respiratory Infections,2
2023-02-22,Nakuru District Hospital,Respiratory Infections,2
2023-02-23,Nakuru District Hospital,Respiratory Infections,3
2023-02-24,Nakuru District Hospital,Respiratory Infections,4
2023-02-25,Nakuru District Hospital,Respiratory Infections,2
2023-02-26,Nakuru District Hospital,Respiratory Infections,3
2023-02-27,Nakuru District Hospital,Respiratory Infections,3
2023-02-28,Nakuru District Hospital,Respiratory Infections,2
2023-03-01,Nakuru District Hospital,Respiratory Infections,3
2023-03-02,Nakuru District Hospital,Respiratory Infections,5
2023-03-03,Nakuru District Hospital,Respiratory Infections,8
2023-03-04,Nakuru District Hospital,Respiratory Infections,2
2023-03-05,Nakuru District Hospital,Respiratory Infections,4
2023-03-06,Nakuru District Hospital,Respiratory Infections,8
2023-03-07,Nakuru District Hospital,Respiratory Infections,6
2023-03-08,Nakuru District Hospital,Respiratory Infections,5
2023-03-09,Nakuru District Hospital,Respiratory Infections,4
2023-03-10,Nakuru District Hospital,Respiratory Infections,4
2023-03-11,Nakuru District Hospital,Respiratory Infections,3
2023-03-12,Nakuru District Hospital,Respiratory Infections,3
2023-03-13,Nakuru District Hospital,Respiratory Infections,6
2023-03-14,Nakuru District Hospital,Respiratory Infections,10
2023-03-15,Nakuru District Hospital,Respiratory Infections,7
2023-03-16,Nakuru District Hospital,Respiratory Infections,10
2023-03-17,Nakuru District Hospital,Respiratory Infections,4
2023-03-18,Nakuru District Hospital,Respiratory Infections,4
2023-03-19,Nakuru District Hospital,Respiratory Infections,3
2023-03-20,Nakuru District Hospital,Respiratory Infections,7
2023-03-21,Nakuru District Hospital,Respiratory Infections,3
2023-03-22,Nakuru District Hospital,Respiratory Infections,2
2023-03-23,Nakuru District Hospital,Respiratory Infections,3
2023-03-24,Nakuru District Hospital,Respiratory Infections,6
2023-03-25,Nakuru District Hospital,Respiratory Infections,5
2023-03-26,Nakuru District Hospital,Respiratory Infections,2
2023-03-27,Nakuru District Hospital,Respiratory Infections,9
2023-03-28,Nakuru District Hospital,Respiratory Infections,4
2023-03-29,Nakuru District Hospital,Respiratory Infections,3
2023-03-30,Nakuru District Hospital,Respiratory Infections,4
2023-03-31,Nakuru District Hospital,Respiratory Infections,4
2023-04-01,Nakuru District Hospital,Respiratory Infections,6
2023-04-02,Nakuru District Hospital,Respiratory Infections,1
2023-04-03,Nakuru District Hospital,Respiratory Infections,1
2023-04-04,Nakuru District Hospital,Respiratory Infections,2
2023-04-05,Nakuru District Hospital,Respiratory Infections,9
2023-04-06,Nakuru District Hospital,Respiratory Infections,4
2023-04-07,Nakuru District Hospital,Respiratory Infections,5
2023-04-08,Nakuru District Hospital,Respiratory Infections,7
2023-04-09,Nakuru District Hospital,Respiratory Infections,5
2023-04-10,Nakuru District Hospital,Respiratory Infections,4
2023-04-11,Nakuru District Hospital,Respiratory Infections,5
2023-04-12,Nakuru District Hospital,Respiratory Infections,8
2023-04-13,Nakuru District Hospital,Respiratory Infections,7
2023-04-14,Nakuru District Hospital,Respiratory Infections,6
2023-04-15,Nakuru District Hospital,Respiratory Infections,5
2023-04-16,Nakuru District Hospital,Respiratory Infections,7
2023-04-17,Nakuru District Hospital,Respiratory Infections,2
2023-04-18,Nakuru District Hospital,Respiratory Infections,7
2023-04-19,Nakuru District Hospital,Respiratory Infections,8
2023-04-20,Nakuru District Hospital,Respiratory Infections,3
2023-04-21,Nakuru District Hospital,Respiratory Infections,6
2023-04-22,Nakuru District Hospital,Respiratory Infections,5
2023-04-23,Nakuru District Hospital,Respiratory Infections,3
2023-04-24,Nakuru District Hospital,Respiratory Infections,7
2023-04-25,Nakuru District Hospital,Respiratory Infections,8
2023-04-26,Nakuru District Hospital,Respiratory Infections,7
2023-04-27,Nakuru District Hospital,Respiratory Infections,5
2023-04-28,Nakuru District Hospital,Respiratory Infections,5
2023-04-29,Nakuru District Hospital,Respiratory Infections,6
2023-04-30,Nakuru District Hospital,Respiratory Infections,4
2023-05-01,Nakuru District Hospital,Respiratory Infections,7
2023-05-02,Nakuru District Hospital,Respiratory Infections,6
2023-05-03,Nakuru District Hospital,Respiratory Infections,7
2023-05-04,Nakuru District Hospital,Respiratory Infections,6
2023-05-05,Nakuru District Hospital,Respiratory Infections,10
2023-05-06,Nakuru District Hospital,Respiratory Infections,8
2023-05-07,Nakuru District Hospital,Respiratory Infections,7
2023-05-08,Nakuru District Hospital,Respiratory Infections,8
2023-05-09,Nakuru District Hospital,Respiratory Infections,7
2023-05-10,Nakuru District Hospital,Respiratory Infections,11
2023-05-11,Nakuru District Hospital,Respiratory Infections,7
2023-05-12,Nakuru District Hospital,Respiratory Infections,12
2023-05-13,Nakuru District Hospital,Respiratory Infections,6
2023-05-14,Nakuru District Hospital,Respiratory Infections,3
2023-05-15,Nakuru District Hospital,Respiratory Infections,7
2023-05-16,Nakuru District Hospital,Respiratory Infections,9
2023-05-17,Nakuru District Hospital,Respiratory Infections,7
2023-05-18,Nakuru District Hospital,Respiratory Infections,7
2023-05-19,Nakuru District Hospital,Respiratory Infections,15
2023-05-20,Nakuru District Hospital,Respiratory Infections,6
2023-05-21,Nakuru District Hospital,Respiratory Infections,8
2023-05-22,Nakuru District Hospital,Respiratory Infections,6
2023-05-23,Nakuru District Hospital,Respiratory Infections,5
2023-05-24,Nakuru District Hospital,Respiratory Infections,7
2023-05-25,Nakuru District Hospital,Respiratory Infections,5
2023-05-26,Nakuru District Hospital,Respiratory Infections,15
2023-05-27,Nakuru District Hospital,Respiratory Infections,4
2023-05-28,Nakuru District Hospital,Respiratory Infections,4
2023-05-29,Nakuru District Hospital,Respiratory Infections,2
2023-05-30,Nakuru District Hospital,Respiratory Infections,11
2023-05-31,Nakuru District Hospital,Respiratory Infections,10
2023-06-01,Nakuru District Hospital,Respiratory Infections,6
2023-06-02,Nakuru District Hospital,Respiratory Infections,5
2023-06-03,Nakuru District Hospital,Respiratory Infections,2
2023-06-04,Nakuru District Hospital,Respiratory Infections,9
2023-06-05,Nakuru District Hospital,Respiratory Infections,11
2023-06-06,Nakuru District Hospital,Respiratory Infections,8
2023-06-07,Nakuru District Hospital,Respiratory Infections,7
2023-06-08,Nakuru District Hospital,Respiratory Infections,11
2023-06-09,Nakuru District Hospital,Respiratory Infections,15
2023-06-10,Nakuru District Hospital,Respiratory Infections,5
2023-06-11,Nakuru District Hospital,Respiratory Infections,13
2023-06-12,Nakuru District Hospital,Respiratory Infections,10
2023-06-13,Nakuru District Hospital,Respiratory Infections,9
2023-06-14,Nakuru District Hospital,Respiratory Infections,7
2023-06-15,Nakuru District Hospital,Respiratory Infections,11
2023-06-16,Nakuru District Hospital,Respiratory Infections,5
2023-06-17,Nakuru District Hospital,Respiratory Infections,11
2023-06-18,Nakuru District Hospital,Respiratory Infections,8
2023-06-19,Nakuru District Hospital,Respiratory Infections,12
2023-06-20,Nakuru District Hospital,Respiratory Infections,11
2023-06-21,Nakuru District Hospital,Respiratory Infections,5
2023-06-22,Nakuru District Hospital,Respiratory Infections,9
2023-06-23,Nakuru District Hospital,Respiratory Infections,14
2023-06-24,Nakuru District Hospital,Respiratory Infections,6
2023-06-25,Nakuru District Hospital,Respiratory Infections,6
2023-06-26,Nakuru District Hospital,Respiratory Infections,7
2023-06-27,Nakuru District Hospital,Respiratory Infections,10
2023-06-28,Nakuru District Hospital,Respiratory Infections,11
2023-06-29,Nakuru District Hospital,Respiratory Infections,9
2023-06-30,Nakuru District Hospital,Respiratory Infections,12
2023-07-01,Nakuru District Hospital,Respiratory Infections,6
2023-07-02,Nakuru District Hospital,Respiratory Infections,9
2023-07-03,Nakuru District Hospital,Respiratory Infections,7
2023-07-04,Nakuru District Hospital,Respiratory Infections,11
2023-07-05,Nakuru District Hospital,Respiratory Infections,10
2023-07-06,Nakuru District Hospital,Respiratory Infections,11
2023-07-07,Nakuru District Hospital,Respiratory Infections,5
2023-07-08,Nakuru District Hospital,Respiratory Infections,8
2023-07-09,Nakuru District Hospital,Respiratory Infections,11
2023-07-10,Nakuru District Hospital,Respiratory Infections,8
2023-07-11,Nakuru District Hospital,Respiratory Infections,19
2023-07-12,Nakuru District Hospital,Respiratory Infections,11
2023-07-13,Nakuru District Hospital,Respiratory Infections,9
2023-07-14,Nakuru District Hospital,Respiratory Infections,6
2023-07-15,Nakuru District Hospital,Respiratory Infections,5
2023-07-16,Nakuru District Hospital,Respiratory Infections,9
2023-07-17,Nakuru District Hospital,Respiratory Infections,4
2023-07-18,Nakuru District Hospital,Respiratory Infections,5
2023-07-19,Nakuru District Hospital,Respiratory Infections,6
2023-07-20,Nakuru District Hospital,Respiratory Infections,9
2023-07-21,Nakuru District Hospital,Respiratory Infections,12
2023-07-22,Nakuru District Hospital,Respiratory Infections,6
2023-07-23,Nakuru District Hospital,Respiratory Infections,11
2023-07-24,Nakuru District Hospital,Respiratory Infections,6
2023-07-25,Nakuru District Hospital,Respiratory Infections,13
2023-07-26,Nakuru District Hospital,Respiratory Infections,10
2023-07-27,Nakuru District Hospital,Respiratory Infections,10
2023-07-28,Nakuru District Hospital,Respiratory Infections,13
2023-07-29,Nakuru District Hospital,Respiratory Infections,7
2023-07-30,Nakuru District Hospital,Respiratory Infections,10
2023-07-31,Nakuru District Hospital,Respiratory Infections,8
2023-08-01,Nakuru District Hospital,Respiratory Infections,7
2023-08-02,Nakuru District Hospital,Respiratory Infections,9
2023-08-03,Nakuru District Hospital,Respiratory Infections,10
2023-08-04,Nakuru District Hospital,Respiratory Infections,10
2023-08-05,Nakuru District Hospital,Respiratory Infections,9
2023-08-06,Nakuru District Hospital,Respiratory Infections,8
2023-08-07,Nakuru District Hospital,Respiratory Infections,13
2023-08-08,Nakuru District Hospital,Respiratory Infections,13
2023-08-09,Nakuru District Hospital,Respiratory Infections,11
2023-08-10,Nakuru District Hospital,Respiratory Infections,10
2023-08-11,Nakuru District Hospital,Respiratory Infections,6
2023-08-12,Nakuru District Hospital,Respiratory Infections,8
2023-08-13,Nakuru District Hospital,Respiratory Infections,10
2023-08-14,Nakuru District Hospital,Respiratory Infections,8
2023-08-15,Nakuru District Hospital,Respiratory Infections,11
2023-08-16,Nakuru District Hospital,Respiratory Infections,7
2023-08-17,Nakuru District Hospital,Respiratory Infections,11
2023-08-18,Nakuru District Hospital,Respiratory Infections,7
2023-08-19,Nakuru District Hospital,Respiratory Infections,7
2023-08-20,Nakuru District Hospital,Respiratory Infections,7
2023-08-21,Nakuru District Hospital,Respiratory Infections,11
2023-08-22,Nakuru District Hospital,Respiratory Infections,19
2023-08-23,Nakuru District Hospital,Respiratory Infections,9
2023-08-24,Nakuru District Hospital,Respiratory Infections,19
2023-08-25,Nakuru District Hospital,Respiratory Infections,5
2023-08-26,Nakuru District Hospital,Respiratory Infections,11
2023-08-27,Nakuru District Hospital,Respiratory Infections,1
2023-08-28,Nakuru District Hospital,Respiratory Infections,10
2023-08-29,Nakuru District Hospital,Respiratory Infections,5
2023-08-30,Nakuru District Hospital,Respiratory Infections,10
2023-08-31,Nakuru District Hospital,Respiratory Infections,10
2023-09-01,Nakuru District Hospital,Respiratory Infections,9
2023-09-02,Nakuru District Hospital,Respiratory Infections,6
2023-09-03,Nakuru District Hospital,Respiratory Infections,6
2023-09-04,Nakuru District Hospital,Respiratory Infections,15
2023-09-05,Nakuru District Hospital,Respiratory Infections,6
2023-09-06,Nakuru District Hospital,Respiratory Infections,5
2023-09-07,Nakuru District Hospital,Respiratory Infections,7
2023-09-08,Nakuru District Hospital,Respiratory Infections,10
2023-09-09,Nakuru District Hospital,Respiratory Infections,9
2023-09-10,Nakuru District Hospital,Respiratory Infections,9
2023-09-11,Nakuru District Hospital,Respiratory Infections,2
2023-09-12,Nakuru District Hospital,Respiratory Infections,7
2023-09-13,Nakuru District Hospital,Respiratory Infections,6
2023-09-14,Nakuru District Hospital,Respiratory Infections,10
2023-09-15,Nakuru District Hospital,Respiratory Infections,5
2023-09-16,Nakuru District Hospital,Respiratory Infections,6
2023-09-17,Nakuru District Hospital,Respiratory Infections,5
2023-09-18,Nakuru District Hospital,Respiratory Infections,7
2023-09-19,Nakuru District Hospital,Respiratory Infections,10
2023-09-20,Nakuru District Hospital,Respiratory Infections,8
2023-09-21,Nakuru District Hospital,Respiratory Infections,15
2023-09-22,Nakuru District Hospital,Respiratory Infections,10
2023-09-23,Nakuru District Hospital,Respiratory Infections,14
2023-09-24,Nakuru District Hospital,Respiratory Infections,8
2023-09-25,Nakuru District Hospital,Respiratory Infections,7
2023-09-26,Nakuru District Hospital,Respiratory Infections,4
2023-09-27,Nakuru District Hospital,Respiratory Infections,8
2023-09-28,Nakuru District Hospital,Respiratory Infections,4
2023-09-29,Nakuru District Hospital,Respiratory Infections,5
2023-09-30,Nakuru District Hospital,Respiratory Infections,10
2023-10-01,Nakuru District Hospital,Respiratory Infections,6
2023-10-02,Nakuru District Hospital,Respiratory Infections,8
2023-10-03,Nakuru District Hospital,Respiratory Infections,11
2023-10-04,Nakuru District Hospital,Respiratory Infections,7
2023-10-05,Nakuru District Hospital,Respiratory Infections,11
2023-10-06,Nakuru District Hospital,Respiratory Infections,4
2023-10-07,Nakuru District Hospital,Respiratory Infections,5
2023-10-08,Nakuru District Hospital,Respiratory Infections,1
2023-10-09,Nakuru District Hospital,Respiratory Infections,8
2023-10-10,Nakuru District Hospital,Respiratory Infections,11
2023-10-11,Nakuru District Hospital,Respiratory Infections,8
2023-10-12,Nakuru District Hospital,Respiratory Infections,9
2023-10-13,Nakuru District Hospital,Respiratory Infections,10
2023-10-14,Nakuru District Hospital,Respiratory Infections,7
2023-10-15,Nakuru District Hospital,Respiratory Infections,8
2023-10-16,Nakuru District Hospital,Respiratory Infections,8
2023-10-17,Nakuru District Hospital,Respiratory Infections,6
2023-10-18,Nakuru District Hospital,Respiratory Infections,6
2023-10-19,Nakuru District Hospital,Respiratory Infections,5
2023-10-20,Nakuru District Hospital,Respiratory Infections,8
2023-10-21,Nakuru District Hospital,Respiratory Infections,7
2023-10-22,Nakuru District Hospital,Respiratory Infections,7
2023-10-23,Nakuru District Hospital,Respiratory Infections,6
2023-10-24,Nakuru District Hospital,Respiratory Infections,7
2023-10-25,Nakuru District Hospital,Respiratory Infections,4
2023-10-26,Nakuru District Hospital,Respiratory Infections,7
2023-10-27,Nakuru District Hospital,Respiratory Infections,5
2023-10-28,Nakuru District Hospital,Respiratory Infections,4
2023-10-29,Nakuru District Hospital,Respiratory Infections,5
2023-10-30,Nakuru District Hospital,Respiratory Infections,3
2023-10-31,Nakuru District Hospital,Respiratory Infections,9
2023-11-01,Nakuru District Hospital,Respiratory Infections,3
2023-11-02,Nakuru District Hospital,Respiratory Infections,5
2023-11-03,Nakuru District Hospital,Respiratory Infections,9
2023-11-04,Nakuru District Hospital,Respiratory Infections,4
2023-11-05,Nakuru District Hospital,Respiratory Infections,3
2023-11-06,Nakuru District Hospital,Respiratory Infections,3
2023-11-07,Nakuru District Hospital,Respiratory Infections,1
2023-11-08,Nakuru District Hospital,Respiratory Infections,6
2023-11-09,Nakuru District Hospital,Respiratory Infections,8
2023-11-10,Nakuru District Hospital,Respiratory Infections,8
2023-11-11,Nakuru District Hospital,Respiratory Infections,2
2023-11-12,Nakuru District Hospital,Respiratory Infections,1
2023-11-13,Nakuru District Hospital,Respiratory Infections,2
2023-11-14,Nakuru District Hospital,Respiratory Infections,4
2023-11-15,Nakuru District Hospital,Respiratory Infections,10
2023-11-16,Nakuru District Hospital,Respiratory Infections,7
2023-11-17,Nakuru District Hospital,Respiratory Infections,4
2023-11-18,Nakuru District Hospital,Respiratory Infections,8
2023-11-19,Nakuru District Hospital,Respiratory Infections,4
2023-11-20,Nakuru District Hospital,Respiratory Infections,5
2023-11-21,Nakuru District Hospital,Respiratory Infections,4
2023-11-22,Nakuru District Hospital,Respiratory Infections,2
2023-11-23,Nakuru District Hospital,Respiratory Infections,5
2023-11-24,Nakuru District Hospital,Respiratory Infections,2
2023-11-25,Nakuru District Hospital,Respiratory Infections,4
2023-11-26,Nakuru District Hospital,Respiratory Infections,1
2023-11-27,Nakuru District Hospital,Respiratory Infections,0
2023-11-28,Nakuru District Hospital,Respiratory Infections,5
2023-11-29,Nakuru District Hospital,Respiratory Infections,7
2023-11-30,Nakuru District Hospital,Respiratory Infections,9
2023-12-01,Nakuru District Hospital,Respiratory Infections,6
2023-12-02,Nakuru District Hospital,Respiratory Infections,5
2023-12-03,Nakuru District Hospital,Respiratory Infections,1
2023-12-04,Nakuru District Hospital,Respiratory Infections,7
2023-12-05,Nakuru District Hospital,Respiratory Infections,4
2023-12-06,Nakuru District Hospital,Respiratory Infections,4
2023-12-07,Nakuru District Hospital,Respiratory Infections,3
2023-12-08,Nakuru District Hospital,Respiratory Infections,8
2023-12-09,Nakuru District Hospital,Respiratory Infections,5
2023-12-10,Nakuru District Hospital,Respiratory Infections,1
2023-12-11,Nakuru District Hospital,Respiratory Infections,2
2023-12-12,Nakuru District Hospital,Respiratory Infections,3
2023-12-13,Nakuru District Hospital,Respiratory Infections,3
2023-12-14,Nakuru District Hospital,Respiratory Infections,4
2023-12-15,Nakuru District Hospital,Respiratory Infections,3
2023-12-16,Nakuru District Hospital,Respiratory Infections,5
2023-12-17,Nakuru District Hospital,Respiratory Infections,4
2023-12-18,Nakuru District Hospital,Respiratory Infections,5
2023-12-19,Nakuru District Hospital,Respiratory Infections,6
2023-12-20,Nakuru District Hospital,Respiratory Infections,4
2023-12-21,Nakuru District Hospital,Respiratory Infections,1
2023-12-22,Nakuru District Hospital,Respiratory Infections,9
2023-12-23,Nakuru District Hospital,Respiratory Infections,1
2023-12-24,Nakuru District Hospital,Respiratory Infections,1
2023-12-25,Nakuru District Hospital,Respiratory Infections,7
2023-12-26,Nakuru District Hospital,Respiratory Infections,7
2023-12-27,Nakuru District Hospital,Respiratory Infections,2
2023-12-28,Nakuru District Hospital,Respiratory Infections,2
2023-12-29,Nakuru District Hospital,Respiratory Infections,6
2023-12-30,Nakuru District Hospital,Respiratory Infections,2
2023-12-31,Nakuru District Hospital,Respiratory Infections,2
2024-01-01,Nakuru District Hospital,Respiratory Infections,5
2024-01-02,Nakuru District Hospital,Respiratory Infections,5
2024-01-03,Nakuru District Hospital,Respiratory Infections,3
2024-01-04,Nakuru District Hospital,Respiratory Infections,3
2024-01-05,Nakuru District Hospital,Respiratory Infections,5
2024-01-06,Nakuru District Hospital,Respiratory Infections,4
2024-01-07,Nakuru District Hospital,Respiratory Infections,3
2024-01-08,Nakuru District Hospital,Respiratory Infections,1
2024-01-09,Nakuru District Hospital,Respiratory Infections,5
2024-01-10,Nakuru District Hospital,Respiratory Infections,3
2024-01-11,Nakuru District Hospital,Respiratory Infections,2
2024-01-12,Nakuru District Hospital,Respiratory Infections,3
2024-01-13,Nakuru District Hospital,Respiratory Infections,2
2024-01-14,Nakuru District Hospital,Respiratory Infections,2
2024-01-15,Nakuru District Hospital,Respiratory Infections,3
2024-01-16,Nakuru District Hospital,Respiratory Infections,0
2024-01-17,Nakuru District Hospital,Respiratory Infections,4
2024-01-18,Nakuru District Hospital,Respiratory Infections,5
2024-01-19,Nakuru District Hospital,Respiratory Infections,5
2024-01-20,Nakuru District Hospital,Respiratory Infections,4
2024-01-21,Nakuru District Hospital,Respiratory Infections,3
2024-01-22,Nakuru District Hospital,Respiratory Infections,5
2024-01-23,Nakuru District Hospital,Respiratory Infections,6
2024-01-24,Nakuru District Hospital,Respiratory Infections,3
2024-01-25,Nakuru District Hospital,Respiratory Infections,5
2024-01-26,Nakuru District Hospital,Respiratory Infections,1
2024-01-27,Nakuru District Hospital,Respiratory Infections,2
2024-01-28,Nakuru District Hospital,Respiratory Infections,1
2024-01-29,Nakuru District Hospital,Respiratory Infections,1
2024-01-30,Nakuru District Hospital,Respiratory Infections,4
2024-01-31,Nakuru District Hospital,Respiratory Infections,4
2024-02-01,Nakuru District Hospital,Respiratory Infections,3
2024-02-02,Nakuru District Hospital,Respiratory Infections,5
2024-02-03,Nakuru District Hospital,Respiratory Infections,2
2024-02-04,Nakuru District Hospital,Respiratory Infections,2
2024-02-05,Nakuru District Hospital,Respiratory Infections,7
2024-02-06,Nakuru District Hospital,Respiratory Infections,6
2024-02-07,Nakuru District Hospital,Respiratory Infections,3
2024-02-08,Nakuru District Hospital,Respiratory Infections,4
2024-02-09,Nakuru District Hospital,Respiratory Infections,4
2024-02-10,Nakuru District Hospital,Respiratory Infections,3
2024-02-11,Nakuru District Hospital,Respiratory Infections,3
2024-02-12,Nakuru District Hospital,Respiratory Infections,1
2024-02-13,Nakuru District Hospital,Respiratory Infections,3
2024-02-14,Nakuru District Hospital,Respiratory Infections,3
2024-02-15,Nakuru District Hospital,Respiratory Infections,1
2024-02-16,Nakuru District Hospital,Respiratory Infections,1
2024-02-17,Nakuru District Hospital,Respiratory Infections,2
2024-02-18,Nakuru District Hospital,Respiratory Infections,1
2024-02-19,Nakuru District Hospital,Respiratory Infections,4
2024-02-20,Nakuru District Hospital,Respiratory Infections,3
2024-02-21,Nakuru District Hospital,Respiratory Infections,2
2024-02-22,Nakuru District Hospital,Respiratory Infections,3
2024-02-23,Nakuru District Hospital,Respiratory Infections,0
2024-02-24,Nakuru District Hospital,Respiratory Infections,3
2024-02-25,Nakuru District Hospital,Respiratory Infections,4
2024-02-26,Nakuru District Hospital,Respiratory Infections,3
2024-02-27,Nakuru District Hospital,Respiratory Infections,2
2024-02-28,Nakuru District Hospital,Respiratory Infections,3
2024-02-29,Nakuru District Hospital,Respiratory Infections,8
2024-03-01,Nakuru District Hospital,Respiratory Infections,4
2024-03-02,Nakuru District Hospital,Respiratory Infections,6
2024-03-03,Nakuru District Hospital,Respiratory Infections,4
2024-03-04,Nakuru District Hospital,Respiratory Infections,2
2024-03-05,Nakuru District Hospital,Respiratory Infections,7
2024-03-06,Nakuru District Hospital,Respiratory Infections,1
2024-03-07,Nakuru District Hospital,Respiratory Infections,8
2024-03-08,Nakuru District Hospital,Respiratory Infections,4
2024-03-09,Nakuru District Hospital,Respiratory Infections,2
2024-03-10,Nakuru District Hospital,Respiratory Infections,6
2024-03-11,Nakuru District Hospital,Respiratory Infections,4
2024-03-12,Nakuru District Hospital,Respiratory Infections,6
2024-03-13,Nakuru District Hospital,Respiratory Infections,2
2024-03-14,Nakuru District Hospital,Respiratory Infections,5
2024-03-15,Nakuru District Hospital,Respiratory Infections,2
2024-03-16,Nakuru District Hospital,Respiratory Infections,3
2024-03-17,Nakuru District Hospital,Respiratory Infections,2
2024-03-18,Nakuru District Hospital,Respiratory Infections,6
2024-03-19,Nakuru District Hospital,Respiratory Infections,2
2024-03-20,Nakuru District Hospital,Respiratory Infections,5
2024-03-21,Nakuru District Hospital,Respiratory Infections,4
2024-03-22,Nakuru District Hospital,Respiratory Infections,4
2024-03-23,Nakuru District Hospital,Respiratory Infections,4
2024-03-24,Nakuru District Hospital,Respiratory Infections,5
2024-03-25,Nakuru District Hospital,Respiratory Infections,7
2024-03-26,Nakuru District Hospital,Respiratory Infections,6
2024-03-27,Nakuru District Hospital,Respiratory Infections,6
2024-03-28,Nakuru District Hospital,Respiratory Infections,3
2024-03-29,Nakuru District Hospital,Respiratory Infections,5
2024-03-30,Nakuru District Hospital,Respiratory Infections,6
2024-03-31,Nakuru District Hospital,Respiratory Infections,1
2024-04-01,Nakuru District Hospital,Respiratory Infections,2
2024-04-02,Nakuru District Hospital,Respiratory Infections,1
2024-04-03,Nakuru District Hospital,Respiratory Infections,9
2024-04-04,Nakuru District Hospital,Respiratory Infections,3
2024-04-05,Nakuru District Hospital,Respiratory Infections,12
2024-04-06,Nakuru District Hospital,Respiratory Infections,4
2024-04-07,Nakuru District Hospital,Respiratory Infections,8
2024-04-08,Nakuru District Hospital,Respiratory Infections,3
2024-04-09,Nakuru District Hospital,Respiratory Infections,5
2024-04-10,Nakuru District Hospital,Respiratory Infections,6
2024-04-11,Nakuru District Hospital,Respiratory Infections,4
2024-04-12,Nakuru District Hospital,Respiratory Infections,6
2024-04-13,Nakuru District Hospital,Respiratory Infections,3
2024-04-14,Nakuru District Hospital,Respiratory Infections,5
2024-04-15,Nakuru District Hospital,Respiratory Infections,7
2024-04-16,Nakuru District Hospital,Respiratory Infections,6
2024-04-17,Nakuru District Hospital,Respiratory Infections,2
2024-04-18,Nakuru District Hospital,Respiratory Infections,7
2024-04-19,Nakuru District Hospital,Respiratory Infections,8
2024-04-20,Nakuru District Hospital,Respiratory Infections,5
2024-04-21,Nakuru District Hospital,Respiratory Infections,7
2024-04-22,Nakuru District Hospital,Respiratory Infections,6
2024-04-23,Nakuru District Hospital,Respiratory Infections,10
2024-04-24,Nakuru District Hospital,Respiratory Infections,3
2024-04-25,Nakuru District Hospital,Respiratory Infections,7
2024-04-26,Nakuru District Hospital,Respiratory Infections,5
2024-04-27,Nakuru District Hospital,Respiratory Infections,7
2024-04-28,Nakuru District Hospital,Respiratory Infections,5
2024-04-29,Nakuru District Hospital,Respiratory Infections,5
2024-04-30,Nakuru District Hospital,Respiratory Infections,2
2024-05-01,Nakuru District Hospital,Respiratory Infections,6
2024-05-02,Nakuru District Hospital,Respiratory Infections,10
2024-05-03,Nakuru District Hospital,Respiratory Infections,11
2024-05-04,Nakuru District Hospital,Respiratory Infections,4
2024-05-05,Nakuru District Hospital,Respiratory Infections,5
2024-05-06,Nakuru District Hospital,Respiratory Infections,4
2024-05-07,Nakuru District Hospital,Respiratory Infections,7
2024-05-08,Nakuru District Hospital,Respiratory Infections,3
2024-05-09,Nakuru District Hospital,Respiratory Infections,4
2024-05-10,Nakuru District Hospital,Respiratory Infections,7
2024-05-11,Nakuru District Hospital,Respiratory Infections,10
2024-05-12,Nakuru District Hospital,Respiratory Infections,6
2024-05-13,Nakuru District Hospital,Respiratory Infections,8
2024-05-14,Nakuru District Hospital,Respiratory Infections,9
2024-05-15,Nakuru District Hospital,Respiratory Infections,7
2024-05-16,Nakuru District Hospital,Respiratory Infections,11
2024-05-17,Nakuru District Hospital,Respiratory Infections,14
2024-05-18,Nakuru District Hospital,Respiratory Infections,9
2024-05-19,Nakuru District Hospital,Respiratory Infections,5
2024-05-20,Nakuru District Hospital,Respiratory Infections,11
2024-05-21,Nakuru District Hospital,Respiratory Infections,9
2024-05-22,Nakuru District Hospital,Respiratory Infections,10
2024-05-23,Nakuru District Hospital,Respiratory Infections,7
2024-05-24,Nakuru District Hospital,Respiratory Infections,5
2024-05-25,Nakuru District Hospital,Respiratory Infections,5
2024-05-26,Nakuru District Hospital,Respiratory Infections,9
2024-05-27,Nakuru District Hospital,Respiratory Infections,10
2024-05-28,Nakuru District Hospital,Respiratory Infections,4
2024-05-29,Nakuru District Hospital,Respiratory Infections,9
2024-05-30,Nakuru District Hospital,Respiratory Infections,10
2024-05-31,Nakuru District Hospital,Respiratory Infections,7
2024-06-01,Nakuru District Hospital,Respiratory Infections,8
2024-06-02,Nakuru District Hospital,Respiratory Infections,3
2024-06-03,Nakuru District Hospital,Respiratory Infections,3
2024-06-04,Nakuru District Hospital,Respiratory Infections,7
2024-06-05,Nakuru District Hospital,Respiratory Infections,11
2024-06-06,Nakuru District Hospital,Respiratory Infections,9
2024-06-07,Nakuru District Hospital,Respiratory Infections,11
2024-06-08,Nakuru District Hospital,Respiratory Infections,3
2024-06-09,Nakuru District Hospital,Respiratory Infections,10
2024-06-10,Nakuru District Hospital,Respiratory Infections,13
2024-06-11,Nakuru District Hospital,Respiratory Infections,9
2024-06-12,Nakuru District Hospital,Respiratory Infections,7
2024-06-13,Nakuru District Hospital,Respiratory Infections,5
2024-06-14,Nakuru District Hospital,Respiratory Infections,14
2024-06-15,Nakuru District Hospital,Respiratory Infections,10
2024-06-16,Nakuru District Hospital,Respiratory Infections,5
2024-06-17,Nakuru District Hospital,Respiratory Infections,12
2024-06-18,Nakuru District Hospital,Respiratory Infections,7
2024-06-19,Nakuru District Hospital,Respiratory Infections,13
2024-06-20,Nakuru District Hospital,Respiratory Infections,16
2024-06-21,Nakuru District Hospital,Respiratory Infections,11
2024-06-22,Nakuru District Hospital,Respiratory Infections,6
2024-06-23,Nakuru District Hospital,Respiratory Infections,8
2024-06-24,Nakuru District Hospital,Respiratory Infections,11
2024-06-25,Nakuru District Hospital,Respiratory Infections,9
2024-06-26,Nakuru District Hospital,Respiratory Infections,11
2024-06-27,Nakuru District Hospital,Respiratory Infections,9
2024-06-28,Nakuru District Hospital,Respiratory Infections,16
2024-06-29,Nakuru District Hospital,Respiratory Infections,7
2024-06-30,Nakuru District Hospital,Respiratory Infections,7
2024-07-01,Nakuru District Hospital,Respiratory Infections,12
2024-07-02,Nakuru District Hospital,Respiratory Infections,5
2024-07-03,Nakuru District Hospital,Respiratory Infections,6
2024-07-04,Nakuru District Hospital,Respiratory Infections,9
2024-07-05,Nakuru District Hospital,Respiratory Infections,8
2024-07-06,Nakuru District Hospital,Respiratory Infections,4
2024-07-07,Nakuru District Hospital,Respiratory Infections,11
2024-07-08,Nakuru District Hospital,Respiratory Infections,7
2024-07-09,Nakuru District Hospital,Respiratory Infections,8
2024-07-10,Nakuru District Hospital,Respiratory Infections,5
2024-07-11,Nakuru District Hospital,Respiratory Infections,8
2024-07-12,Nakuru District Hospital,Respiratory Infections,9
2024-07-13,Nakuru District Hospital,Respiratory Infections,8
2024-07-14,Nakuru District Hospital,Respiratory Infections,5
2024-07-15,Nakuru District Hospital,Respiratory Infections,14
2024-07-16,Nakuru District Hospital,Respiratory Infections,10
2024-07-17,Nakuru District Hospital,Respiratory Infections,9
2024-07-18,Nakuru District Hospital,Respiratory Infections,7
2024-07-19,Nakuru District Hospital,Respiratory Infections,5
2024-07-20,Nakuru District Hospital,Respiratory Infections,10
2024-07-21,Nakuru District Hospital,Respiratory Infections,14
2024-07-22,Nakuru District Hospital,Respiratory Infections,11
2024-07-23,Nakuru District Hospital,Respiratory Infections,13
2024-07-24,Nakuru District Hospital,Respiratory Infections,4
2024-07-25,Nakuru District Hospital,Respiratory Infections,10
2024-07-26,Nakuru District Hospital,Respiratory Infections,6
2024-07-27,Nakuru District Hospital,Respiratory Infections,12
2024-07-28,Nakuru District Hospital,Respiratory Infections,7
2024-07-29,Nakuru District Hospital,Respiratory Infections,11
2024-07-30,Nakuru District Hospital,Respiratory Infections,5
2024-07-31,Nakuru District Hospital,Respiratory Infections,4
2024-08-01,Nakuru District Hospital,Respiratory Infections,9
2024-08-02,Nakuru District Hospital,Respiratory Infections,12
2024-08-03,Nakuru District Hospital,Respiratory Infections,12
2024-08-04,Nakuru District Hospital,Respiratory Infections,9
2024-08-05,Nakuru District Hospital,Respiratory Infections,13
2024-08-06,Nakuru District Hospital,Respiratory Infections,10
2024-08-07,Nakuru District Hospital,Respiratory Infections,9
2024-08-08,Nakuru District Hospital,Respiratory Infections,8
2024-08-09,Nakuru District Hospital,Respiratory Infections,11
2024-08-10,Nakuru District Hospital,Respiratory Infections,7
2024-08-11,Nakuru District Hospital,Respiratory Infections,10
2024-08-12,Nakuru District Hospital,Respiratory Infections,7
2024-08-13,Nakuru District Hospital,Respiratory Infections,7
2024-08-14,Nakuru District Hospital,Respiratory Infections,8
2024-08-15,Nakuru District Hospital,Respiratory Infections,10
2024-08-16,Nakuru District Hospital,Respiratory Infections,8
2024-08-17,Nakuru District Hospital,Respiratory Infections,6
2024-08-18,Nakuru District Hospital,Respiratory Infections,6
2024-08-19,Nakuru District Hospital,Respiratory Infections,14
2024-08-20,Nakuru District Hospital,Respiratory Infections,11
2024-08-21,Nakuru District Hospital,Respiratory Infections,16
2024-08-22,Nakuru District Hospital,Respiratory Infections,9
2024-08-23,Nakuru District Hospital,Respiratory Infections,10
2024-08-24,Nakuru District Hospital,Respiratory Infections,5
2024-08-25,Nakuru District Hospital,Respiratory Infections,8
2024-08-26,Nakuru District Hospital,Respiratory Infections,6
2024-08-27,Nakuru District Hospital,Respiratory Infections,6
2024-08-28,Nakuru District Hospital,Respiratory Infections,7
2024-08-29,Nakuru District Hospital,Respiratory Infections,10
2024-08-30,Nakuru District Hospital,Respiratory Infections,6
2024-08-31,Nakuru District Hospital,Respiratory Infections,7
2024-09-01,Nakuru District Hospital,Respiratory Infections,6
2024-09-02,Nakuru District Hospital,Respiratory Infections,11
2024-09-03,Nakuru District Hospital,Respiratory Infections,7
2024-09-04,Nakuru District Hospital,Respiratory Infections,7
2024-09-05,Nakuru District Hospital,Respiratory Infections,7
2024-09-06,Nakuru District Hospital,Respiratory Infections,7
2024-09-07,Nakuru District Hospital,Respiratory Infections,7
2024-09-08,Nakuru District Hospital,Respiratory Infections,6
2024-09-09,Nakuru District Hospital,Respiratory Infections,5
2024-09-10,Nakuru District Hospital,Respiratory Infections,7
2024-09-11,Nakuru District Hospital,Respiratory Infections,7
2024-09-12,Nakuru District Hospital,Respiratory Infections,10
2024-09-13,Nakuru District Hospital,Respiratory Infections,10
2024-09-14,Nakuru District Hospital,Respiratory Infections,8
2024-09-15,Nakuru District Hospital,Respiratory Infections,3
2024-09-16,Nakuru District Hospital,Respiratory Infections,7
2024-09-17,Nakuru District Hospital,Respiratory Infections,8
2024-09-18,Nakuru District Hospital,Respiratory Infections,8
2024-09-19,Nakuru District Hospital,Respiratory Infections,5
2024-09-20,Nakuru District Hospital,Respiratory Infections,6
2024-09-21,Nakuru District Hospital,Respiratory Infections,7
2024-09-22,Nakuru District Hospital,Respiratory Infections,4
2024-09-23,Nakuru District Hospital,Respiratory Infections,7
2024-09-24,Nakuru District Hospital,Respiratory Infections,9
2024-09-25,Nakuru District Hospital,Respiratory Infections,4
2024-09-26,Nakuru District Hospital,Respiratory Infections,5
2024-09-27,Nakuru District Hospital,Respiratory Infections,2
2024-09-28,Nakuru District Hospital,Respiratory Infections,12
2024-09-29,Nakuru District Hospital,Respiratory Infections,3
2024-09-30,Nakuru District Hospital,Respiratory Infections,11
2024-10-01,Nakuru District Hospital,Respiratory Infections,7
2024-10-02,Nakuru District Hospital,Respiratory Infections,8
2024-10-03,Nakuru District Hospital,Respiratory Infections,6
2024-10-04,Nakuru District Hospital,Respiratory Infections,2
2024-10-05,Nakuru District Hospital,Respiratory Infections,3
2024-10-06,Nakuru District Hospital,Respiratory Infections,7
2024-10-07,Nakuru District Hospital,Respiratory Infections,7
2024-10-08,Nakuru District Hospital,Respiratory Infections,5
2024-10-09,Nakuru District Hospital,Respiratory Infections,7
2024-10-10,Nakuru District Hospital,Respiratory Infections,4
2024-10-11,Nakuru District Hospital,Respiratory Infections,3
2024-10-12,Nakuru District Hospital,Respiratory Infections,3
2024-10-13,Nakuru District Hospital,Respiratory Infections,4
2024-10-14,Nakuru District Hospital,Respiratory Infections,8
2024-10-15,Nakuru District Hospital,Respiratory Infections,7
2024-10-16,Nakuru District Hospital,Respiratory Infections,7
2024-10-17,Nakuru District Hospital,Respiratory Infections,5
2024-10-18,Nakuru District Hospital,Respiratory Infections,7
2024-10-19,Nakuru District Hospital,Respiratory Infections,5
2024-10-20,Nakuru District Hospital,Respiratory Infections,1
2024-10-21,Nakuru District Hospital,Respiratory Infections,3
2024-10-22,Nakuru District Hospital,Respiratory Infections,1
2024-10-23,Nakuru District Hospital,Respiratory Infections,2
2024-10-24,Nakuru District Hospital,Respiratory Infections,2
2024-10-25,Nakuru District Hospital,Respiratory Infections,3
2024-10-26,Nakuru District Hospital,Respiratory Infections,7
2024-10-27,Nakuru District Hospital,Respiratory Infections,4
2024-10-28,Nakuru District Hospital,Respiratory Infections,5
2024-10-29,Nakuru District Hospital,Respiratory Infections,2
2024-10-30,Nakuru District Hospital,Respiratory Infections,4
2024-10-31,Nakuru District Hospital,Respiratory Infections,7
2024-11-01,Nakuru District Hospital,Respiratory Infections,4
2024-11-02,Nakuru District Hospital,Respiratory Infections,2
2024-11-03,Nakuru District Hospital,Respiratory Infections,1
2024-11-04,Nakuru District Hospital,Respiratory Infections,5
2024-11-05,Nakuru District Hospital,Respiratory Infections,4
2024-11-06,Nakuru District Hospital,Respiratory Infections,3
2024-11-07,Nakuru District Hospital,Respiratory Infections,3
2024-11-08,Nakuru District Hospital,Respiratory Infections,1
2024-11-09,Nakuru District Hospital,Respiratory Infections,7
2024-11-10,Nakuru District Hospital,Respiratory Infections,1
2024-11-11,Nakuru District Hospital,Respiratory Infections,4
2024-11-12,Nakuru District Hospital,Respiratory Infections,6
2024-11-13,Nakuru District Hospital,Respiratory Infections,3
2024-11-14,Nakuru District Hospital,Respiratory Infections,7
2024-11-15,Nakuru District Hospital,Respiratory Infections,4
2024-11-16,Nakuru District Hospital,Respiratory Infections,3
2024-11-17,Nakuru District Hospital,Respiratory Infections,1
2024-11-18,Nakuru District Hospital,Respiratory Infections,4
2024-11-19,Nakuru District Hospital,Respiratory Infections,7
2024-11-20,Nakuru District Hospital,Respiratory Infections,6
2024-11-21,Nakuru District Hospital,Respiratory Infections,4
2024-11-22,Nakuru District Hospital,Respiratory Infections,2
2024-11-23,Nakuru District Hospital,Respiratory Infections,8
2024-11-24,Nakuru District Hospital,Respiratory Infections,5
2024-11-25,Nakuru District Hospital,Respiratory Infections,7
2024-11-26,Nakuru District Hospital,Respiratory Infections,8
2024-11-27,Nakuru District Hospital,Respiratory Infections,6
2024-11-28,Nakuru District Hospital,Respiratory Infections,2
2024-11-29,Nakuru District Hospital,Respiratory Infections,8
2024-11-30,Nakuru District Hospital,Respiratory Infections,2
2024-12-01,Nakuru District Hospital,Respiratory Infections,3
2024-12-02,Nakuru District Hospital,Respiratory Infections,4
2024-12-03,Nakuru District Hospital,Respiratory Infections,1
2024-12-04,Nakuru District Hospital,Respiratory Infections,1
2024-12-05,Nakuru District Hospital,Respiratory Infections,3
2024-12-06,Nakuru District Hospital,Respiratory Infections,4
2024-12-07,Nakuru District Hospital,Respiratory Infections,2
2024-12-08,Nakuru District Hospital,Respiratory Infections,3
2024-12-09,Nakuru District Hospital,Respiratory Infections,2
2024-12-10,Nakuru District Hospital,Respiratory Infections,6
2024-12-11,Nakuru District Hospital,Respiratory Infections,3
2024-12-12,Nakuru District Hospital,Respiratory Infections,7
2024-12-13,Nakuru District Hospital,Respiratory Infections,1
2024-12-14,Nakuru District Hospital,Respiratory Infections,3
2024-12-15,Nakuru District Hospital,Respiratory Infections,3
2024-12-16,Nakuru District Hospital,Respiratory Infections,6
2024-12-17,Nakuru District Hospital,Respiratory Infections,5
2024-12-18,Nakuru District Hospital,Respiratory Infections,2
2024-12-19,Nakuru District Hospital,Respiratory Infections,6
2024-12-20,Nakuru District Hospital,Respiratory Infections,4
2024-12-21,Nakuru District Hospital,Respiratory Infections,2
2024-12-22,Nakuru District Hospital,Respiratory Infections,4
2024-12-23,Nakuru District Hospital,Respiratory Infections,4
2024-12-24,Nakuru District Hospital,Respiratory Infections,2
2024-12-25,Nakuru District Hospital,Respiratory Infections,4
2024-12-26,Nakuru District Hospital,Respiratory Infections,4
2024-12-27,Nakuru District Hospital,Respiratory Infections,2
2024-12-28,Nakuru District Hospital,Respiratory Infections,2
2024-12-29,Nakuru District Hospital,Respiratory Infections,3
2024-12-30,Nakuru District Hospital,Respiratory Infections,1
2024-12-31,Nakuru District Hospital,Respiratory Infections,4
2025-01-01,Nakuru District Hospital,Respiratory Infections,2
2025-01-02,Nakuru District Hospital,Respiratory Infections,0
2025-01-03,Nakuru District Hospital,Respiratory Infections,3
2025-01-04,Nakuru District Hospital,Respiratory Infections,2
2025-01-05,Nakuru District Hospital,Respiratory Infections,3
2025-01-06,Nakuru District Hospital,Respiratory Infections,0
2025-01-07,Nakuru District Hospital,Respiratory Infections,4
2025-01-08,Nakuru District Hospital,Respiratory Infections,3
2025-01-09,Nakuru District Hospital,Respiratory Infections,4
2025-01-10,Nakuru District Hospital,Respiratory Infections,2
2025-01-11,Nakuru District Hospital,Respiratory Infections,0
2025-01-12,Nakuru District Hospital,Respiratory Infections,3
2025-01-13,Nakuru District Hospital,Respiratory Infections,6
2025-01-14,Nakuru District Hospital,Respiratory Infections,3
2025-01-15,Nakuru District Hospital,Respiratory Infections,1
2025-01-16,Nakuru District Hospital,Respiratory Infections,6
2025-01-17,Nakuru District Hospital,Respiratory Infections,5
2025-01-18,Nakuru District Hospital,Respiratory Infections,5
2025-01-19,Nakuru District Hospital,Respiratory Infections,3
2025-01-20,Nakuru District Hospital,Respiratory Infections,1
2025-01-21,Nakuru District Hospital,Respiratory Infections,2
2025-01-22,Nakuru District Hospital,Respiratory Infections,4
2025-01-23,Nakuru District Hospital,Respiratory Infections,2
2025-01-24,Nakuru District Hospital,Respiratory Infections,4
2025-01-25,Nakuru District Hospital,Respiratory Infections,2
2025-01-26,Nakuru District Hospital,Respiratory Infections,3
2025-01-27,Nakuru District Hospital,Respiratory Infections,8
2025-01-28,Nakuru District Hospital,Respiratory Infections,4
2025-01-29,Nakuru District Hospital,Respiratory Infections,3
2025-01-30,Nakuru District Hospital,Respiratory Infections,5
2025-01-31,Nakuru District Hospital,Respiratory Infections,3
2025-02-01,Nakuru District Hospital,Respiratory Infections,3
2025-02-02,Nakuru District Hospital,Respiratory Infections,3
2025-02-03,Nakuru District Hospital,Respiratory Infections,6
2025-02-04,Nakuru District Hospital,Respiratory Infections,3
2025-02-05,Nakuru District Hospital,Respiratory Infections,2
2025-02-06,Nakuru District Hospital,Respiratory Infections,2
2025-02-07,Nakuru District Hospital,Respiratory Infections,2
2025-02-08,Nakuru District Hospital,Respiratory Infections,6
2025-02-09,Nakuru District Hospital,Respiratory Infections,1
2025-02-10,Nakuru District Hospital,Respiratory Infections,2
2025-02-11,Nakuru District Hospital,Respiratory Infections,9
2025-02-12,Nakuru District Hospital,Respiratory Infections,4
2025-02-13,Nakuru District Hospital,Respiratory Infections,2
2025-02-14,Nakuru District Hospital,Respiratory Infections,4
2025-02-15,Nakuru District Hospital,Respiratory Infections,6
2025-02-16,Nakuru District Hospital,Respiratory Infections,1
2025-02-17,Nakuru District Hospital,Respiratory Infections,4
2025-02-18,Nakuru District Hospital,Respiratory Infections,2
2025-02-19,Nakuru District Hospital,Respiratory Infections,6
2025-02-20,Nakuru District Hospital,Respiratory Infections,3
2025-02-21,Nakuru District Hospital,Respiratory Infections,5
2025-02-22,Nakuru District Hospital,Respiratory Infections,5
2025-02-23,Nakuru District Hospital,Respiratory Infections,2
2025-02-24,Nakuru District Hospital,Respiratory Infections,1
2025-02-25,Nakuru District Hospital,Respiratory Infections,1
2025-02-26,Nakuru District Hospital,Respiratory Infections,3
2025-02-27,Nakuru District Hospital,Respiratory Infections,3
2025-02-28,Nakuru District Hospital,Respiratory Infections,6
2025-03-01,Nakuru District Hospital,Respiratory Infections,2
2025-03-02,Nakuru District Hospital,Respiratory Infections,0
2025-03-03,Nakuru District Hospital,Respiratory Infections,2
2025-03-04,Nakuru District Hospital,Respiratory Infections,5
2025-03-05,Nakuru District Hospital,Respiratory Infections,5
2025-03-06,Nakuru District Hospital,Respiratory Infections,7
2025-03-07,Nakuru District Hospital,Respiratory Infections,5
2025-03-08,Nakuru District Hospital,Respiratory Infections,3
2025-03-09,Nakuru District Hospital,Respiratory Infections,2
2025-03-10,Nakuru District Hospital,Respiratory Infections,3
2025-03-11,Nakuru District Hospital,Respiratory Infections,4
2025-03-12,Nakuru District Hospital,Respiratory Infections,6
2025-03-13,Nakuru District Hospital,Respiratory Infections,5
2025-03-14,Nakuru District Hospital,Respiratory Infections,4
2025-03-15,Nakuru District Hospital,Respiratory Infections,2
2025-03-16,Nakuru District Hospital,Respiratory Infections,5
2025-03-17,Nakuru District Hospital,Respiratory Infections,6
2025-03-18,Nakuru District Hospital,Respiratory Infections,3
2025-03-19,Nakuru District Hospital,Respiratory Infections,4
2025-03-20,Nakuru District Hospital,Respiratory Infections,6
2025-03-21,Nakuru District Hospital,Respiratory Infections,7
2025-03-22,Nakuru District Hospital,Respiratory Infections,2
2025-03-23,Nakuru District Hospital,Respiratory Infections,3
2025-03-24,Nakuru District Hospital,Respiratory Infections,3
2025-03-25,Nakuru District Hospital,Respiratory Infections,3
2025-03-26,Nakuru District Hospital,Respiratory Infections,3
2025-03-27,Nakuru District Hospital,Respiratory Infections,2
2025-03-28,Nakuru District Hospital,Respiratory Infections,3
2025-03-29,Nakuru District Hospital,Respiratory Infections,4
2025-03-30,Nakuru District Hospital,Respiratory Infections,2
2025-03-31,Nakuru District Hospital,Respiratory Infections,4
2025-04-01,Nakuru District Hospital,Respiratory Infections,1
2025-04-02,Nakuru District Hospital,Respiratory Infections,5
2025-04-03,Nakuru District Hospital,Respiratory Infections,6
2025-04-04,Nakuru District Hospital,Respiratory Infections,5
2025-04-05,Nakuru District Hospital,Respiratory Infections,4
2025-04-06,Nakuru District Hospital,Respiratory Infections,3
2025-04-07,Nakuru District Hospital,Respiratory Infections,9
2025-04-08,Nakuru District Hospital,Respiratory Infections,2
2025-04-09,Nakuru District Hospital,Respiratory Infections,5
2025-04-10,Nakuru District Hospital,Respiratory Infections,2
2025-04-11,Nakuru District Hospital,Respiratory Infections,6
2025-04-12,Nakuru District Hospital,Respiratory Infections,9
2025-04-13,Nakuru District Hospital,Respiratory Infections,2
2025-04-14,Nakuru District Hospital,Respiratory Infections,6
2025-04-15,Nakuru District Hospital,Respiratory Infections,2
2025-04-16,Nakuru District Hospital,Respiratory Infections,4
2025-04-17,Nakuru District Hospital,Respiratory Infections,6
2025-04-18,Nakuru District Hospital,Respiratory Infections,7
2025-04-19,Nakuru District Hospital,Respiratory Infections,4
2025-04-20,Nakuru District Hospital,Respiratory Infections,9
2025-04-21,Nakuru District Hospital,Respiratory Infections,6
2025-04-22,Nakuru District Hospital,Respiratory Infections,11
2025-04-23,Nakuru District Hospital,Respiratory Infections,7
2025-04-24,Nakuru District Hospital,Respiratory Infections,7
2025-04-25,Nakuru District Hospital,Respiratory Infections,8
2025-04-26,Nakuru District Hospital,Respiratory Infections,3
2025-04-27,Nakuru District Hospital,Respiratory Infections,5
2025-04-28,Nakuru District Hospital,Respiratory Infections,6
2025-04-29,Nakuru District Hospital,Respiratory Infections,5
2025-04-30,Nakuru District Hospital,Respiratory Infections,5
2025-05-01,Nakuru District Hospital,Respiratory Infections,9
2025-05-02,Nakuru District Hospital,Respiratory Infections,4
2025-05-03,Nakuru District Hospital,Respiratory Infections,7
2025-05-04,Nakuru District Hospital,Respiratory Infections,5
2025-05-05,Nakuru District Hospital,Respiratory Infections,9
2025-05-06,Nakuru District Hospital,Respiratory Infections,6
2025-05-07,Nakuru District Hospital,Respiratory Infections,4
2025-05-08,Nakuru District Hospital,Respiratory Infections,8
2025-05-09,Nakuru District Hospital,Respiratory Infections,4
2025-05-10,Nakuru District Hospital,Respiratory Infections,5
2025-05-11,Nakuru District Hospital,Respiratory Infections,6
2025-05-12,Nakuru District Hospital,Respiratory Infections,5
2025-05-13,Nakuru District Hospital,Respiratory Infections,10
2025-05-14,Nakuru District Hospital,Respiratory Infections,3
2025-05-15,Nakuru District Hospital,Respiratory Infections,10
2025-05-16,Nakuru District Hospital,Respiratory Infections,6
2025-05-17,Nakuru District Hospital,Respiratory Infections,8
2025-05-18,Nakuru District Hospital,Respiratory Infections,3
2025-05-19,Nakuru District Hospital,Respiratory Infections,12
2025-05-20,Nakuru District Hospital,Respiratory Infections,14
2025-05-21,Nakuru District Hospital,Respiratory Infections,11
2025-05-22,Nakuru District Hospital,Respiratory Infections,6
2025-05-23,Nakuru District Hospital,Respiratory Infections,12
2025-05-24,Nakuru District Hospital,Respiratory Infections,14
2025-05-25,Nakuru District Hospital,Respiratory Infections,5
2025-05-26,Nakuru District Hospital,Respiratory Infections,7
2025-05-27,Nakuru District Hospital,Respiratory Infections,14
2025-05-28,Nakuru District Hospital,Respiratory Infections,9
2025-05-29,Nakuru District Hospital,Respiratory Infections,3
2025-05-30,Nakuru District Hospital,Respiratory Infections,11
2025-05-31,Nakuru District Hospital,Respiratory Infections,5
2025-06-01,Nakuru District Hospital,Respiratory Infections,7
2025-06-02,Nakuru District Hospital,Respiratory Infections,9
2025-06-03,Nakuru District Hospital,Respiratory Infections,9
2025-06-04,Nakuru District Hospital,Respiratory Infections,10
2025-06-05,Nakuru District Hospital,Respiratory Infections,10
2025-06-06,Nakuru District Hospital,Respiratory Infections,11
2025-06-07,Nakuru District Hospital,Respiratory Infections,11
2025-06-08,Nakuru District Hospital,Respiratory Infections,5
2025-06-09,Nakuru District Hospital,Respiratory Infections,7
2025-06-10,Nakuru District Hospital,Respiratory Infections,9
2025-06-11,Nakuru District Hospital,Respiratory Infections,13
2025-06-12,Nakuru District Hospital,Respiratory Infections,6
2025-06-13,Nakuru District Hospital,Respiratory Infections,6
2025-06-14,Nakuru District Hospital,Respiratory Infections,10
2025-06-15,Nakuru District Hospital,Respiratory Infections,9
2025-06-16,Nakuru District Hospital,Respiratory Infections,11
2025-06-17,Nakuru District Hospital,Respiratory Infections,13
2025-06-18,Nakuru District Hospital,Respiratory Infections,8
2025-06-19,Nakuru District Hospital,Respiratory Infections,12
2025-06-20,Nakuru District Hospital,Respiratory Infections,8
2025-06-21,Nakuru District Hospital,Respiratory Infections,10
2025-06-22,Nakuru District Hospital,Respiratory Infections,4
2025-06-23,Nakuru District Hospital,Respiratory Infections,11
2025-06-24,Nakuru District Hospital,Respiratory Infections,13
2025-06-25,Nakuru District Hospital,Respiratory Infections,16
2025-06-26,Nakuru District Hospital,Respiratory Infections,8
2025-06-27,Nakuru District Hospital,Respiratory Infections,8
2025-06-28,Nakuru District Hospital,Respiratory Infections,10
2025-06-29,Nakuru District Hospital,Respiratory Infections,14
2025-06-30,Nakuru District Hospital,Respiratory Infections,12
2025-07-01,Nakuru District Hospital,Respiratory Infections,2
2025-07-02,Nakuru District Hospital,Respiratory Infections,6
2025-07-03,Nakuru District Hospital,Respiratory Infections,12
2025-07-04,Nakuru District Hospital,Respiratory Infections,11
2025-07-05,Nakuru District Hospital,Respiratory Infections,7
2025-07-06,Nakuru District Hospital,Respiratory Infections,9
2025-07-07,Nakuru District Hospital,Respiratory Infections,12
2025-07-08,Nakuru District Hospital,Respiratory Infections,9
2025-07-09,Nakuru District Hospital,Respiratory Infections,20
2025-07-10,Nakuru District Hospital,Respiratory Infections,10
2025-07-11,Nakuru District Hospital,Respiratory Infections,8
2025-07-12,Nakuru District Hospital,Respiratory Infections,10
2025-07-13,Nakuru District Hospital,Respiratory Infections,9
2025-07-14,Nakuru District Hospital,Respiratory Infections,9
2025-07-15,Nakuru District Hospital,Respiratory Infections,9
2025-07-16,Nakuru District Hospital,Respiratory Infections,9
2025-07-17,Nakuru District Hospital,Respiratory Infections,10
2025-07-18,Nakuru District Hospital,Respiratory Infections,12
2025-07-19,Nakuru District Hospital,Respiratory Infections,3
2025-07-20,Nakuru District Hospital,Respiratory Infections,12
2025-07-21,Nakuru District Hospital,Respiratory Infections,12
2025-07-22,Nakuru District Hospital,Respiratory Infections,6
2025-07-23,Nakuru District Hospital,Respiratory Infections,11
2025-07-24,Nakuru District Hospital,Respiratory Infections,12
2025-07-25,Nakuru District Hospital,Respiratory Infections,4
2025-07-26,Nakuru District Hospital,Respiratory Infections,3
2025-07-27,Nakuru District Hospital,Respiratory Infections,8
2025-07-28,Nakuru District Hospital,Respiratory Infections,7
2025-07-29,Nakuru District Hospital,Respiratory Infections,12
2025-07-30,Nakuru District Hospital,Respiratory Infections,9
2025-07-31,Nakuru District Hospital,Respiratory Infections,10
2025-08-01,Nakuru District Hospital,Respiratory Infections,8
2025-08-02,Nakuru District Hospital,Respiratory Infections,9
2025-08-03,Nakuru District Hospital,Respiratory Infections,2
2025-08-04,Nakuru District Hospital,Respiratory Infections,7
2025-08-05,Nakuru District Hospital,Respiratory Infections,5
2025-08-06,Nakuru District Hospital,Respiratory Infections,5
2025-08-07,Nakuru District Hospital,Respiratory Infections,7
2025-08-08,Nakuru District Hospital,Respiratory Infections,6
2025-08-09,Nakuru District Hospital,Respiratory Infections,6
2025-08-10,Nakuru District Hospital,Respiratory Infections,13
2025-08-11,Nakuru District Hospital,Respiratory Infections,12
2025-08-12,Nakuru District Hospital,Respiratory Infections,10
2025-08-13,Nakuru District Hospital,Respiratory Infections,10
2025-08-14,Nakuru District Hospital,Respiratory Infections,9
2025-08-15,Nakuru District Hospital,Respiratory Infections,17
2025-08-16,Nakuru District Hospital,Respiratory Infections,12
2025-08-17,Nakuru District Hospital,Respiratory Infections,8
2025-08-18,Nakuru District Hospital,Respiratory Infections,13
2025-08-19,Nakuru District Hospital,Respiratory Infections,7
2025-08-20,Nakuru District Hospital,Respiratory Infections,10
2025-08-21,Nakuru District Hospital,Respiratory Infections,7
2025-08-22,Nakuru District Hospital,Respiratory Infections,8
2025-08-23,Nakuru District Hospital,Respiratory Infections,14
2025-08-24,Nakuru District Hospital,Respiratory Infections,7
2025-08-25,Nakuru District Hospital,Respiratory Infections,6
2025-08-26,Nakuru District Hospital,Respiratory Infections,12
2025-08-27,Nakuru District Hospital,Respiratory Infections,9
2025-08-28,Nakuru District Hospital,Respiratory Infections,7
2025-08-29,Nakuru District Hospital,Respiratory Infections,9
2025-08-30,Nakuru District Hospital,Respiratory Infections,7
2025-08-31,Nakuru District Hospital,Respiratory Infections,9
2025-09-01,Nakuru District Hospital,Respiratory Infections,10
2025-09-02,Nakuru District Hospital,Respiratory Infections,10
2025-09-03,Nakuru District Hospital,Respiratory Infections,10
2025-09-04,Nakuru District Hospital,Respiratory Infections,12
2025-09-05,Nakuru District Hospital,Respiratory Infections,10
2025-09-06,Nakuru District Hospital,Respiratory Infections,6
2025-09-07,Nakuru District Hospital,Respiratory Infections,9
2025-09-08,Nakuru District Hospital,Respiratory Infections,12
2025-09-09,Nakuru District Hospital,Respiratory Infections,4
2025-09-10,Nakuru District Hospital,Respiratory Infections,8
2025-09-11,Nakuru District Hospital,Respiratory Infections,10
2025-09-12,Nakuru District Hospital,Respiratory Infections,5
2025-09-13,Nakuru District Hospital,Respiratory Infections,6
2025-09-14,Nakuru District Hospital,Respiratory Infections,3
2025-09-15,Nakuru District Hospital,Respiratory Infections,6
2025-09-16,Nakuru District Hospital,Respiratory Infections,9
2025-09-17,Nakuru District Hospital,Respiratory Infections,6
2025-09-18,Nakuru District Hospital,Respiratory Infections,3
2025-09-19,Nakuru District Hospital,Respiratory Infections,8
2025-09-20,Nakuru District Hospital,Respiratory Infections,9
2025-09-21,Nakuru District Hospital,Respiratory Infections,7
2025-09-22,Nakuru District Hospital,Respiratory Infections,10
2025-09-23,Nakuru District Hospital,Respiratory Infections,14
2025-09-24,Nakuru District Hospital,Respiratory Infections,11
2025-09-25,Nakuru District Hospital,Respiratory Infections,12
2025-09-26,Nakuru District Hospital,Respiratory Infections,10
2025-09-27,Nakuru District Hospital,Respiratory Infections,9
2025-09-28,Nakuru District Hospital,Respiratory Infections,6
2025-09-29,Nakuru District Hospital,Respiratory Infections,12
2025-09-30,Nakuru District Hospital,Respiratory Infections,5
2025-10-01,Nakuru District Hospital,Respiratory Infections,3
2025-10-02,Nakuru District Hospital,Respiratory Infections,9
2025-10-03,Nakuru District Hospital,Respiratory Infections,2
2025-10-04,Nakuru District Hospital,Respiratory Infections,5
2025-10-05,Nakuru District Hospital,Respiratory Infections,7
2025-10-06,Nakuru District Hospital,Respiratory Infections,12
2025-10-07,Nakuru District Hospital,Respiratory Infections,2
2025-10-08,Nakuru District Hospital,Respiratory Infections,3
2025-10-09,Nakuru District Hospital,Respiratory Infections,8
2025-10-10,Nakuru District Hospital,Respiratory Infections,8
2025-10-11,Nakuru District Hospital,Respiratory Infections,11
2025-10-12,Nakuru District Hospital,Respiratory Infections,3
2025-10-13,Nakuru District Hospital,Respiratory Infections,6
2025-10-14,Nakuru District Hospital,Respiratory Infections,1
2025-10-15,Nakuru District Hospital,Respiratory Infections,5
2025-10-16,Nakuru District Hospital,Respiratory Infections,3
2025-10-17,Nakuru District Hospital,Respiratory Infections,7
2025-10-18,Nakuru District Hospital,Respiratory Infections,5
2025-10-19,Nakuru District Hospital,Respiratory Infections,8
2025-10-20,Nakuru District Hospital,Respiratory Infections,8
2025-10-21,Nakuru District Hospital,Respiratory Infections,9
2025-10-22,Nakuru District Hospital,Respiratory Infections,5
2025-10-23,Nakuru District Hospital,Respiratory Infections,2
2025-10-24,Nakuru District Hospital,Respiratory Infections,7
2025-10-25,Nakuru District Hospital,Respiratory Infections,3
2025-10-26,Nakuru District Hospital,Respiratory Infections,7
2025-10-27,Nakuru District Hospital,Respiratory Infections,3
2025-10-28,Nakuru District Hospital,Respiratory Infections,6
2025-10-29,Nakuru District Hospital,Respiratory Infections,5
2025-10-30,Nakuru District Hospital,Respiratory Infections,6
2025-10-31,Nakuru District Hospital,Respiratory Infections,6
2025-11-01,Nakuru District Hospital,Respiratory Infections,5
2025-11-02,Nakuru District Hospital,Respiratory Infections,2
2025-11-03,Nakuru District Hospital,Respiratory Infections,6
2025-11-04,Nakuru District Hospital,Respiratory Infections,4
2025-11-05,Nakuru District Hospital,Respiratory Infections,4
2025-11-06,Nakuru District Hospital,Respiratory Infections,4
2025-11-07,Nakuru District Hospital,Respiratory Infections,8
2025-11-08,Nakuru District Hospital,Respiratory Infections,9
2025-11-09,Nakuru District Hospital,Respiratory Infections,5
2025-11-10,Nakuru District Hospital,Respiratory Infections,2
2025-11-11,Nakuru District Hospital,Respiratory Infections,1
2025-11-12,Nakuru District Hospital,Respiratory Infections,5
2025-11-13,Nakuru District Hospital,Respiratory Infections,4
2025-11-14,Nakuru District Hospital,Respiratory Infections,2
2025-11-15,Nakuru District Hospital,Respiratory Infections,2
2025-11-16,Nakuru District Hospital,Respiratory Infections,3
2025-11-17,Nakuru District Hospital,Respiratory Infections,6
2025-11-18,Nakuru District Hospital,Respiratory Infections,8
2025-11-19,Nakuru District Hospital,Respiratory Infections,4
2025-11-20,Nakuru District Hospital,Respiratory Infections,5
2025-11-21,Nakuru District Hospital,Respiratory Infections,1
2025-11-22,Nakuru District Hospital,Respiratory Infections,8
2025-11-23,Nakuru District Hospital,Respiratory Infections,4
2025-11-24,Nakuru District Hospital,Respiratory Infections,2
2025-11-25,Nakuru District Hospital,Respiratory Infections,6
2025-11-26,Nakuru District Hospital,Respiratory Infections,3
2025-11-27,Nakuru District Hospital,Respiratory Infections,4
2025-11-28,Nakuru District Hospital,Respiratory Infections,2
2025-11-29,Nakuru District Hospital,Respiratory Infections,2
2025-11-30,Nakuru District Hospital,Respiratory Infections,3
2025-12-01,Nakuru District Hospital,Respiratory Infections,5
2025-12-02,Nakuru District Hospital,Respiratory Infections,6
2025-12-03,Nakuru District Hospital,Respiratory Infections,1
2025-12-04,Nakuru District Hospital,Respiratory Infections,5
2025-12-05,Nakuru District Hospital,Respiratory Infections,5
2025-12-06,Nakuru District Hospital,Respiratory Infections,6
2025-12-07,Nakuru District Hospital,Respiratory Infections,2
2025-12-08,Nakuru District Hospital,Respiratory Infections,9
2025-12-09,Nakuru District Hospital,Respiratory Infections,2
2025-12-10,Nakuru District Hospital,Respiratory Infections,1
2025-12-11,Nakuru District Hospital,Respiratory Infections,2
2025-12-12,Nakuru District Hospital,Respiratory Infections,6
2025-12-13,Nakuru District Hospital,Respiratory Infections,5
2025-12-14,Nakuru District Hospital,Respiratory Infections,2
2025-12-15,Nakuru District Hospital,Respiratory Infections,6
2025-12-16,Nakuru District Hospital,Respiratory Infections,3
2025-12-17,Nakuru District Hospital,Respiratory Infections,6
2025-12-18,Nakuru District Hospital,Respiratory Infections,4
2025-12-19,Nakuru District Hospital,Respiratory Infections,5
2025-12-20,Nakuru District Hospital,Respiratory Infections,6
2025-12-21,Nakuru District Hospital,Respiratory Infections,1
2025-12-22,Nakuru District Hospital,Respiratory Infections,3
2025-12-23,Nakuru District Hospital,Respiratory Infections,5
2025-12-24,Nakuru District Hospital,Respiratory Infections,7
2025-12-25,Nakuru District Hospital,Respiratory Infections,2
2025-12-26,Nakuru District Hospital,Respiratory Infections,1
2025-12-27,Nakuru District Hospital,Respiratory Infections,2
2025-12-28,Nakuru District Hospital,Respiratory Infections,3
2025-12-29,Nakuru District Hospital,Respiratory Infections,3
2025-12-30,Nakuru District Hospital,Respiratory Infections,4
2025-12-31,Nakuru District Hospital,Respiratory Infections,4
2026-01-01,Nakuru District Hospital,Respiratory Infections,3
2026-01-02,Nakuru District Hospital,Respiratory Infections,2
2026-01-03,Nakuru District Hospital,Respiratory Infections,4
2026-01-04,Nakuru District Hospital,Respiratory Infections,6
2026-01-05,Nakuru District Hospital,Respiratory Infections,1
2026-01-06,Nakuru District Hospital,Respiratory Infections,2
2026-01-07,Nakuru District Hospital,Respiratory Infections,1
2026-01-08,Nakuru District Hospital,Respiratory Infections,3
2026-01-09,Nakuru District Hospital,Respiratory Infections,3
2026-01-10,Nakuru District Hospital,Respiratory Infections,3
2026-01-11,Nakuru District Hospital,Respiratory Infections,5
2026-01-12,Nakuru District Hospital,Respiratory Infections,3
2026-01-13,Nakuru District Hospital,Respiratory Infections,1
2026-01-14,Nakuru District Hospital,Respiratory Infections,3
2026-01-15,Nakuru District Hospital,Respiratory Infections,3
2026-01-16,Nakuru District Hospital,Respiratory Infections,5
2026-01-17,Nakuru District Hospital,Respiratory Infections,4
2026-01-18,Nakuru District Hospital,Respiratory Infections,3
2026-01-19,Nakuru District Hospital,Respiratory Infections,2
2026-01-20,Nakuru District Hospital,Respiratory Infections,2
2026-01-21,Nakuru District Hospital,Respiratory Infections,2
2026-01-22,Nakuru District Hospital,Respiratory Infections,2
2026-01-23,Nakuru District Hospital,Respiratory Infections,4
2026-01-24,Nakuru District Hospital,Respiratory Infections,0
2026-01-25,Nakuru District Hospital,Respiratory Infections,1
2026-01-26,Nakuru District Hospital,Respiratory Infections,1
2026-01-27,Nakuru District Hospital,Respiratory Infections,4
2026-01-28,Nakuru District Hospital,Respiratory Infections,5
2026-01-29,Nakuru District Hospital,Respiratory Infections,9
2026-01-30,Nakuru District Hospital,Respiratory Infections,6
2026-01-31,Nakuru District Hospital,Respiratory Infections,4
2026-02-01,Nakuru District Hospital,Respiratory Infections,4
2026-02-02,Nakuru District Hospital,Respiratory Infections,4
2026-02-03,Nakuru District Hospital,Respiratory Infections,6
2026-02-04,Nakuru District Hospital,Respiratory Infections,3
2026-02-05,Nakuru District Hospital,Respiratory Infections,5
2026-02-06,Nakuru District Hospital,Respiratory Infections,2
2026-02-07,Nakuru District Hospital,Respiratory Infections,1
2026-02-08,Nakuru District Hospital,Respiratory Infections,6
2026-02-09,Nakuru District Hospital,Respiratory Infections,2
2026-02-10,Nakuru District Hospital,Respiratory Infections,10
2026-02-11,Nakuru District Hospital,Respiratory Infections,3
2026-02-12,Nakuru District Hospital,Respiratory Infections,4
2026-02-13,Nakuru District Hospital,Respiratory Infections,2
2026-02-14,Nakuru District Hospital,Respiratory Infections,0
2026-02-15,Nakuru District Hospital,Respiratory Infections,1
2026-02-16,Nakuru District Hospital,Respiratory Infections,5
2026-02-17,Nakuru District Hospital,Respiratory Infections,4
2026-02-18,Nakuru District Hospital,Respiratory Infections,3
2026-02-19,Nakuru District Hospital,Respiratory Infections,4
2026-02-20,Nakuru District Hospital,Respiratory Infections,4
2026-02-21,Nakuru District Hospital,Respiratory Infections,5
2026-02-22,Nakuru District Hospital,Respiratory Infections,3
2026-02-23,Nakuru District Hospital,Respiratory Infections,0
2026-02-24,Nakuru District Hospital,Respiratory Infections,6
2026-02-25,Nakuru District Hospital,Respiratory Infections,1
2026-02-26,Nakuru District Hospital,Respiratory Infections,5
2026-02-27,Nakuru District Hospital,Respiratory Infections,2
2026-02-28,Nakuru District Hospital,Respiratory Infections,4
2026-03-01,Nakuru District Hospital,Respiratory Infections,2
2026-03-02,Nakuru District Hospital,Respiratory Infections,3
2026-03-03,Nakuru District Hospital,Respiratory Infections,2
2026-03-04,Nakuru District Hospital,Respiratory Infections,7
2026-03-05,Nakuru District Hospital,Respiratory Infections,3
2026-03-06,Nakuru District Hospital,Respiratory Infections,3
2026-03-07,Nakuru District Hospital,Respiratory Infections,1
2026-03-08,Nakuru District Hospital,Respiratory Infections,4
2026-03-09,Nakuru District Hospital,Respiratory Infections,4
2026-03-10,Nakuru District Hospital,Respiratory Infections,6
2026-03-11,Nakuru District Hospital,Respiratory Infections,6
2026-03-12,Nakuru District Hospital,Respiratory Infections,2
2026-03-13,Nakuru District Hospital,Respiratory Infections,8
2026-03-14,Nakuru District Hospital,Respiratory Infections,4
2026-03-15,Nakuru District Hospital,Respiratory Infections,3
2026-03-16,Nakuru District Hospital,Respiratory Infections,7
2026-03-17,Nakuru District Hospital,Respiratory Infections,7
2026-03-18,Nakuru District Hospital,Respiratory Infections,6
2026-03-19,Nakuru District Hospital,Respiratory Infections,3
2026-03-20,Nakuru District Hospital,Respiratory Infections,6
2026-03-21,Nakuru District Hospital,Respiratory Infections,7
2026-03-22,Nakuru District Hospital,Respiratory Infections,4
2026-03-23,Nakuru District Hospital,Respiratory Infections,5
2026-03-24,Nakuru District Hospital,Respiratory Infections,5
2026-03-25,Nakuru District Hospital,Respiratory Infections,4
2026-03-26,Nakuru District Hospital,Respiratory Infections,3
2026-03-27,Nakuru District Hospital,Respiratory Infections,7
2026-03-28,Nakuru District Hospital,Respiratory Infections,2
2026-03-29,Nakuru District Hospital,Respiratory Infections,8
2026-03-30,Nakuru District Hospital,Respiratory Infections,6
2026-03-31,Nakuru District Hospital,Respiratory Infections,3
2026-04-01,Nakuru District Hospital,Respiratory Infections,7
2026-04-02,Nakuru District Hospital,Respiratory Infections,10
2026-04-03,Nakuru District Hospital,Respiratory Infections,6
2026-04-04,Nakuru District Hospital,Respiratory Infections,5
2026-04-05,Nakuru District Hospital,Respiratory Infections,3
2026-04-06,Nakuru District Hospital,Respiratory Infections,2
2026-04-07,Nakuru District Hospital,Respiratory Infections,6
2026-04-08,Nakuru District Hospital,Respiratory Infections,4
2026-04-09,Nakuru District Hospital,Respiratory Infections,6
2026-04-10,Nakuru District Hospital,Respiratory Infections,12
2026-04-11,Nakuru District Hospital,Respiratory Infections,10
2026-04-12,Nakuru District Hospital,Respiratory Infections,6
2026-04-13,Nakuru District Hospital,Respiratory Infections,9
2026-04-14,Nakuru District Hospital,Respiratory Infections,9
2026-04-15,Nakuru District Hospital,Respiratory Infections,4
2026-04-16,Nakuru District Hospital,Respiratory Infections,5
2026-04-17,Nakuru District Hospital,Respiratory Infections,8
2026-04-18,Nakuru District Hospital,Respiratory Infections,9
2026-04-19,Nakuru District Hospital,Respiratory Infections,7
2026-04-20,Nakuru District Hospital,Respiratory Infections,9
2026-04-21,Nakuru District Hospital,Respiratory Infections,0
2026-04-22,Nakuru District Hospital,Respiratory Infections,9
2026-04-23,Nakuru District Hospital,Respiratory Infections,5
2026-04-24,Nakuru District Hospital,Respiratory Infections,6
2026-04-25,Nakuru District Hospital,Respiratory Infections,4
2026-04-26,Nakuru District Hospital,Respiratory Infections,5
2026-04-27,Nakuru District Hospital,Respiratory Infections,14
2026-04-28,Nakuru District Hospital,Respiratory Infections,4
2026-04-29,Nakuru District Hospital,Respiratory Infections,6
2026-04-30,Nakuru District Hospital,Respiratory Infections,6
2026-05-01,Nakuru District Hospital,Respiratory Infections,10
2026-05-02,Nakuru District Hospital,Respiratory Infections,3
2026-05-03,Nakuru District Hospital,Respiratory Infections,5
2026-05-04,Nakuru District Hospital,Respiratory Infections,7
2026-05-05,Nakuru District Hospital,Respiratory Infections,8
2026-05-06,Nakuru District Hospital,Respiratory Infections,9
2026-05-07,Nakuru District Hospital,Respiratory Infections,9
2026-05-08,Nakuru District Hospital,Respiratory Infections,9
2026-05-09,Nakuru District Hospital,Respiratory Infections,8
2026-05-10,Nakuru District Hospital,Respiratory Infections,11
2026-05-11,Nakuru District Hospital,Respiratory Infections,4
2026-05-12,Nakuru District Hospital,Respiratory Infections,11
2026-05-13,Nakuru District Hospital,Respiratory Infections,11
2026-05-14,Nakuru District Hospital,Respiratory Infections,10
2026-05-15,Nakuru District Hospital,Respiratory Infections,6
2026-05-16,Nakuru District Hospital,Respiratory Infections,7
2026-05-17,Nakuru District Hospital,Respiratory Infections,9
2026-05-18,Nakuru District Hospital,Respiratory Infections,5
2026-05-19,Nakuru District Hospital,Respiratory Infections,10
2026-05-20,Nakuru District Hospital,Respiratory Infections,7
2026-05-21,Nakuru District Hospital,Respiratory Infections,7
2026-05-22,Nakuru District Hospital,Respiratory Infections,8
2026-05-23,Nakuru District Hospital,Respiratory Infections,5
2026-05-24,Nakuru District Hospital,Respiratory Infections,6
2026-05-25,Nakuru District Hospital,Respiratory Infections,5
2026-05-26,Nakuru District Hospital,Respiratory Infections,4
2026-05-27,Nakuru District Hospital,Respiratory Infections,10
2026-05-28,Nakuru District Hospital,Respiratory Infections,6
2026-05-29,Nakuru District Hospital,Respiratory Infections,3
2026-05-30,Nakuru District Hospital,Respiratory Infections,5
2026-05-31,Nakuru District Hospital,Respiratory Infections,5
2026-06-01,Nakuru District Hospital,Respiratory Infections,5
2026-06-02,Nakuru District Hospital,Respiratory Infections,10
2026-06-03,Nakuru District Hospital,Respiratory Infections,10
2026-06-04,Nakuru District Hospital,Respiratory Infections,8
2026-06-05,Nakuru District Hospital,Respiratory Infections,6
2026-06-06,Nakuru District Hospital,Respiratory Infections,6
2026-06-07,Nakuru District Hospital,Respiratory Infections,8
2026-06-08,Nakuru District Hospital,Respiratory Infections,7
2026-06-09,Nakuru District Hospital,Respiratory Infections,10
2026-06-10,Nakuru District Hospital,Respiratory Infections,5
2026-06-11,Nakuru District Hospital,Respiratory Infections,10
2026-06-12,Nakuru District Hospital,Respiratory Infections,10
2026-06-13,Nakuru District Hospital,Respiratory Infections,9
2026-06-14,Nakuru District Hospital,Respiratory Infections,5
2026-06-15,Nakuru District Hospital,Respiratory Infections,7
2026-06-16,Nakuru District Hospital,Respiratory Infections,12
2026-06-17,Nakuru District Hospital,Respiratory Infections,8
2026-06-18,Nakuru District Hospital,Respiratory Infections,10
2026-06-19,Nakuru District Hospital,Respiratory Infections,9
2026-06-20,Nakuru District Hospital,Respiratory Infections,5
2026-06-21,Nakuru District Hospital,Respiratory Infections,11
2026-06-22,Nakuru District Hospital,Respiratory Infections,13
2026-06-23,Nakuru District Hospital,Respiratory Infections,10
2026-06-24,Nakuru District Hospital,Respiratory Infections,8
2026-06-25,Nakuru District Hospital,Respiratory Infections,16
2026-06-26,Nakuru District Hospital,Respiratory Infections,6
2026-06-27,Nakuru District Hospital,Respiratory Infections,8
2026-06-28,Nakuru District Hospital,Respiratory Infections,8
2026-06-29,Nakuru District Hospital,Respiratory Infections,6
2026-06-30,Nakuru District Hospital,Respiratory Infections,8
2026-07-01,Nakuru District Hospital,Respiratory Infections,8
2026-07-02,Nakuru District Hospital,Respiratory Infections,6
2026-07-03,Nakuru District Hospital,Respiratory Infections,10
2026-07-04,Nakuru District Hospital,Respiratory Infections,7
2026-07-05,Nakuru District Hospital,Respiratory Infections,8
2026-07-06,Nakuru District Hospital,Respiratory Infections,7
2026-07-07,Nakuru District Hospital,Respiratory Infections,6
2026-07-08,Nakuru District Hospital,Respiratory Infections,10
2026-07-09,Nakuru District Hospital,Respiratory Infections,5
2026-07-10,Nakuru District Hospital,Respiratory Infections,10
2026-07-11,Nakuru District Hospital,Respiratory Infections,10
2026-07-12,Nakuru District Hospital,Respiratory Infections,8
2026-07-13,Nakuru District Hospital,Respiratory Infections,5
2026-07-14,Nakuru District Hospital,Respiratory Infections,9
2026-07-15,Nakuru District Hospital,Respiratory Infections,17
2026-07-16,Nakuru District Hospital,Respiratory Infections,24
2026-07-17,Nakuru District Hospital,Respiratory Infections,8
2026-07-18,Nakuru District Hospital,Respiratory Infections,8
2026-07-19,Nakuru District Hospital,Respiratory Infections,9
2026-07-20,Nakuru District Hospital,Respiratory Infections,20
2026-07-21,Nakuru District Hospital,Respiratory Infections,9
2026-07-22,Nakuru District Hospital,Respiratory Infections,9
2026-07-23,Nakuru District Hospital,Respiratory Infections,11
2026-07-24,Nakuru District Hospital,Respiratory Infections,14
2026-07-25,Nakuru District Hospital,Respiratory Infections,9
2026-07-26,Nakuru District Hospital,Respiratory Infections,9
2026-07-27,Nakuru District Hospital,Respiratory Infections,11
2026-07-28,Nakuru District Hospital,Respiratory Infections,6
2026-07-29,Nakuru District Hospital,Respiratory Infections,16
2026-07-30,Nakuru District Hospital,Respiratory Infections,8
2026-07-31,Nakuru District Hospital,Respiratory Infections,6
2026-08-01,Nakuru District Hospital,Respiratory Infections,8
2026-08-02,Nakuru District Hospital,Respiratory Infections,4
2026-08-03,Nakuru District Hospital,Respiratory Infections,10
2026-08-04,Nakuru District Hospital,Respiratory Infections,16
2026-08-05,Nakuru District Hospital,Respiratory Infections,6
2026-08-06,Nakuru District Hospital,Respiratory Infections,8
2026-08-07,Nakuru District Hospital,Respiratory Infections,10
2026-08-08,Nakuru District Hospital,Respiratory Infections,7
2026-08-09,Nakuru District Hospital,Respiratory Infections,5
2026-08-10,Nakuru District Hospital,Respiratory Infections,6
2026-08-11,Nakuru District Hospital,Respiratory Infections,10
2026-08-12,Nakuru District Hospital,Respiratory Infections,12
2026-08-13,Nakuru District Hospital,Respiratory Infections,15
2026-08-14,Nakuru District Hospital,Respiratory Infections,7
2026-08-15,Nakuru District Hospital,Respiratory Infections,9
2026-08-16,Nakuru District Hospital,Respiratory Infections,6
2026-08-17,Nakuru District Hospital,Respiratory Infections,9
2026-08-18,Nakuru District Hospital,Respiratory Infections,4
2026-08-19,Nakuru District Hospital,Respiratory Infections,6
2026-08-20,Nakuru District Hospital,Respiratory Infections,17
2026-08-21,Nakuru District Hospital,Respiratory Infections,4
2026-08-22,Nakuru District Hospital,Respiratory Infections,6
2026-08-23,Nakuru District Hospital,Respiratory Infections,4
2026-08-24,Nakuru District Hospital,Respiratory Infections,6
2026-08-25,Nakuru District Hospital,Respiratory Infections,6
2026-08-26,Nakuru District Hospital,Respiratory Infections,13
2026-08-27,Nakuru District Hospital,Respiratory Infections,12
2026-08-28,Nakuru District Hospital,Respiratory Infections,8
2026-08-29,Nakuru District Hospital,Respiratory Infections,7
2026-08-30,Nakuru District Hospital,Respiratory Infections,5
2026-08-31,Nakuru District Hospital,Respiratory Infections,7
